ID,Type,SKU,"GTIN, UPC, EAN, or ISBN",Name,Published,"Is featured?","Visibility in catalog","Short description",Description,"Date sale price starts","Date sale price ends","Tax status","Tax class","In stock?",Stock,"Low stock amount","Backorders allowed?","Sold individually?","Weight (lbs)","Length (in)","Width (in)","Height (in)","Allow customer reviews?","Purchase note","Sale price","Regular price",Categories,Tags,"Shipping class",Images,"Download limit","Download expiry days",Parent,"Grouped products",Upsells,Cross-sells,"External URL","Button text",Position,Brands,"Attribute 1 name","Attribute 1 value(s)","Attribute 1 visible","Attribute 1 global"
19835,simple,SKU-109748,,"Amaryl (Glimepiride) 4mg Tabs x30",1,0,visible,,"<p>Amaryl 4mg Tablet is a medicine used to treat a certain form of diabetes (type 2 diabetes mellitus) when diet, physical exercise and weight reduction alone have not been able to control your blood sugar levels. Amaryl 4mg Tablet may be used alone or along with other medicines.</p>",,,none,,1,,,0,0,0,,,,1,,,22500,Diabetes,"amaryl\,, brand, diabetes, diabetes\,, healthplus\,, medication\,, only\,, prescription, top",,https://eutawpharmacycare.com/wp-content/uploads/2026/04/zpih6mlue9he3izdsrfz.jpg,,,,,,,,,0,Amaryl,"Amaryl (Glimepiride) 4mg Tabs x30","Amaryl (Glimepiride) 4mg Tabs x30",1,0
19836,simple,SKU-167579,,"Tarivid (Ofloxacin) 200mg Tabs x10",1,0,visible,,"<p>Tarivid (Ofloxacin) is an antibiotic used to treat bacterial infections. It is useful for treating infections such as chest infections, skin and soft tissue infections, and some sexually transmitted infections.</p>",,,none,,1,,,0,0,0,,,,1,,,13450,Infections,"antibiotics\,, brand, healthplus\,, infections\,, only\,, prescription, sanofi\,, top",,https://eutawpharmacycare.com/wp-content/uploads/2026/04/Tarivid-Ofloxacin-200mg-Tabs-10_3469fe51-fe36-4d7d-82a7-6ca54879e1dd.jpg,,,,,,,,,0,Sanofi,"Tarivid (Ofloxacin) 200mg Tabs x10","Tarivid (Ofloxacin) 200mg Tabs x10",1,0
19837,simple,SKU-357047,,"Trojan Magnum Large Condoms x 3",1,0,visible,,"<p>- Silky smooth premium lubricant for comfort and sensitivity<br>\n- Made from premium latex to help reduce the risk<br>\n- New contoured shape for added comfort</p>",,,none,,1,,,0,0,0,,,,1,,,7150,"Sexual Health","condoms\,, contraceptives\,, family, healthplus\,, planning\,, trojan",,https://eutawpharmacycare.com/wp-content/uploads/2026/04/Trojan-Magnum-Condoms-x3_4948911d-d1b7-43d1-88af-e161a574d808.jpg,,,,,,,,,0,Trojan,"Trojan Magnum Large Condoms x 3","Trojan Magnum Large Condoms x 3",1,0
19839,simple,SKU-138010,,"Arthrotec 75mg (Diclofenac/Misoprostol) Tabs x20",1,0,visible,,"<p>Arthrotec 75 is used to reduce pain, swelling, and joint stiffness from arthritis. It contains Diclofenac a known nonsteroidal anti-inflammatory drug (NSAID) and Misoprostol which protects the stomach from diclofenac's irritating effects. This combination medication is used to treat arthritis in people at high risk of getting stomach/intestinal ulcers and complications from the ulcers (such as bleeding).</p>",,,none,,1,,,0,0,0,,,,1,,,8420,Anti-inflammatory,"anti-inflammatory\,, healthplus\,, joint, only, pain\,, pfizer\,, prescription",,https://eutawpharmacycare.com/wp-content/uploads/2026/04/Arthrotec_2075mg_20_28Diclofenac-Misoprostol_29_20Tabs_20x20_0519695d-75cc-4b85-8a37-d11074e391d2.jpg,,,,,,,,,0,Pfizer,"Arthrotec 75mg (Diclofenac/Misoprostol) Tabs x20","Arthrotec 75mg (Diclofenac/Misoprostol) Tabs x20",1,0
19841,simple,SKU-106524,,"Atacand (Candesartan Cilexetil) 16mg x28 Tablets",1,0,visible,,"<p>Atacand 16mg contains the active ingredient Candersartan. It is used to treat high blood pressure (hypertension). Candesartan belongs to a class of drugs called angiotensin receptor blockers (ARBs). It works by relaxing blood vessels so blood can flow more easily. This medication is also used to treat heart failure</p>",,,none,,1,,,0,0,0,,,,1,,,50420,Hypertension,"antihypertensive\,, atacand\,, healthplus\,, hypertension\,, only, prescription",,https://eutawpharmacycare.com/wp-content/uploads/2026/04/eqhw2eftzwg2cbce5lup_27322490-2570-4dbd-82e5-2e4fb811199a.jpg,,,,,,,,,0,AstraZeneca,"Atacand (Candesartan Cilexetil) 16mg x28 Tablets","Atacand (Candesartan Cilexetil) 16mg x28 Tablets",1,0
19843,simple,SKU-106525,,"Atacand (Candesartan Cilexetil) 8mg x28 Tablets",1,0,visible,,"<p>Atacand 8mg contains the active ingredient Candersartan. It is used to treat high blood pressure (hypertension). Candesartan belongs to a class of drugs called angiotensin receptor blockers (ARBs). It works by relaxing blood vessels so blood can flow more easily. This medication is also used to treat heart failure</p>",,,none,,1,,,0,0,0,,,,1,,,21030,Hypertension,"antihypertensive\,, astrazeneca\,, healthplus\,, hypertension\,, only, prescription",,https://eutawpharmacycare.com/wp-content/uploads/2026/04/aejisjsqsrxkdwqhbpoa_5f515cf8-8ddd-4c7e-af3d-ec759602b949.jpg,,,,,,,,,0,AstraZeneca,"Atacand (Candesartan Cilexetil) 8mg x28 Tablets","Atacand (Candesartan Cilexetil) 8mg x28 Tablets",1,0
19845,simple,SKU-106526,,"Atacand Plus 16/12.5mg x28 Tablets",1,0,visible,,"<p>Atacand Plus is indicated for the treatment of hypertension in adults, to lower blood pressure. </p>",,,none,,1,,,0,0,0,,,,1,,,37480,Hypertension,"antihypertensive\,, atacand, healthplus\,, hypertension\,, only, plus\,, prescription",,https://eutawpharmacycare.com/wp-content/uploads/2026/04/Atacand_20Plus_2016-12.5mg_20x28_20Tablets_0fc007db-0031-4491-8d28-0cd84235fb9a.jpg,,,,,,,,,0,AstraZeneca,"Atacand Plus 16/12.5mg x28 Tablets","Atacand Plus 16/12.5mg x28 Tablets",1,0
19847,simple,SKU-143580,,"Augmentin (Amoxicillin/Clavulanic Acid) 1g Tabs x14",1,0,visible,,"<p>Augmentin is an antibiotic used to treat the symptoms of many different infections caused by bacteria such as lower respiratory tract infections, chronic obstructive pulmonary disease, bacterial sinusitis, animal/human bite wounds, and skin infections. Augmentin may be used alone or with other medications.</p>",,,none,,1,,,0,0,0,,,,1,,,14670,Infections,"antibiotics\,, brand, gsk\,, healthplus\,, infections\,, only\,, prescription, top",,https://eutawpharmacycare.com/wp-content/uploads/2026/04/Augmentin_20_28Amoxicillin-Clavulanic_20Acid_29_201G_20Tabs_20x14_40c7721c-32bb-4306-9b9d-dd034dfca104.jpg,,,,,,,,,0,GSK,"Augmentin (Amoxicillin/Clavulanic Acid) 1g Tabs x14","Augmentin (Amoxicillin/Clavulanic Acid) 1g Tabs x14",1,0
19849,simple,SKU-SKU-NG-85284,,"Augmentin (Amoxicillin/Clavulanic Acid) 228mg/5ml Suspension 70ml",1,0,visible,,"<p>Augmentin is an antibiotic used to treat the symptoms of many different infections caused by bacteria such as lower respiratory tract infections, chronic obstructive pulmonary disease, bacterial sinusitis, animal/human bite wounds, and skin infections. Augmentin may be used alone or with other medications.</p>",,,none,,1,,,0,0,0,,,,1,,,10340,Infections,"antibiotics\,, brand, gsk\,, healthplus\,, infections\,, only\,, prescription, top",,https://eutawpharmacycare.com/wp-content/uploads/2026/04/Augmentin_20_28Amoxicillin-Clavulanic_20Acid_29_20228mg-5ml_20Susp_20x70ml_6aded91f-cd31-4cb8-b79f-79d100a6e65c.jpg,,,,,,,,,0,GSK,"Augmentin (Amoxicillin/Clavulanic Acid) 228mg/5ml Suspension 70ml","Augmentin (Amoxicillin/Clavulanic Acid) 228mg/5ml Suspension 70ml",1,0
19851,simple,SKU-SKU-NG-85285,,"Augmentin (Amoxicillin/Clavulanic Acid) 457mg/5ml Suspension 70ml",1,0,visible,,"<p>Augmentin is an antibiotic used to treat the symptoms of many different infections caused by bacteria such as lower respiratory tract infections, chronic obstructive pulmonary disease, bacterial sinusitis, animal/human bite wounds, and skin infections. Augmentin may be used alone or with other medications.</p>",,,none,,1,,,0,0,0,,,,1,,,16610,Infections,"antibiotics\,, brand, gsk\,, healthplus\,, infections\,, only\,, prescription, top",,https://eutawpharmacycare.com/wp-content/uploads/2026/04/Augmentin_20_28Amoxicillin-Clavulanic_20Acid_29_20457mg-5ml_20Susp_20x70ml_d136667e-287a-4588-bca4-8c34b823cb48.jpg,,,,,,,,,0,GSK,"Augmentin (Amoxicillin/Clavulanic Acid) 457mg/5ml Suspension 70ml","Augmentin (Amoxicillin/Clavulanic Acid) 457mg/5ml Suspension 70ml",1,0
19853,simple,SKU-SKU-NG-85286,,"Augmentin (Amoxicillin/Clavulanic Acid) 625mg Tabs x 14",1,0,visible,,"<p>Augmentin is an antibiotic used to treat the symptoms of many different infections caused by bacteria such as lower respiratory tract infections, chronic obstructive pulmonary disease, bacterial sinusitis, and skin infections.</p>",,,none,,1,,,0,0,0,,,,1,,,15760,Infections,"antibiotics\,, brand, gsk\,, healthplus\,, infections\,, only\,, prescription, top",,https://eutawpharmacycare.com/wp-content/uploads/2026/04/Augmentin_20_28Amoxicillin-Clavulanic_20Acid_29_20625mg_20Tabs_20x_2014_884b5666-5c4b-4c19-9db3-7c18d1fd2b2a.jpg,,,,,,,,,0,GSK,"Augmentin (Amoxicillin/Clavulanic Acid) 625mg Tabs x 14","Augmentin (Amoxicillin/Clavulanic Acid) 625mg Tabs x 14",1,0
19855,simple,SKU-110437,,"Avamys 27.5mcg Nasal Spray",1,0,visible,,"<p>Avamys is used to treat seasonal and year-round allergy symptoms such as stuffy/runny nose, itching, and sneezing. It may also reduce other symptoms of seasonal allergies such as red, itchy, and watery eyes. It contains Fluticasone, a synthetic corticosteroid, and is administered by nasal spray to decrease inflammation in the nasal<br>\npassages.</p>",,,none,,1,,,0,0,0,,,,1,,,35000,"Nasal Congestion","avamys\,, brand, congestion\,, healthplus\,, nasal, top",,https://eutawpharmacycare.com/wp-content/uploads/2026/04/Avamys_2027.5mcg_20Nasal_20Spray.jpg,,,,,,,,,0,GSK,"Avamys 27.5mcg Nasal Spray","Avamys 27.5mcg Nasal Spray",1,0
19857,simple,SKU-357013,,"Benylin Children's Chesty Cough Syrup 6+ 125ml",1,0,visible,,"<p>- It is sugar free and comes in a strawberry flavour. <br>\n- Suitable for children from 6 years<br>\nBenylin Children’s Chesty Coughs contains guaifenesin which helps thin and loosen mucus, and provides effective relief without causing drowsiness.</p>",,,none,,1,,,0,0,0,,,,1,,,9030,"Mother & Child","&, benylin\,, child, children's, cold\,, cough, health\,, healthplus\,, mother",,https://eutawpharmacycare.com/wp-content/uploads/2026/04/Benylin_20Children_27s_20Chesty_20Cough_20Syrup_206_2B_20125ml_27_19787c43-645a-49c7-9778-b46009435875.png,,,,,,,,,0,"Johnson &amp; Johnson","Benylin Children's Chesty Cough Syrup 6+ 125ml","Benylin Children's Chesty Cough Syrup 6+ 125ml",1,0
19859,simple,SKU-SKU-NG-85305,,"Benylin Non-Drowsy Chesty Cough Syrup 150ml",1,0,visible,,"<p>- Deep penetrating relief<br>\n- Cough relief<br>\n- Clears bronchial congestion<br>\nBenylin Chesty Coughs Non-Drowsy works deep down to loosen phlegm, clear bronchial congestion, and make your cough more productive. It contains two active ingredients guaifenesin and levomenthol. Guaifenesin helps thin and loosen phlegm in your chest, making it easier to cough up, while levomenthol helps to relieve congestion to make it easier to breathe.</p>",,,none,,1,,,0,0,0,,,,1,,,13310,Cough,"benylin\,, cough\,, healthplus",,https://eutawpharmacycare.com/wp-content/uploads/2026/04/Benylin_20Non-Drowsy_20Chesty_20Cough_20Syrup_20150ml_e166c78e-3d28-4f2c-9137-5e014680517b.jpg,,,,,,,,,0,"Johnson &amp; Johnson","Benylin Non-Drowsy Chesty Cough Syrup 150ml","Benylin Non-Drowsy Chesty Cough Syrup 150ml",1,0
19861,simple,SKU-SKU-NG-85306,,"Benylin Original Chesty Cough Syrup 150ml",1,0,visible,,"<p>- Clears blocked noses<br>\n- Soothes chesty coughs<br>\n- Relieves stuffiness<br>\n- Gets rid of excess nasal mucus<br>\nBenylin Chesty Coughs Original provides deep penetrating relief and a soothing effect that allows you to get on with your day.<br>\nThe active ingredient diphenhydramine hydrochloride is an antihistamine and works by relieving a cough. It also helps dry nasal secretions. Levomenthol works to relieve stuffiness in the nose to help make breathing easier.</p>",,,none,,1,,,0,0,0,,,,1,,,13310,Cough,"benylin\,, cough\,, featured, healthplus, product\,",,https://eutawpharmacycare.com/wp-content/uploads/2026/04/Benylin_20Original_20Chesty_20Cough_20Syrup_20150ml_4eb998d2-a7ce-4647-8470-0d2545d95dac.jpg,,,,,,,,,0,"Johnson &amp; Johnson","Benylin Original Chesty Cough Syrup 150ml","Benylin Original Chesty Cough Syrup 150ml",1,0
19863,simple,SKU-365853,,"Berocca Vitamin B Effervescent Mango Tabs x15",1,0,visible,,"<p>- Supports energy release<br>\n- Supports mental performance<br>\n- Reduces tiredness &amp; fatigue<br>\nBerocca is a specifically tailored vitamin and mineral supplement that can help enhance mental and physical performance when taken daily.<br>\nThis specifically tailored formulation gives you the edge when leading a full and active lifestyle. It contains no artificial stimulants or preservatives. It is recommended for daily use.</p>",,,none,,1,,,0,0,0,,,,1,,,18680,Vitamins,"berocca\,, healthplus\,, multivitamins\,, vitamins",,https://eutawpharmacycare.com/wp-content/uploads/2026/04/Berocca_20Vitamin_20B_20Effervescent_20Mango_20Tabs_20x15_51772b7b-5e30-481b-a3a6-ff164a34b0f8.jpg,,,,,,,,,0,Bayer,"Berocca Vitamin B Effervescent Mango Tabs x15","Berocca Vitamin B Effervescent Mango Tabs x15",1,0
19865,simple,SKU-146830,,"Bonjela Effective Mouth Ulcer Relief Gel For Adult +16years 15g",1,0,visible,,"<p>- Helps soothe sore areas located in the mouth<br>\n- Used for the treatment of mouth ulcers<br>\n- It can also be used to treat cold sores and denture imitation<br>\nBonjela Gel Adults is an almost colorless, clear gel that is applied inside the mouth and gums. Contained within the gel is a pain killer called choline salicylate that soothes sore areas in the mouth and an antiseptic called cetalkonium chloride, which helps prevent infection by killing any bacteria located around the ulcer. Bonjela Gel Adults is the perfect solution for mouth ulcers, cold sores, and sore spots.</p>",,,none,,1,,,0,0,0,,,,1,,,22500,"Oral Care","analgesics\,, bonjela\,, care, healthplus\,, oral",,https://eutawpharmacycare.com/wp-content/uploads/2026/04/Bonjela_20Effective_20Mouth_20Ulcer_20Relief_20Gel_20For_20Adult_2015g.jpg,,,,,,,,,0,"Reckitt Benckiser","Bonjela Effective Mouth Ulcer Relief Gel For Adult +16years 15g","Bonjela Effective Mouth Ulcer Relief Gel For Adult +16years 15g",1,0
19867,simple,SKU-349101,,"Calpol 2+ months (Paracetamol) Infant Suspension Strawberry Flavour 100ml (Sugar Free)",1,0,visible,,"<p>- Fast onset of action, works on fever in just 15mins.<br>\n- Suitable for aches and pains<br>\n- Comes with easy dosing syringe<br>\nCalpol contains Paracetamol and helps to ease fever and pain in many conditions including teething, toothache, post-immunisation fever, earache, other aches. Suitable for children aged 2 months and above. It is gentle on the tummy. Each pack comes with an easy dose syringe.</p>",,,none,,1,,,0,0,0,,,,1,,,17090,"Mother & Child","&, calpol\,, child\,, children's, congestion, fevers\,, headache, health\,, healthplus\,, migraine\,, mother, nasal",,https://eutawpharmacycare.com/wp-content/uploads/2026/04/Calpol_202_20months_20Sugar_20Free_20Infant_20Suspension_20_28Strawberry_29_20100ml.jpg,,,,,,,,,0,"Johnson &amp; Johnson","Calpol 2+ months (Paracetamol) Infant Suspension Strawberry Flavour 100ml (Sugar Free)","Calpol 2+ months (Paracetamol) Infant Suspension Strawberry Flavour 100ml (Sugar Free)",1,0
19869,simple,SKU-349109,,"Calpol Saline Nasal Spray 15ml",1,0,visible,,"<p>- Relief from congestion caused by colds and flu, sinusitis, allergies including hayfever<br>\n- Helps reduce nasal congestion by thinning the mucus and rinsing it away<br>\n- Can aid natural sleep by easing nasal congestion<br>\n- Suitable from birth<br>\nCalpol Saline Nasal Spray helps unblock the nose and can be used to provide relief from congestion.</p>",,,none,,1,,,0,0,0,,,,1,,,8870,"Mother & Child","&, calpol\,, child, children's, cold\,, cough, health\,, healthplus\,, mother",,https://eutawpharmacycare.com/wp-content/uploads/2026/04/Calpol_20Saline_20Nasal_20Spray_2015ml_ebc3144b-4fad-4813-8436-820dec88f532.png,,,,,,,,,0,"Johnson &amp; Johnson","Calpol Saline Nasal Spray 15ml","Calpol Saline Nasal Spray 15ml",1,0
19871,simple,SKU-273347,,"Canesten Thrush External Cream 2% Cream (Clotrimazole) 20g",1,0,visible,,"<p>Canesten Thrush Cream relieves irritation of the vulva (vulvitis) which is caused by vaginal thrush (candidiasis)</p>",,,none,,1,,,0,0,0,,,,1,,,30800,Infections,"antifungal\,, brand, canesten\,, healthplus\,, infections\,, top",,https://eutawpharmacycare.com/wp-content/uploads/2026/04/Canesten_20Thrush_20External_20Cream_20_28Clotrimazole_29_2020g.jpg,,,,,,,,,0,Bayer,"Canesten Thrush External Cream 2% Cream (Clotrimazole) 20g","Canesten Thrush External Cream 2% Cream (Clotrimazole) 20g",1,0
19873,simple,SKU-123317,,"Ciprotab Ciprofloxacin 500mg Tabs x14",1,0,visible,,"<p>Ciprotab 500mg Tablet is an antibiotic used in the treatment of bacterial infections. It is also used in treating infections of the urinary tract, nose, throat, skin and soft tissues and lungs (pneumonia).</p>",,,none,,1,,,0,0,0,,,,1,,,7440,Infections,"antibiotics\,, fidson\,, healthplus\,, infections\,, only, prescription",,https://eutawpharmacycare.com/wp-content/uploads/2026/04/Ciprotab_20Ciprofloxacin_20500mg_20Tabs_20x14_3b4dabf5-fcc9-4c37-b99c-39884f0740e7.jpg,,,,,,,,,0,Fidson,"Ciprotab Ciprofloxacin 500mg Tabs x14","Ciprotab Ciprofloxacin 500mg Tabs x14",1,0
19875,simple,SKU-139677,,"Ciprotab Ciprofloxacin 500mg Tabs x10",1,0,visible,,"<p>Ciprotab 500mg Tablet is a broad-spectrum fluoroquinolone antibiotic used for the treatment of bacterial infections that affect the skin, joints, lungs, or urinary tract. It is effective against a large number of bacteria.</p>",,,none,,1,,,0,0,0,,,,1,,,5170,Infections,"antibiotics\,, fidson\,, healthplus\,, infections\,, only, prescription",,https://eutawpharmacycare.com/wp-content/uploads/2026/04/Ciprotab_20_28Ciprofloxacin_29_20500mg_20x10_e13cca74-27da-436a-9854-217d1ef08cf5.jpg,,,,,,,,,0,Fidson,"Ciprotab Ciprofloxacin 500mg Tabs x10","Ciprotab Ciprofloxacin 500mg Tabs x10",1,0
19877,simple,SKU-349884,,"Clarityn (Loratadine) Allergy Relief 10mg Tabs x30",1,0,visible,,"<p>- All day symptom relief<br>\n- Single daily dose<br>\n- For relief of allergies<br>\nClarityn contains the active ingredient loratadine, an antihistamine used to treat allergies and relieve the symptoms of hay fever (allergy to pollen, dust, or other substances in the air) and other allergies. When your allergy season starts, take a Clarityn a day for powerful, all day symptom relief. Clarityn allergy can get you back to feeling normal and free from allergy symptoms with a single daily dose. It also relieves runny nose, sneezing, itchy watery eyes and itchy nose or throat.</p>",,,none,,1,,,0,0,0,,,,1,,,27500,Allergies,"allergies\,, antihistamines\,, bayer\,, healthplus",,https://eutawpharmacycare.com/wp-content/uploads/2026/04/Clarityn_20_28Loratadine_29_20Allergy_20Relief_2010mg_20Tabs_20x30_ba48512e-778b-4eb8-a360-87564f57fc09.jpg,,,,,,,,,0,Bayer,"Clarityn (Loratadine) Allergy Relief 10mg Tabs x30","Clarityn (Loratadine) Allergy Relief 10mg Tabs x30",1,0
19879,simple,SKU-349958,,"Clearblue Digital Pregnancy Test Kit x 2",1,0,visible,,"<p>- Tells you how many weeks the pregnancy is<br>\n- Over 99% accurate at detecting pregnancy from the day of your expected period<br>\n- So sensitive you can test up to 5 days before your missed period<br>\nClearblue Digital Pregnancy test allows the user to estimate how far along in their pregnancy they are. The test will say whether the woman is one, two, or three+ weeks pregnant, providing a rough guide to when conception took place. It is over 99% accurate.</p>",,,none,,1,,,0,0,0,,,,1,,,53170,"Test & Diagnostics","&, clearblue\,, diagnostics, healthplus\,, otc\,, pregnancy, test, test\,",,https://eutawpharmacycare.com/wp-content/uploads/2026/04/Clearblue_20Digital_20Pregnancy_20Test_20Kit_20x2_c2fd90e3-7ac7-4049-844b-2c045892007b.jpg,,,,,,,,,0,Clearblue,"Clearblue Digital Pregnancy Test Kit x 2","Clearblue Digital Pregnancy Test Kit x 2",1,0
19881,simple,SKU-303553,,"Clearblue Rapid Detection Pregnancy Test Kit",1,0,visible,,"<p>- Clear results<br>\n- Over 99% accuracy at detecting the LH surge<br>\n- Easy to use  Clearblue Rapid Detection <br>\nClearblue Rapid Detection Pregnancy Test Kit has been designed to offer you the easiest pregnancy testing experience, with the accuracy you expect from Clearblue – and a pregnant result as fast as 1 minute when testing from the day of your missed period.</p>",,,none,,1,,,0,0,0,,,,1,,,42530,"Test & Diagnostics","&, clearblue\,, diagnostics, healthplus\,, pregnancy, test, test\,",,https://eutawpharmacycare.com/wp-content/uploads/2026/04/5013147030156___L.jpg,,,,,,,,,0,Clearblue,"Clearblue Rapid Detection Pregnancy Test Kit","Clearblue Rapid Detection Pregnancy Test Kit",1,0
19883,simple,SKU-110474,,"Clomid (Clomiphene) 50mg Tabs x10",1,0,visible,,"<p>Clomid 50 mg Tablets (Clomifene Citrate BP) is indicated for the treatment of ovulatory failure in women desiring pregnancy. Clomid 50 mg Tablets is indicated only for patients in whom ovulatory dysfunction is demonstrated. Clomiphene is used to treat absent or irregular menstrual cycles. Clomiphene may also be used to enhance ovulation in women who are already ovulating.</p>",,,none,,1,,,0,0,0,,,,1,,,18170,Uncategorized,"brand, fertility, healthplus\,, only\,, prescription, sanofi\,, therapy\,, top",,https://eutawpharmacycare.com/wp-content/uploads/2026/04/Clomid_20Clomiphene_2050mg_20Tabs_20x10_abfadecf-fee7-4952-9620-3ad45a4a621e.jpg,,,,,,,,,0,Sanofi,"Clomid (Clomiphene) 50mg Tabs x10","Clomid (Clomiphene) 50mg Tabs x10",1,0
19885,simple,SKU-110480,,"Coartem (Artemether/Lumefantrine) 80mg/480mg Tabs x6",1,0,visible,,"<p>Coartem contains a combination of artemether and lumefantrine. It is used to treat the symptoms of malaria.</p>",,,none,,1,,,0,0,0,,,,1,,,10960,Malaria,"healthplus\,, malaria, malaria\,, novartis, treatment\,",,https://eutawpharmacycare.com/wp-content/uploads/2026/04/Coartem_20_28Artemether-Lumefantrine_29_2080mg-480mg_20Tabs_20x6_0d00890b-9809-46d0-8281-299a9b032095.jpg,,,,,,,,,0,Novartis,"Coartem (Artemether/Lumefantrine) 80mg/480mg Tabs x6","Coartem (Artemether/Lumefantrine) 80mg/480mg Tabs x6",1,0
19887,simple,SKU-106576,,"Co-Diovan (Valsartan/Hydrochlorothiazide) 160mg/12.5mg Tablets x 28",1,0,visible,,"<p>Co-Diovan fixed-dose combination is used to treat high blood pressure in patients whose blood pressure is not adequately controlled on valsartan or hydrochlorothiazide monotherapy.</p>",,,none,,1,,,0,0,0,,,,1,,,41670,Hypertension,"antihypertensive\,, brand, healthplus\,, hypertension\,, novartis\,, only\,, prescription, top",,https://eutawpharmacycare.com/wp-content/uploads/2026/04/Co-Diovan_20Valsartan-Hydrochlorothiazide_20160mg-12.5mg_20Tablets_20x_2028.jpg,,,,,,,,,0,Novartis,"Co-Diovan (Valsartan/Hydrochlorothiazide) 160mg/12.5mg Tablets x 28","Co-Diovan (Valsartan/Hydrochlorothiazide) 160mg/12.5mg Tablets x 28",1,0
19889,simple,SKU-106580,,"Co-Diovan (Valsartan/Hydrochlorothiazide) 80mg/12.5mg Tabs x28",1,0,visible,,"<p>Co-Diovan is an antihypertensive medication. Its fixed-dose combination is indicated in patients whose blood pressure is not adequately controlled on valsartan or hydrochlorothiazide monotherapy.</p>",,,none,,1,,,0,0,0,,,,1,,,36670,Hypertension,"antihypertensive\,, brand, healthplus\,, hypertension\,, novartis\,, only\,, prescription, top",,https://eutawpharmacycare.com/wp-content/uploads/2026/04/Co-Diovan_20_28Valsartan-Hydrochlorothiazide_29_2080mg-12.5mg_20Tabs_20x28_82b1dfc0-758c-435e-87f8-ebfaf10aa26b.jpg,,,,,,,,,0,Novartis,"Co-Diovan (Valsartan/Hydrochlorothiazide) 80mg/12.5mg Tabs x28","Co-Diovan (Valsartan/Hydrochlorothiazide) 80mg/12.5mg Tabs x28",1,0
19891,simple,SKU-106577,,"Co-Diovan (Valsartan/Hydrochlorothiazide) 160mg/25mg Tablets x28",1,0,visible,,"<p>Co-Diovan is an antihypertensive medication. Its fixed-dose combination is indicated in patients whose blood pressure is not adequately controlled on valsartan or hydrochlorothiazide monotherapy.</p>",,,none,,1,,,0,0,0,,,,1,,,36000,Hypertension,"antihypertensive\,, healthplus\,, hypertension\,, novartis\,, only, prescription",,https://eutawpharmacycare.com/wp-content/uploads/2026/04/vvs5pee7gveliofrfgu8.jpg,,,,,,,,,0,Novartis,"Co-Diovan (Valsartan/Hydrochlorothiazide) 160mg/25mg Tablets x28","Co-Diovan (Valsartan/Hydrochlorothiazide) 160mg/25mg Tablets x28",1,0
19893,simple,SKU-SKU-NG-85411,,"Covonia Chesty Cough Mixture (Sugar Free) 150ml",1,0,visible,,"<p>- Non Drowsy<br>\n- Effective relief of troublesome chesty coughs<br>\n- Contains menthol which helps to cool the throat and relieves soreness and congestion<br>\nCovonia Chesty Cough Mixture is a cough syrup mixture that is designed to treat a chesty cough. It provides relief of the symptoms of productive (chesty) coughs and sore throats.</p>",,,none,,1,,,0,0,0,,,,1,,,11940,Cough,"cough\,, covonia\,, healthplus",,https://eutawpharmacycare.com/wp-content/uploads/2026/04/Covonia_20Chesty_20Cough_20Mixture_20-_20Sugar_20Free_20150ml_8d9f7973-85d2-4b15-a799-6fe7767fd6b2.jpg,,,,,,,,,0,"Thornton &amp; Ross","Covonia Chesty Cough Mixture (Sugar Free) 150ml","Covonia Chesty Cough Mixture (Sugar Free) 150ml",1,0
19895,simple,SKU-109746,,"Crestor (Rosuvastatin Calcium) 10mg Tablets x 28",1,0,visible,,"<p>Crestor (Rosuvastatin) is used to improve cholesterol levels in people with different types of cholesterol problems. It’s also used to decrease your risk for heart attack and stroke. It’s used together with diet, weight loss, and exercise.</p>",,,none,,1,,,0,0,0,,,,1,,,16670,"High Cholesterol","astrazeneca\,, brand, cholesterol\,, healthplus\,, high, only\,, prescription, top",,https://eutawpharmacycare.com/wp-content/uploads/2026/04/Crestor_20_28Rosuvastatin_20Calcium_29_2010mg_20Tablets_20x_2028_bf1f7636-858b-4043-92ce-8baa261e0701.jpg,,,,,,,,,0,AstraZeneca,"Crestor (Rosuvastatin Calcium) 10mg Tablets x 28","Crestor (Rosuvastatin Calcium) 10mg Tablets x 28",1,0
19897,simple,SKU-109736,,"Crestor (Rosuvastatin Calcium) 20mg Tabs x28",1,0,visible,,"<p>Crestor is used to correct the levels of fatty substances in the blood called lipids, the most common of which is cholesterol.</p>",,,none,,1,,,0,0,0,,,,1,,,40250,"High Cholesterol","astrazeneca\,, brand, cholesterol\,, healthplus\,, high, only\,, prescription, top",,https://eutawpharmacycare.com/wp-content/uploads/2026/04/qfdcf8jg55bbw7dxuzvu_f2788ab4-b627-4216-8baf-8403d1a30ba7.jpg,,,,,,,,,0,AstraZeneca,"Crestor (Rosuvastatin Calcium) 20mg Tabs x28","Crestor (Rosuvastatin Calcium) 20mg Tabs x28",1,0
19899,simple,SKU-109738,,"Crestor (Rosuvastatin Calcium) 5mg Tabs x28",1,0,visible,,"<p>Crestor (Rosuvastatin) is used to improve cholesterol levels in people with different types of cholesterol problems. It’s also used to decrease your risk for heart attack and stroke. It’s used together with diet, weight loss, and exercise.</p>",,,none,,1,,,0,0,0,,,,1,,,31590,"High Cholesterol","astrazeneca\,, cholesterol\,, healthplus\,, high, only, prescription",,https://eutawpharmacycare.com/wp-content/uploads/2026/04/Crestor_20_28Rosuvastatin_20Calcium_29_205mg_20Tabs_20x28_8c9fe509-2151-46bb-97f0-06039851ccf9.jpg,,,,,,,,,0,AstraZeneca,"Crestor (Rosuvastatin Calcium) 5mg Tabs x28","Crestor (Rosuvastatin Calcium) 5mg Tabs x28",1,0
19901,simple,SKU-173085,,"Dalacin-C (Clindamycin) 300mg Caps x16",1,0,visible,,"<p>Dalacin C 300mg Capsule is an antibiotic medicine that fights bacteria and is used to treat a variety of bacterial infections. It is effective in infections of the lungs (eg. pneumonia), throat, stomach, skin and soft tissues, bones and joints, and teeth.</p>",,,none,,1,,,0,0,0,,,,1,,,17220,Infections,"antibiotics\,, healthplus\,, infections\,, only, pfizer\,, prescription",,https://eutawpharmacycare.com/wp-content/uploads/2026/04/Dalacin-C_20_28Clindamycin_29_20300mg_20Caps_20x16_c83524ed-e535-4595-ba04-7883ea77e711.jpg,,,,,,,,,0,Pfizer,"Dalacin-C (Clindamycin) 300mg Caps x16","Dalacin-C (Clindamycin) 300mg Caps x16",1,0
19903,simple,SKU-SKU-NG-91487,,"Daonil (Glibenclamide) 5mg Tabs Blister x10",1,0,visible,,"<p>Daonil in conjunction with diet control and exercise is used to control blood glucose levels in patients with type 2 diabetes mellitus.</p>",,,none,,1,,,0,0,0,,,,1,,,19850,Diabetes,"diabetes, diabetes\,, healthplus\,, medication\,, only\,, prescription, sanofi",,https://eutawpharmacycare.com/wp-content/uploads/2026/04/bxiaiblmya3rxgzkrrz3_a3bf81c4-5407-4247-a8f2-c6dadbb3e812.jpg,,,,,,,,,0,Sanofi,"Daonil (Glibenclamide) 5mg Tabs Blister x10","Daonil (Glibenclamide) 5mg Tabs Blister x10",1,0
19905,simple,SKU-147451,,"Deep Heat Spray 150ml",1,0,visible,,"<p>- It is highly useful for general body massage and pain relief in several parts of the body<br>\n- It help to reduce pain and inflammation<br>\n- Used to treat minor sports injuries.<br>\nDeep Heat Spray is a pain relieving, warming, spray to be used on the skin. It is recommended for the relief of pain in muscles, tendons, joints or bones, lower back and thigh pain, sprains or strains. It can be used before and after exercise.</p>",,,none,,1,,,0,0,0,,,,1,,,10840,"Pain Management - Others","'-, brand, deep, healthplus\,, heat\,, joint, management, others\,, pain, pain\,, top",,https://eutawpharmacycare.com/wp-content/uploads/2026/04/Deep_20Heat_20Spray_20150ml_20Bottle_b49aa0f1-9ba8-4ad6-a7b6-7bc80972e1d9.jpg,,,,,,,,,0,Mentholatum,"Deep Heat Spray 150ml","Deep Heat Spray 150ml",1,0
19907,simple,SKU-270117,,"DGF Neo-Presol Lotion 25ml",1,0,visible,,"<p>- Used for the treatment of dermatitis and acne<br>\n- Used as an after shave lotion<br>\nDGF Neo-Presol Acne/After Shave Lotion is a triple action lotion that is effective in the control and treatment of acne vulgaris, acne rosacea and dermatitis. It is also known to be effective in the control of skin irritation and eruptions that often occur after shaving.</p>",,,none,,1,,,0,0,0,,,,1,,,4750,"Other Allergies","acne, allergies\,, brand, healthcare, healthplus\,, neo-presol\,, other, seller\,, top, treatment\,",,https://eutawpharmacycare.com/wp-content/uploads/2026/04/DGF_20Neo-Presol_20Lotion_2025ml_49ac2926-0df2-4ca4-b262-2175560f6cfc.jpg,,,,,,,,,0,DGF,"DGF Neo-Presol Lotion 25ml","DGF Neo-Presol Lotion 25ml",1,0
19909,simple,SKU-142937,,"Diflucan 50mg x3",1,0,visible,,"<p>Diflucan is used to treat vaginal yeast infections. It works by stopping the growth of common types of vaginal yeast (fungus). </p>",,,none,,1,,,0,0,0,,,,1,,,7780,Infections,"antifungal\,, brand, healthplus\,, infections\,, only\,, pfizer\,, prescription, top",,https://eutawpharmacycare.com/wp-content/uploads/2026/04/Diflucan_2050mg_20x3_88b58023-5099-4fec-86b1-1dd23d6cddcb.jpg,,,,,,,,,0,Pfizer,"Diflucan 50mg x3","Diflucan 50mg x3",1,0
19911,simple,SKU-106591,,"Diovan (Valsartan) 80mg Tabs x28",1,0,visible,,"<p>Diovan is a prescription medicine called an angiotensin receptor blocker (ARB). It is used in adults to lower high blood pressure (hypertension) and treat heart failure in adults.</p>",,,none,,1,,,0,0,0,,,,1,,,33000,Hypertension,"antihypertensive\,, brand, diovan\,, healthplus\,, hypertension\,, only\,, prescription, top",,https://eutawpharmacycare.com/wp-content/uploads/2026/04/ngjzcxhhjolbiu4eyblp.jpg,,,,,,,,,0,Novartis,"Diovan (Valsartan) 80mg Tabs x28","Diovan (Valsartan) 80mg Tabs x28",1,0
19913,simple,SKU-106590,,"Diovan (Valsartan) 160mg Tabs x28",1,0,visible,,"<p>Diovan is a prescription medicine called an angiotensin receptor blocker (ARB). It is used in adults to lower high blood pressure (hypertension) and treat heart failure in adults.</p>",,,none,,1,,,0,0,0,,,,1,,,41670,Hypertension,"antihypertensive\,, brand, diovan\,, healthplus\,, hypertension\,, only\,, prescription, top",,https://eutawpharmacycare.com/wp-content/uploads/2026/04/gnr4d7i4tkr0gthxbtml_ed17c937-09c0-4280-993e-f31b3da9f50a.jpg,,,,,,,,,0,Novartis,"Diovan (Valsartan) 160mg Tabs x28","Diovan (Valsartan) 160mg Tabs x28",1,0
19915,simple,SKU-110249,,"Duodart (Dutasteride/Tamsulosin) 0.5mg/0.4mg Caps x30",1,0,visible,,"<p>Duodart is used in men to treat the symptoms of an enlarged prostate (benign prostatic hyperplasia-BPH). It helps to relieve symptoms of BPH such as difficulty in beginning the flow of urine, weak stream, and the need to urinate frequently or urgently.</p>",,,none,,1,,,0,0,0,,,,1,,,26010,"Prostate Health","bph\,, brand, gsk\,, health\,, healthplus\,, only\,, prescription, prostate, therapy\,, top",,https://eutawpharmacycare.com/wp-content/uploads/2026/04/Duodart_20_28Dutasteride-Tamsulosin_29_200.5mg-0.4mg_20Caps_20x30_b38c0319-558d-4af9-b6ef-2e5ab53d8331.jpg,,,,,,,,,0,GSK,"Duodart (Dutasteride/Tamsulosin) 0.5mg/0.4mg Caps x30","Duodart (Dutasteride/Tamsulosin) 0.5mg/0.4mg Caps x30",1,0
19917,simple,SKU-344319,,"Durex Fetherlite Elite Condoms x 3",1,0,visible,,"<p>- Ultra fine condoms for enhanced sensitivity<br>\n- Thinnest condoms in the Durex latex range<br>\n- Has an odour masker<br>\n- Shaped to be easier to put on and to provide a better fit and feel during lovemaking<br>\nDurex Fetherlite provides high level of reassurance and protection during sex. They’re shaped to be easier to put on and provide a better, sleeker fit and feel during sex. The special way Durex Fetherlite are made means they smell better so there are no unpleasant distractions, you can just relax and enjoy.</p>",,,none,,1,,,0,0,0,,,,1,,,8780,"Sexual Health","condoms\,, contraceptives\,, durex\,, family, healthplus, planning\,",,https://eutawpharmacycare.com/wp-content/uploads/2026/04/Durex_20Fetherlite_20Elite_20Condoms_20x_203_1c7d231b-c87d-4ecd-a357-7addb9e577a3.jpg,,,,,,,,,0,"Reckitt Benckiser","Durex Fetherlite Elite Condoms x 3","Durex Fetherlite Elite Condoms x 3",1,0
19919,simple,SKU-SKU-NG-85460,,"Durex Fetherlite Ultra Fine Condoms x 3",1,0,visible,,"<p>- Ultra fine condoms for enhanced sensitivity<br>\n- Thinnest condoms in the Durex latex range<br>\n- Has an odour masker<br>\n- Shaped to be easier to put on and to provide a better fit and feel during lovemaking<br>\nDurex Fetherlite provides high level of reassurance and protection during sex. They’re shaped to be easier to put on and provide a better, sleeker fit and feel during sex. The special way Durex Fetherlite are made means they smell better so there are no unpleasant distractions, you can just relax and enjoy.</p>",,,none,,1,,,0,0,0,,,,1,,,6340,"Sexual Health","condoms\,, contraceptives\,, durex\,, family, healthplus, planning\,",,https://eutawpharmacycare.com/wp-content/uploads/2026/04/nkiccyx8hfng07ptxasw_6d916aa5-b379-4a92-8162-9a2ba30fa486.jpg,,,,,,,,,0,"Reckitt Benckiser","Durex Fetherlite Ultra Fine Condoms x 3","Durex Fetherlite Ultra Fine Condoms x 3",1,0
19921,simple,SKU-110586,,"Emzor Paracetamol 500mg Tabs Blister x12",1,0,visible,,"<p>-  Relieves mild to moderate pain<br>\n- Reduces fever<br>\nEmzor Paracetamol Tablet is used to relieve mild to moderate pain from a headache, toothache, cold, flu, joint pain, or period pain. This medicine works by reducing the activity of certain chemicals in the body to provide pain-relieving effects. Emzor Paracetamol is also used to reduce fever.</p>",,,none,,1,,,0,0,0,,,,1,,,2260,"Fevers, Headache & Migraine","&, body, emzor\,, fevers\,, headache, healthplus, migraine\,, pain\,",,https://eutawpharmacycare.com/wp-content/uploads/2026/04/Emzor_20Paracetamol_20500mg_20Tabs_20Blister_20x12_90245630-7fdf-4594-9966-902aa6ed26f8.jpg,,,,,,,,,0,Emzor,"Emzor Paracetamol 500mg Tabs Blister x12","Emzor Paracetamol 500mg Tabs Blister x12",1,0
19923,simple,SKU-344848,,"Ensure Original Chocolate Shake  237ml",1,0,visible,,"<p>- Rich in antioxidants (Vitamins C, E &amp; Selenium) which help support the immune system<br>\n- Contains 26 essential vitamins and minerals<br>\n- Gluten-free and suitable for lactose intolerance<br>\nEnsure Original can benefit patients who are malnourished, at risk of malnutrition, or experiencing involuntary weight loss. Each bottle of Ensure Original has 220 calories and 9 grams of protein to help you get strong on the inside.</p>",,,none,,1,,,0,0,0,,,,1,,,5940,"Diet & Nutrition","&, brand\,, diet, ensure\,, gain, healthplus\,, nutrition\,, top, weight",,https://eutawpharmacycare.com/wp-content/uploads/2026/04/Ensure-Original-Chocolate-Shake-237ml_1437edf3-dec5-43f6-b0d1-dee933c2644a.jpg,,,,,,,,,0,Abbott,"Ensure Original Chocolate Shake  237ml","Ensure Original Chocolate Shake 237ml",1,0
19925,simple,SKU-344850,,"Ensure Original Vanilla Shake 237ml",1,0,visible,,"<p>- Rich in antioxidants (Vitamins C, E &amp; Selenium) which help support the immune system<br>\n- Contains 26 essential vitamins and minerals<br>\n- Gluten-free and suitable for lactose intolerance<br>\nEnsure Original can benefit patients who are malnourished, at risk of malnutrition, or experiencing involuntary weight loss. Each bottle of Ensure Original has 220 calories and 9 grams of protein to help you get strong on the inside.</p>",,,none,,1,,,0,0,0,,,,1,,,5890,"Diet & Nutrition","&, brand\,, diet, ensure\,, gain, healthplus\,, nutrition\,, top, weight",,https://eutawpharmacycare.com/wp-content/uploads/2026/04/Ensure_20Original_20Vanilla_20Shake_20237ml.jpg,,,,,,,,,0,Abbott,"Ensure Original Vanilla Shake 237ml","Ensure Original Vanilla Shake 237ml",1,0
19927,simple,SKU-109834,,"Esidrex Hydrochlorothiazide 25mg Tabs x20",1,0,visible,,"<p>Esidrex Hydrochlorothiazide is a trusted diuretic medication designed to help manage high blood pressure and reduce fluid retention. Each tablet contains 25mg of Hydrochlorothiazide, effectively promoting urine production to eliminate excess fluid from the body. This not only aids in lowering blood pressure but also supports overall heart health. With a convenient 20-tablet pack, Esidrex is an ideal choice for those seeking a reliable solution for hypertension and edema. Experience improved well-being with Esidrex Hydrochlorothiazide, your partner in maintaining a healthy lifestyle.</p>",,,none,,1,,,0,0,0,,,,1,,,3910,Antihypertensive,"esidrex\,, healthplus\,, only, others\,, prescription",,https://eutawpharmacycare.com/wp-content/uploads/2026/04/Esidrex_20Hydrochlorothiazide_2025mg_20Tabs_20x20_7af7d2d1-9e61-4226-a054-da34c305f2e2.jpg,,,,,,,,,0,"HealthPlus Pharmacy","Esidrex Hydrochlorothiazide 25mg Tabs x20","Esidrex Hydrochlorothiazide 25mg Tabs x20",1,0
19929,simple,SKU-106595,,"Exforge 10mg/160mg x28 Tablets",1,0,visible,,"<p>Exforge is a fixed combination of amlodipine and valsartan. It is indicated for the treatment of hypertension, to lower blood pressure.</p>",,,none,,1,,,0,0,0,,,,1,,,55000,Hypertension,"antihypertensive\,, brand, healthplus\,, hypertension\,, novartis\,, only\,, prescription, top",,https://eutawpharmacycare.com/wp-content/uploads/2026/04/jymojpr264ll0yqktdkr_6a75f7f5-f236-4530-af8e-aef8bb240d44.jpg,,,,,,,,,0,Novartis,"Exforge 10mg/160mg x28 Tablets","Exforge 10mg/160mg x28 Tablets",1,0
19931,simple,SKU-106601,,"Exforge 5mg/160mg x28 Tablets",1,0,visible,,"<p>Exforge is used to treat high blood pressure in adults whose blood pressure is not adequately controlled on amlodipine or valsartan monotherapy.</p>",,,none,,1,,,0,0,0,,,,1,,,38500,Hypertension,"antihypertensive\,, brand, healthplus\,, hypertension\,, novartis\,, only\,, prescription, top",,https://eutawpharmacycare.com/wp-content/uploads/2026/04/Exforge_205mg-160mg_20x28_20Tablets.jpg,,,,,,,,,0,Novartis,"Exforge 5mg/160mg x28 Tablets","Exforge 5mg/160mg x28 Tablets",1,0
19933,simple,SKU-106598,,"Exforge HCT 10mg/160mg/25mg x28 Tablets",1,0,visible,,"<p>Exforge HCT is a prescription medicine used to treat the symptoms of High Blood Pressure (Hypertension). Exforge may be used alone or with other medications.</p>",,,none,,1,,,0,0,0,,,,1,,,56460,Hypertension,"antihypertensive\,, brand, healthplus\,, hypertension\,, novartis\,, only\,, prescription, top",,https://eutawpharmacycare.com/wp-content/uploads/2026/04/pd9zs5vpejdxcwibhrle.jpg,,,,,,,,,0,Novartis,"Exforge HCT 10mg/160mg/25mg x28 Tablets","Exforge HCT 10mg/160mg/25mg x28 Tablets",1,0
19935,simple,SKU-106602,,"Exforge HCT 5mg/160mg/12.5mg x 28",1,0,visible,,"<p>Exforge HCT (amlodipine, valsartan, hydrochlorothiazide) is indicated for the treatment of hypertension, to lower blood pressure.</p>",,,none,,1,,,0,0,0,,,,1,,,51870,Hypertension,"antihypertensive\,, brand, healthcare, healthplus\,, hypertension\,, novartis\,, only\,, prescription, seller\,, top",,https://eutawpharmacycare.com/wp-content/uploads/2026/04/icb6j3najldeufcxzisk.jpg,,,,,,,,,0,Novartis,"Exforge HCT 5mg/160mg/12.5mg x 28","Exforge HCT 5mg/160mg/12.5mg x 28",1,0
19937,simple,SKU-177233,,"Feroglobin Liquid Iron Syrup 200ml",1,0,visible,,"<p>- Contains iron and folate which contributes to the reduction of tiredness and fatigue<br>\n-Ideal for the whole family<br>\n- Natural source iron<br>\nFeroglobin is a unique liquid iron supplement, providing a special source of iron in the form of citrate complex for improved absorption. It provides an ideal source of iron and other nutrients for the production of red blood cells, to help maintain energy levels, health and vitality.</p>",,,none,,1,,,0,0,0,,,,1,,,15590,Supplements,"family, feroglobin\,, health\,, healthplus\,, hematinics\,, men's, supplements",,https://eutawpharmacycare.com/wp-content/uploads/2026/04/Feroglobin_20_28Vitabiotics_29_20Syrup_20200Ml_0e5b9784-1209-4736-96f8-1f67ba6d0088.png,,,,,,,,,0,Vitabiotics,"Feroglobin Liquid Iron Syrup 200ml","Feroglobin Liquid Iron Syrup 200ml",1,0
19939,simple,SKU-110523,,"Funbact-A Triple Action Cream 30g",1,0,visible,,"<p>- It reduces inflammation.<br>\n- Used in treating fungal infections.<br>\n- Highly effective in the treatment of primary and secondary bacterial infections of the skin<br>\nFunbact A provides a comprehensive treatment for various inflammatory dermatological disorders with bacterial or superficial fungal infections of the skin. It also controls the symptoms such as itching, redness and scaling.</p>",,,none,,1,,,0,0,0,,,,1,,,1230,Infections,"a\,, antifungal\,, brand, funbact, healthcare, healthplus\,, infections\,, seller\,, top",,https://eutawpharmacycare.com/wp-content/uploads/2026/04/Funbact-A_20Triple_20Action_20Cream_2030g_761bf41d-ee53-421a-9449-8a3331562da2.jpg,,,,,,,,,0,"Bliss GVS","Funbact-A Triple Action Cream 30g","Funbact-A Triple Action Cream 30g",1,0
19941,simple,SKU-106606,,"Galvus (Vildagliptin) 50mg Tablets x 28",1,0,visible,,"<p>Galvus is a medicine that contains vildagliptin. It  is used in the treatment of type-2 diabetes mellitus in adults</p>",,,none,,1,,,0,0,0,,,,1,,,28550,Diabetes,"diabetes, diabetes\,, healthplus\,, medication\,, novartis\,, only, prescription",,https://eutawpharmacycare.com/wp-content/uploads/2026/04/Galvus_20_28Vildagliptin_29_2050mg_20Tablets_20x_2028.jpg,,,,,,,,,0,Novartis,"Galvus (Vildagliptin) 50mg Tablets x 28","Galvus (Vildagliptin) 50mg Tablets x 28",1,0
19943,simple,SKU-106607,,"GalvusMet (Vildagliptin/Metformin) 50mg/1000mg Tabs x60",1,0,visible,,"<p>Galvus Met is an oral diabetic medication. It is indicated as an adjunct to diet and exercise in patients whose blood glucose is not adequately controlled on metformin hydrochloride or vildagliptin alone, or in patients already being treated with a free combination of metformin hydrochloride and vildagliptin.</p>",,,none,,1,,,0,0,0,,,,1,,,65010,Diabetes,"brand, diabetes, diabetes\,, healthplus\,, medication\,, novartis\,, only\,, prescription, top",,https://eutawpharmacycare.com/wp-content/uploads/2026/04/GalvusMet_20Vildagliptin-Metformin_2050mg-1000mg_20Tabs_20x60_d98c4a65-f613-401e-af39-bafc3c9c7fa4.jpg,,,,,,,,,0,Novartis,"GalvusMet (Vildagliptin/Metformin) 50mg/1000mg Tabs x60","GalvusMet (Vildagliptin/Metformin) 50mg/1000mg Tabs x60",1,0
19945,simple,SKU-317434,,"Glucophage XR 1000mg Tabs x30",1,0,visible,,"<p>Glucophage conatins Metformin. It is an oral diabetic medication that helps control blood sugar levels. It is used in patients with type 2 diabetes.</p>",,,none,,1,,,0,0,0,,,,1,,,18910,Diabetes,"diabetes, diabetes\,, healthplus\,, medication\,, merck\,, only, prescription",,https://eutawpharmacycare.com/wp-content/uploads/2026/04/Glucophage_20XR_201000mg_20Tabs_20x30_70e3f05f-40f2-453b-aca5-c6bdc4d9d9bc.jpg,,,,,,,,,0,Merck,"Glucophage XR 1000mg Tabs x30","Glucophage XR 1000mg Tabs x30",1,0
19947,simple,SKU-346299,,"GOL Vitamin Code 50 & Wiser Men x120",1,0,visible,,"<p>- Prostate Health: Vitamin E, Lycopene, Selenium, Zinc<br>\n- Heart Health: Vitamin B Complex, Vitamins C and E<br>\n- Mental and Physical Energy: Vitamin B Complex, Chromium<br>\n- Optimal Digestion: Live Probiotics and Enzymes, Vitamin D<br>\n- Memory &amp; Concentration: Vitamin B Complex, Vitamins C, D and E<br>\n- Vision Health: Vitamins A, C, E, Zinc<br>\nVitamin Code 50 and Wiser Men's Formula Provides raw food created nutrients to support the areas of prostate health.It provides vitamin E, lycopene, selenium, zinc, vitamin B complex, chromium, and vitamin B complex.</p>",,,none,,1,,,0,0,0,,,,1,,,109090,Vitamins,"brand\,, code\,, healthplus\,, multivitamins\,, top, vitamin, vitamins",,https://eutawpharmacycare.com/wp-content/uploads/2026/04/GOL_20Vitamin_20Code_2050_20-_20Wiser_20Men_20x120_882d22a4-d3b3-4494-b8e4-2040608e0b43.jpg,,,,,,,,,0,"Garden of Life","GOL Vitamin Code 50 & Wiser Men x120","GOL Vitamin Code 50 & Wiser Men x120",1,0
19949,simple,SKU-SKU-NG-91349,,"GOL Dr. Formulated Probiotics Once Daily Women’s 50 Billion CFU x30 Capsules",1,0,visible,,"<p>- Promotes digestive health and constipation relief<br>\n- Supports vaginal health<br>\n- Supports immune system health<br>\nGOL Once Daily Women’s Probiotics contains Lactobaccilus acidophilus and Bifidobacteria for digestive health and constipation relief. It is specially formulated for women's specific health needs and vaginal health.</p>",,,none,,1,,,0,0,0,,,,1,,,105920,"Digestive Care","care\,, digestive, garden, healthplus\,, life\,, of, probiotics",,https://eutawpharmacycare.com/wp-content/uploads/2026/04/GOL_20Probiotics_20Once_20Daily_20Women_E2_80_99s_20x30_20Capsules_40a8de2a-6292-46b3-b77a-3ad2a33f7ba2.png,,,,,,,,,0,"Garden of Life","GOL Dr. Formulated Probiotics Once Daily Women’s 50 Billion CFU x30 Capsules","GOL Dr. Formulated Probiotics Once Daily Women’s 50 Billion CFU x30 Capsules",1,0
19951,simple,SKU-346383,,"GOL Vitamin Code Men x120",1,0,visible,,"<p>- Healthy stress response<br>\n- Mental &amp; physical energy<br>\n- Prostate &amp; heart health<br>\n- Contains probiotics and enzymes plus antioxidants for extraordinary health and vitality<br>\nVitamin Code Men is a comprehensive whole food multi-nutrient formula, specifically formulated to meet the unique needs of active men, providing the nourishment the body craves to maintain optimal health and well-being. Over 20 fruits and vegetables add supporting antioxidants, vitamins and nutrient cofactors.</p>",,,none,,1,,,0,0,0,,,,1,,,104270,Vitamins,"brand\,, code\,, featured, healthplus\,, multivitamins\,, product\,, top, vitamin, vitamins",,https://eutawpharmacycare.com/wp-content/uploads/2026/04/GOL_20Vitamin_20Code_20Men_20x120_756a00ae-f8f6-49ca-833d-7c43145f8191.jpg,,,,,,,,,0,"Garden of Life","GOL Vitamin Code Men x120","GOL Vitamin Code Men x120",1,0
19953,simple,SKU-346379,,"GOL Vitamin Code Women x 120",1,0,visible,,"<p>- Breast health<br>\n- Heart health<br>\n- Reproductive system health<br>\n- Live probiotics and enzymes support healthy digestion<br>\nVitamin Code Women is a comprehensive whole food multi-nutrient formula, specifically designed to meet the unique needs of active women during their reproductive years, providing the nourishment the body craves to maintain optimal health and well-being. Over 20 fruits and vegetables add supporting antioxidants, vitamins and nutrient cofactors.</p>",,,none,,1,,,0,0,0,,,,1,,,112950,Vitamins,"brand\,, code\,, healthplus\,, multivitamins\,, top, vitamin, vitamins",,https://eutawpharmacycare.com/wp-content/uploads/2026/04/GOL_20Vitamin_20Code_20Women_20x120_a61f18c8-7be0-4503-a57a-6f58bcafa2ae.jpg,,,,,,,,,0,"Garden of Life","GOL Vitamin Code Women x 120","GOL Vitamin Code Women x 120",1,0
19955,simple,SKU-261115,,"Kedi Re-Vive 400mg Capsules x30",1,0,visible,,"<p>- Effective for premature ejaculation <br>\n- Gives Strong and Hard Erection <br>\n- Promotes StaminaRe-vive capsules are made of pure herbal ingredients produced to boost male sexual performance. The main mechanism of the Re-vive capsule is to give a strong erection and eliminate premature ejaculation during sexual intercourse.</p>",,,none,,1,,,0,0,0,,,,1,,,55000,"Libido Enhancer","brand, enhancer\,, enhancers\,, healthcare\,, healthplus\,, kedi, libido, top",,https://eutawpharmacycare.com/wp-content/uploads/2026/04/kedi_re-vive_400mg_capsules_x30_ee736c81-0863-472f-b5e0-71ca9c2c6276.jpg,,,,,,,,,0,"Kedi Healthcare","Kedi Re-Vive 400mg Capsules x30","Kedi Re-Vive 400mg Capsules x30",1,0
19957,simple,SKU-110540,,"Lamisil Terbinafine 250mg x14 Tabs",1,0,visible,,"<p>Lamisil tablets are used to treat fungal infections of the finger nails and toe nails, infections of the groin and body, tinea infections of the feet, commonly called ""athlete's foot.""</p>",,,none,,1,,,0,0,0,,,,1,,,47180,Infections,"antifungal\,, brand, healthplus\,, infections\,, lamisil\,, only\,, prescription, top",,https://eutawpharmacycare.com/wp-content/uploads/2026/04/Lamisil_20Terbinafine_20250mg_20x14_20Tabs_e78972e3-e410-46f6-9bb6-ce382d98050e.jpg,,,,,,,,,0,Novartis,"Lamisil Terbinafine 250mg x14 Tabs","Lamisil Terbinafine 250mg x14 Tabs",1,0
19959,simple,SKU-336857,,"Lariam (Mefloquine) 250mg Tabs x8",1,0,visible,,"<p>Lariam (Mefloquine) 250mg is used to treat malaria and prevent malaria.</p>",,,none,,1,,,0,0,0,,,,1,,,101310,Malaria,"brand, healthplus\,, malaria, malaria\,, prevention\,, roche\,, top",,https://eutawpharmacycare.com/wp-content/uploads/2026/04/Lariam_20_28Mefloquine_29_20250mg_20Tabs_20x8_1bc4544b-5107-468a-93de-3d0475b2908b.jpg,,,,,,,,,0,Roche,"Lariam (Mefloquine) 250mg Tabs x8","Lariam (Mefloquine) 250mg Tabs x8",1,0
19961,simple,SKU-357009,,"Lemsip Max Cold & Flu Lemon Powder x10",1,0,visible,,"<p>- Non-droswy<br>\n- Treats symptoms of cold and flu<br>\nLemsip Max Cold &amp; Flu Lemon Powder helps treat the symptoms of cold and flu, including headache, fever, blocked nose, aches and pains. It contains a combination of ingredients which are effective in relieving the symptoms associated with colds and flu.</p>",,,none,,1,,,0,0,0,,,,1,,,9540,Cold,"cold\,, congestion, healthplus\,, lemsip\,, nasal",,https://eutawpharmacycare.com/wp-content/uploads/2026/04/Lemsip_20Max_20Cold_20-_20Flu_20Lemon_20Powder_20x10_cda9ef82-0c88-4933-88bc-90d332645df1.jpg,,,,,,,,,0,"Reckitt Benckiser","Lemsip Max Cold & Flu Lemon Powder x10","Lemsip Max Cold & Flu Lemon Powder x10",1,0
19963,simple,SKU-106642,,"Lipitor (Atorvastatin Calcium) 10mg x30 Tabs",1,0,visible,,"<p>Lipitor (Atorvastatin) is used to improve cholesterol levels in people with different types of cholesterol problems. It’s also used to decrease your risk for heart attack and stroke. It’s used together with diet, weight loss, and exercise.</p>",,,none,,1,,,0,0,0,,,,1,,,41550,"High Cholesterol","brand, cholesterol\,, healthplus\,, high, only\,, pfizer\,, prescription, top",,https://eutawpharmacycare.com/wp-content/uploads/2026/04/Lipitor_20_28Atorvastatin_20Calcium_29_2010mg_20x30_20Tabs.jpg,,,,,,,,,0,Pfizer,"Lipitor (Atorvastatin Calcium) 10mg x30 Tabs","Lipitor (Atorvastatin Calcium) 10mg x30 Tabs",1,0
19965,simple,SKU-130184,,"Lipitor (Atorvastatin Calcium) 40mg x30 Tabs",1,0,visible,,"<p>Lipitor is a prescription medicine used to lower blood levels of bad cholesterol, to increase levels of good cholesterol, to treat the symptoms of high cholesterol (hyperlipidemia), and to lower the risk of stroke, heart attack or other heart complications. </p>",,,none,,1,,,0,0,0,,,,1,,,37370,"High Cholesterol","brand, cholesterol\,, healthplus\,, high, only\,, pfizer\,, prescription, top",,https://eutawpharmacycare.com/wp-content/uploads/2026/04/ior6s0huvii6rdrecrwj.jpg,,,,,,,,,0,Pfizer,"Lipitor (Atorvastatin Calcium) 40mg x30 Tabs","Lipitor (Atorvastatin Calcium) 40mg x30 Tabs",1,0
19967,simple,SKU-121561,,"Lonart-DS 80mg/480mg Tabs x6",1,0,visible,,"<p>Lonart DS 80mg/480mg Tablet is used for the treatment of malaria in both children and adults. It contains two medicines both of which belong to a group of medicines called antimalarials</p>",,,none,,1,,,0,0,0,,,,1,,,3750,Malaria,"brand, healthcare, healthplus\,, lonart\,, malaria, malaria\,, seller\,, top, treatment\,",,https://eutawpharmacycare.com/wp-content/uploads/2026/04/Lonart-DS_2080mg-480mg_20Tabs_20x6_e6b0a1b4-750b-441d-8ddd-de3cf1daed55.jpg,,,,,,,,,0,"Bliss GVS","Lonart-DS 80mg/480mg Tabs x6","Lonart-DS 80mg/480mg Tabs x6",1,0
19969,simple,SKU-130529,,"Lyrica (Pregabalin) 150mg Caps x28",1,0,visible,,"<p>Lyrica is used in adults, 18 years of age and older to treat pain from damaged nerves (neuropathic pain) that happens with diabetes,<br>\npain from damaged nerves (neuropathic pain) that follows healing of shingles, and<br>\nfibromyalgia (pain all over your body)</p>",,,none,,1,,,0,0,0,,,,1,,,29850,"Nerve Pain Treatment","healthplus\,, nerve, only, pain, pfizer\,, prescription, treatment\,",,https://eutawpharmacycare.com/wp-content/uploads/2026/04/Lyrica_20_28Pregabalin_29_20150mg_20Caps_20x28_34bbb6a9-4c98-4462-9ff7-8e9bfa28b78e.jpg,,,,,,,,,0,Pfizer,"Lyrica (Pregabalin) 150mg Caps x28","Lyrica (Pregabalin) 150mg Caps x28",1,0
19971,simple,SKU-114290,,"Lyrica (Pregabalin) 75mg Caps x28",1,0,visible,,"<p>Lyrica (Pregabalin) 75Mg is used to treat pain caused by nerve damage due to diabetes, shingles (herpes zoster) infection, or spinal cord injury. This medication is also used to treat pain in people with fibromyalgia.It is also used with other medications to treat certain types of seizures (focal seizures).</p>",,,none,,1,,,0,0,0,,,,1,,,29850,"Nerve Pain Treatment","brand, healthplus\,, nerve, only\,, pain, pfizer\,, prescription, top, treatment\,",,https://eutawpharmacycare.com/wp-content/uploads/2026/04/Lyrica_20_28Pregabalin_29_2075mg_20Caps_20x28_a7c7602e-cc86-48c7-b520-39c37d432a0d.jpg,,,,,,,,,0,Pfizer,"Lyrica (Pregabalin) 75mg Caps x28","Lyrica (Pregabalin) 75mg Caps x28",1,0
19973,simple,SKU-260884,,"Malanil (Artovaquone/Proguanil) 250mg/100mg Tabs x12",1,0,visible,,"<p>Malanil is a prescription medicine used to prevent and to treat the symptoms of Malaria. It is a fixed dose combination of atovaquone and proguanil hydrochloride.</p>",,,none,,1,,,0,0,0,,,,1,,,115590,Malaria,"brand, gsk\,, healthplus\,, malaria, malaria\,, prevention\,, top",,https://eutawpharmacycare.com/wp-content/uploads/2026/04/Malanil_20250mg-100mg_20Tabs_20x12_47eda69b-9681-45c9-8b69-3780c69d9f66.jpg,,,,,,,,,0,GSK,"Malanil (Artovaquone/Proguanil) 250mg/100mg Tabs x12","Malanil (Artovaquone/Proguanil) 250mg/100mg Tabs x12",1,0
19975,simple,SKU-317402,,"Natrilix SR (Indapamide) 1.5mg Tabs x30",1,0,visible,,"<p>Natrilix SR is a prolonged-release film-coated tablet containing indapamide as active ingredient. This medicine is intended to reduce high blood pressure (hypertension) in adults. Indapamide is a diuretic. In addition, indapamide widens blood vessels so that blood passes through more easily.</p>",,,none,,1,,,0,0,0,,,,1,,,41670,Hypertension,"antihypertensive\,, brand, healthplus\,, hypertension\,, only\,, prescription, servier\,, supplements\,, top",,https://eutawpharmacycare.com/wp-content/uploads/2026/04/rbosf8oywcxylo2qhodg.jpg,,,,,,,,,0,Servier,"Natrilix SR (Indapamide) 1.5mg Tabs x30","Natrilix SR (Indapamide) 1.5mg Tabs x30",1,0
19977,simple,SKU-339404,,"Nature Herbs SOS Advance Liquid 250ml",1,0,visible,,"<p>- Detoxifies the liver, kidneys, bladder and all vital organs.<br>\n- Helps eliminate toxins, parasites and unwanted bacteria.<br>\n- Boosts immune system.<br>\nSOS Advance is a Natural Organic, anti-bacterial, anti-viral, antifungal , antiparasitic, non-toxic, carcinogen-free solution. It is a natural solution based on natural essential oils and essences from a range of well known plants &amp; flowers.</p>",,,none,,1,,,0,0,0,,,,1,,,85840,"Immune Support","antioxidants\,, brand, essentials\,, healthplus\,, immune, liver, sos, support\,, top",,https://eutawpharmacycare.com/wp-content/uploads/2026/04/Nature_20Herbs_20SOS_20Advance_20Liquid_20250ml_d6b2aa3d-7e1e-40d4-9253-eb51d80a85aa.jpg,,,,,,,,,0,"SOS Essentials","Nature Herbs SOS Advance Liquid 250ml","Nature Herbs SOS Advance Liquid 250ml",1,0
19979,simple,SKU-125465,,"Nexium (Esomeprazole) 20mg Tabs x14",1,0,visible,,"<p>Nexium (Esomeprazole) is used to treat certain stomach and esophagus problems (such as acid reflux, ulcers). It works by decreasing the amount of acid your stomach makes. This medication helps heal acid damage to the stomach and esophagus and helps prevent ulcers.</p>",,,none,,1,,,0,0,0,,,,1,,,22270,"Digestive Care","anti-ulcer\,, astrazeneca\,, brand, care\,, digestive, healthplus\,, top",,https://eutawpharmacycare.com/wp-content/uploads/2026/04/Nexium_20_28Esomeprazole_29_2020mg_20Tabs_20x14_493dbb41-1b22-41fc-a78e-3b1922fc1e54.jpg,,,,,,,,,0,AstraZeneca,"Nexium (Esomeprazole) 20mg Tabs x14","Nexium (Esomeprazole) 20mg Tabs x14",1,0
19981,simple,SKU-160114,,"Nexium (Esomeprazole) 40mg Tabs x14",1,0,visible,,"<p>Nexium (Esomeprazole) is used to treat certain stomach and esophagus problems (such as acid reflux, ulcers). It works by decreasing the amount of acid your stomach makes. This medication helps heal acid damage to the stomach and esophagus and helps prevent ulcers.</p>",,,none,,1,,,0,0,0,,,,1,,,29600,"Digestive Care","anti-ulcer\,, astrazeneca\,, brand, care\,, digestive, healthplus\,, top",,https://eutawpharmacycare.com/wp-content/uploads/2026/04/Nexium_20_28Esomeprazole_29_2040mg_20Tabs_20x14_6a432452-2075-4454-872f-2ebd00911e6f.jpg,,,,,,,,,0,AstraZeneca,"Nexium (Esomeprazole) 40mg Tabs x14","Nexium (Esomeprazole) 40mg Tabs x14",1,0
19983,simple,SKU-224334,,"Night Nurse Capsules x 10",1,0,visible,,"<p>-  Eases a dry or tickly cough<br>\n- Helps to dry up a runny nose and helps you to get to sleep<br>\n- Reduces pain and your temperature when you have a fever<br>\nNight Nurse Capsules have been specially formulated to provide a complete night-time cold and flu treatment by quickly providing relief from major cold and flu symptoms including headache, runny nose, dry, tickly cough, shivers, aches and pains.</p>",,,none,,1,,,0,0,0,,,,1,,,21900,Cold,"brand, cold\,, cough\,, healthplus\,, night, nurse\,, top",,https://eutawpharmacycare.com/wp-content/uploads/2026/04/Night_20Nurse_20Capsules_20x_2010.jpg,,,,,,,,,0,GSK,"Night Nurse Capsules x 10","Night Nurse Capsules x 10",1,0
19985,simple,SKU-SKU-NG-85710,,"Night Nurse Syrup 160ml",1,0,visible,,"<p>- Relieves tickly cough and sore throat.<br>\n- Relieves runny nose<br>\n- Relieves aches and pains<br>\n- Relieves fevers and shivers<br>\nNight Nurse liquid is formulated to provide a complete night-time treatment for the relief of cold and flu symptoms. For relief from tickly coughs, sore throat, runny nose, aches and pains, fevers and shivers.</p>",,,none,,1,,,0,0,0,,,,1,,,33320,Cold,"cold\,, cough\,, healthplus\,, night, nurse\,, sore, throat",,https://eutawpharmacycare.com/wp-content/uploads/2026/04/Night_20Nurse_20Syrup_20160ml_5bfe3150-877b-47d4-acf0-f6cfac9806b3.jpg,,,,,,,,,0,GSK,"Night Nurse Syrup 160ml","Night Nurse Syrup 160ml",1,0
19987,simple,SKU-106887,,"Norvasc (Amlodipine) 10mg Blister x100",1,0,visible,,"<p>Norvasc (Amlodipine) is a calcium channel blocker that dilates (widens) blood vessels and improves blood flow. Norvasc is used to treat chest pain (angina) and other conditions caused by coronary artery disease. It is also used to treat high blood pressure (hypertension).</p>",,,none,,1,,,0,0,0,,,,1,,,101790,Hypertension,"antihypertensive\,, brand, healthplus\,, hypertension\,, only\,, pfizer\,, prescription, top",,https://eutawpharmacycare.com/wp-content/uploads/2026/04/Norvasc_20Amlodipine_2010mg_20x100_949e3c13-3e92-4f2f-bf79-437add269f15.jpg,,,,,,,,,0,Pfizer,"Norvasc (Amlodipine) 10mg Blister x100","Norvasc (Amlodipine) 10mg Blister x100",1,0
19989,simple,SKU-106889,,"Norvasc (Amlodipine) 5mg Blister x 10",1,0,visible,,"<p>Norvasc (Amlodipine) is a calcium channel blocker that dilates (widens) blood vessels and improves blood flow. Norvasc is used to treat chest pain (angina) and other conditions caused by coronary artery disease. It is also used to treat high blood pressure (hypertension).</p>",,,none,,1,,,0,0,0,,,,1,,,56080,Hypertension,"antihypertensive\,, brand, healthplus\,, hypertension\,, only\,, pfizer\,, prescription, top",,https://eutawpharmacycare.com/wp-content/uploads/2026/04/Norvasc_205mg_20x100_95d64e03-b197-4d81-aeaf-e4e2b686d78b.png,,,,,,,,,0,Pfizer,"Norvasc (Amlodipine) 5mg Blister x 10","Norvasc (Amlodipine) 5mg Blister x 10",1,0
19991,simple,SKU-240897,,"Nurofen (Ibuprofen) 200mg Caplets x12",1,0,visible,,"<p>- Provides relief from mild to moderate pain</p>\n\n<p>Nurofen 200mg helps to provide effective relief from mild to moderate pain including headaches, migraines, cold and flu symptoms, fever, period pain, muscular and rheumatic pain, toothache, and back pain.</p>",,,none,,1,,,0,0,0,,,,1,,,2810,Anti-inflammatory,"anti-inflammatory\,, body, healthplus\,, joint, nurofen\,, pain\,, toothache",,https://eutawpharmacycare.com/wp-content/uploads/2026/04/Nurofen_20Ibuprofen_20200mg_20Caplets_20x12_cbd42941-e9e3-4aa2-b882-1bd20da1d6ae.jpg,,,,,,,,,0,"Reckitt Benckiser","Nurofen (Ibuprofen) 200mg Caplets x12","Nurofen (Ibuprofen) 200mg Caplets x12",1,0
19993,simple,SKU-SKU-NG-85723,,"Nurofen (Ibuprofen) 400mg Tabs x12",1,0,visible,,"<p>Nurofen 400mg helps to provide effective relief from mild to moderate pain including headaches, migraines, cold and flu symptoms, fever, period pain, muscular and rheumatic pain, toothache, and back pain.</p>",,,none,,1,,,0,0,0,,,,1,,,5470,Anti-inflammatory,"&, anti-inflammatory\,, body, headache, healthplus\,, migraine\,, nurofen\,, pain\,, toothache",,https://eutawpharmacycare.com/wp-content/uploads/2026/04/Nurofen_20_28Ibuprofen_29_20400mg_20Tabs_20x12_fb5bc225-176f-4277-94e1-740440b29de6.jpg,,,,,,,,,0,"Reckitt Benckiser","Nurofen (Ibuprofen) 400mg Tabs x12","Nurofen (Ibuprofen) 400mg Tabs x12",1,0
19995,simple,SKU-125970,,"Nurofen Express (Ibuprofen) 400mg Liquid Capsules x 10",1,0,visible,,"<p>- Helps to ease aches and pains fast <br>\n- Contains Ibuprofen</p>\n\n<p>Nurofen Express 400mg helps to ease your aches and pains while also helping to ease inflammation and swelling. Perfect for those who deal with different kinds of everyday pain, including headaches, toothache, or a backache.</p>",,,none,,1,,,0,0,0,,,,1,,,8000,Anti-inflammatory,"anti-inflammatory\,, healthplus\,, joint, nurofen\,, pain\,, toothache",,https://eutawpharmacycare.com/wp-content/uploads/2026/04/Nurofen_20Express_20_28Ibuprofen_29_20400mg_20Liquid_20Capsules_20x_2010.jpg,,,,,,,,,0,"Reckitt Benckiser","Nurofen Express (Ibuprofen) 400mg Liquid Capsules x 10","Nurofen Express (Ibuprofen) 400mg Liquid Capsules x 10",1,0
19997,simple,SKU-125969,,"Nurofen for Children (Ibuprofen) Orange Syrup 100mg/5ml",1,0,visible,,"<p>- Reduces temperature (including fever covered by immunisation)<br>\n- Relieves symptoms of cold and flu<br>\nNurofen for Children (Ibuprofen) provides pain and fever relief for children aged between 3 months and 9 years. It is used to treat aches and pains such as fever, teething, etc.</p>",,,none,,1,,,0,0,0,,,,1,,,6850,"Mother & Child","&, body, child\,, children's, fevers\,, headache, health\,, healthplus\,, migraine\,, mother, nurofen, pain\,",,https://eutawpharmacycare.com/wp-content/uploads/2026/04/Nurofen_20for_20Children_20_28Ibuprofen_29_20Orange_20Syrup_20100mg-5ml.png,,,,,,,,,0,"Reckitt Benckiser","Nurofen for Children (Ibuprofen) Orange Syrup 100mg/5ml","Nurofen for Children (Ibuprofen) Orange Syrup 100mg/5ml",1,0
19999,simple,SKU-147337,,"Omron Digital Blood Pressure M2 Basic Monitor",1,0,visible,,"<p>- Irregular Heartbeat Detection<br>\n- Clinically validated<br>\n- Cuff Wrap Guide<br>\n- Last measurement memory<br>\nOmron M2 Basic is a fully automatic upper arm blood pressure monitor that gives you comfortable, quick and accurate blood pressure monitoring. It measures your blood pressure and pulse rate simply and quickly. Accuracy as well as comfort is ensured with Intellisense technology, which always inflates the cuff to the peak pressure that is tailored to your own blood pressure level, ensuring a more comfortable measurement.</p>",,,none,,1,,,0,0,0,,,,1,,,92280,"Test & Diagnostics","&, blood, brand, diagnostics\,, healthplus\,, monitor\,, omron\,, otc\,, pressure, test, top",,https://eutawpharmacycare.com/wp-content/uploads/2026/04/Omron_20Digital_20Blood_20Pressure_20M2_20Basic_20Monitor_20II_5fcbfbda-88f0-469d-a6f6-65331a41271d.png,,,,,,,,,0,Omron,"Omron Digital Blood Pressure M2 Basic Monitor","Omron Digital Blood Pressure M2 Basic Monitor",1,0
20001,simple,SKU-147339,,"Omron M6 Comfort Automatic Blood Pressure Monitor",1,0,visible,,"<p>- Intellisense technology – Inflates the cuff to the ideal level for each use<br>\n- Intelli Wrap Cuff technology – Accurate results in any position around the upper arm<br>\n- Irregular heartbeat detection – Indicates if irregular heartbeat is detected<br>\n- Easy blood pressure LED – See at a glance if your blood pressure is normal or high<br>\nOmron M6 Comfort comes with the Intelli Wrap Cuff technology, which supports 360 degrees accuracy, enabling accurate results in any position around the upper arm. Fully featured automatic blood pressure monitor with cutting edge technology offering the very best in the fight against hypertension. This device provides the most comprehensive way to check your blood pressure with dual check function.</p>",,,none,,1,,,0,0,0,,,,1,,,210170,"Test & Diagnostics","&, blood, brand, diagnostics\,, healthplus\,, monitor\,, omron\,, otc\,, pressure, test, top",,https://eutawpharmacycare.com/wp-content/uploads/2026/04/Omron_20M6_20Comfort_20Automatic_20Blood_20Pressure_20Monitor_cd56924c-5498-43bf-b792-1a89d2d99905.jpg,,,,,,,,,0,Omron,"Omron M6 Comfort Automatic Blood Pressure Monitor","Omron M6 Comfort Automatic Blood Pressure Monitor",1,0
20003,simple,SKU-268849,,"Panadol Advance (Paracetamol) 500mg Caplets x16",1,0,visible,,"<p>- Effective pain relief<br>\n- Disperses more quickly than normal paracetamol<br>\n- Suitable for adults and children aged 6 years and over<br>\nPanadol Advance 500 mg Tablets are a mild analgesic and antipyretic, and are recommended for the treatment of most painful and febrile conditions, for example, headache including tension headaches, toothache, backache, dysmenorrhea, sore throat, and for relieving fever.</p>",,,none,,1,,,0,0,0,,,,1,,,8530,"Fevers, Headache & Migraine","&, body, brand, fevers\,, gsk\,, headache, healthplus\,, migraine\,, pain\,, toothache\,, top",,https://eutawpharmacycare.com/wp-content/uploads/2026/04/Panadol_20Advance_20_28Paracetamol_29_20500mg_20Caplets_20x16_d648a9c0-5d57-4bf8-8eef-e24e0f8bc94d.jpg,,,,,,,,,0,GSK,"Panadol Advance (Paracetamol) 500mg Caplets x16","Panadol Advance (Paracetamol) 500mg Caplets x16",1,0
20005,simple,SKU-303526,,"Panadol Extra Advance  x14",1,0,visible,,"<p>- Powerful effective relief<br>\n- Contains caffeine to amplify the pain-relieving effect of paracetamol<br>\n- Reduces fever<br>\nPanadol Extra Advance Tablets are formulated to provide effective pain relief and help to reduce fever. The tablets contain two active ingredients: Paracetamol which is a pain reliever and caffeine which acts to further amplify the pain-relieving effect of paracetamol. Also, it is gentle on your stomach.</p>",,,none,,1,,,0,0,0,,,,1,,,15000,"Fevers, Headache & Migraine","&, body, brand, fevers\,, headache, healthplus\,, migraine\,, pain\,, panadol\,, top",,https://eutawpharmacycare.com/wp-content/uploads/2026/04/Panadol_20Extra_20Advance_20_20x14_b88305b3-e13a-4dc3-9001-41df0ea67805.jpg,,,,,,,,,0,GSK,"Panadol Extra Advance  x14","Panadol Extra Advance x14",1,0
20007,simple,SKU-SKU-NG-85771,,"Panadol Night Pain x20 Tablets",1,0,visible,,"<p>- Helps to ease your pain<br>\n- Gets you a good night’s sleep<br>\nPanadol NightPain tablets provide fast and effective relief of bed time pain including headaches, backache, rheumatic pains and muscle pains, period pains and toothache which is causing difficulty in getting to sleep. Panadol Night tablets have two active ingredients. Paracetamol relieves pain and can reduce fever, and Diphenhydramine hydrochloride, an antihistamine which causes sleepiness. Which is why Panadol Night should only be taken at bedtime.</p>",,,none,,1,,,0,0,0,,,,1,,,18500,"Fevers, Headache & Migraine","&, aid\,, body, brand, fevers\,, headache, healthplus\,, migraine\,, pain\,, panadol\,, sleep, toothache\,, top",,https://eutawpharmacycare.com/wp-content/uploads/2026/04/Panadol_20Night_20Pain_20x20_20Tablets_b5d71999-450b-461b-9af8-75fc23d86f79.png,,,,,,,,,0,GSK,"Panadol Night Pain x20 Tablets","Panadol Night Pain x20 Tablets",1,0
20009,simple,SKU-139672,,"Panadol Pain and Fever 500mg x100 Tablets",1,0,visible,,"<p>Experience fast and effective relief from pain and fever with Panadol Pain and Fever 500mg. Each tablet contains paracetamol, a trusted ingredient known for its ability to alleviate headaches, muscle aches, and reduce fever.</p>",,,none,,1,,,0,0,0,,,,1,,,6340,"Fevers, Headache & Migraine","&, body, fevers\,, headache, healthplus\,, migraine\,, pain\,, panadol",,https://eutawpharmacycare.com/wp-content/uploads/2026/04/Panadol_20Pain_20and_20Fever_20500mg_20x100_20Tablets_ab1f9b5b-dc82-426c-8d5b-f5c11d607cbf.png,,,,,,,,,0,GSK,"Panadol Pain and Fever 500mg x100 Tablets","Panadol Pain and Fever 500mg x100 Tablets",1,0
20011,simple,SKU-SKU-NG-85792,,"Piriton Allergy Tabs 4mg x30",1,0,visible,,"<p>Ideal for adults and children over 12, Panadol offers a gentle yet powerful solution to help you feel better quickly. With 100 tablets in each pack, you’ll have plenty on hand for everyday ailments. Choose Panadol for reliable comfort and peace of mind.</p>",,,none,,1,,,0,0,0,,,,1,,,11000,Allergies,"allergies\,, antihistamines\,, brand, healthplus\,, otc\,, piriton\,, top",,https://eutawpharmacycare.com/wp-content/uploads/2026/04/Piriton_20Allergy_204Mg_20X30_dde073d4-ae91-440e-b9ff-511234abe9ab.jpg,,,,,,,,,0,GSK,"Piriton Allergy Tabs 4mg x30","Piriton Allergy Tabs 4mg x30",1,0
20013,simple,SKU-177246,,"Postinor 2 (Levonorgestrel) 0.75mg Tabs",1,0,visible,,"<p>About Postinor:<br>\nPostinor 2 (levonorgestrel), commonly referred to as the ""Morning-After Pill,"" is a trusted emergency contraceptive that helps prevent pregnancy if taken within 72 hours after unprotected sex.</p>\n\n<p>How It Works:<br>\nIt works by delaying ovulation or preventing fertilization of the egg, reducing the chances of pregnancy.</p>\n\n<p>For better effectiveness, use as soon as possible after unprotected intercourse but it's not a regular form of birth control.</p>",,,none,,1,,,0,0,0,,,,1,,,3340,"Sexual Health","2, contraceptives\,, emergency, family, healthplus\,, planning\,, postinor",,https://eutawpharmacycare.com/wp-content/uploads/2026/04/mp1dsp5iiyetpzqh79f0.jpg,,,,,,,,,0,"Society for Family Health","Postinor 2 (Levonorgestrel) 0.75mg Tabs","Postinor 2 (Levonorgestrel) 0.75mg Tabs",1,0
20015,simple,SKU-267061,,"Pregnacare Breast-Feeding Tablets x 84",1,0,visible,,"<p>- Specifically formulated with an ideal, moderate level of iron<br>\n- Maternal intake of DHA contributes to the normal brain &amp; eye development of breast-fed infants<br>\n- Contributes to normal production of thyroid hormones and function<br>\nPregnacare Breastfeeding capsules and tablets are a dual pack of food supplements formulated to support you and your baby as you breastfeed. Ideal for new mums, these supplements contain essential vitamins and minerals which help to support long term health for both you and your little one.</p>",,,none,,1,,,0,0,0,,,,1,,,28920,"Pregnancy & Breastfeeding","&, breastfeeding\,, healthplus\,, postnatal, pregnacare\,, pregnancy, supplements, vitamins\,",,https://eutawpharmacycare.com/wp-content/uploads/2026/04/guefspzagupdm5yiibzy_71bf64f5-af37-4f32-b182-33c4a01d0480.png,,,,,,,,,0,Vitabiotics,"Pregnacare Breast-Feeding Tablets x 84","Pregnacare Breast-Feeding Tablets x 84",1,0
20017,simple,SKU-SKU-NG-85829,,"Pyrantrin (Pyrantel Pamoate) 125mg x6 Tablets",1,0,visible,,"<p>- Used to treat intestinal worm infections<br>\nThis medication is used to treat intestinal worm infections such as pinworm, roundworm, and hookworm. Pyrantel belongs to a class of drugs known as anthelmintics.</p>",,,none,,1,,,0,0,0,,,,1,,,1140,"Digestive Care","brand\,, care\,, digestive, expeller, healthplus\,, pyrantrin\,, top, worm",,https://eutawpharmacycare.com/wp-content/uploads/2026/04/Pyrantrin_20_28Pyrantel_20Pamoate_29_20125mg_20x6_20Tablets_0b3e36a1-1afb-4070-9eb9-f0182ad5b526.jpg,,,,,,,,,0,Neimeth,"Pyrantrin (Pyrantel Pamoate) 125mg x6 Tablets","Pyrantrin (Pyrantel Pamoate) 125mg x6 Tablets",1,0
20019,simple,SKU-148533,,"Pyrantrin (Pyrantel Pamoate) 250mg/5ml Suspension 15ml",1,0,visible,,"<p>- Used to treat intestinal worm infections<br>\nThis medication is used to treat intestinal worm infections such as pinworm, roundworm, and hookworm. Pyrantel belongs to a class of drugs known as anthelmintics.</p>",,,none,,1,,,0,0,0,,,,1,,,2150,"Digestive Care","brand\,, care\,, digestive, expeller, healthplus\,, pyrantrin\,, top, worm",,https://eutawpharmacycare.com/wp-content/uploads/2026/04/Pyrantrin_20_28Pyrantel_20Pamoate_29_20250mg-5ml_20Susp_20x15ml_63325691-c846-4734-899c-78f644ba3538.jpg,,,,,,,,,0,Neimeth,"Pyrantrin (Pyrantel Pamoate) 250mg/5ml Suspension 15ml","Pyrantrin (Pyrantel Pamoate) 250mg/5ml Suspension 15ml",1,0
20021,simple,SKU-300421,,"Reload 4 Kidz Multivitamin Syrup 237ml",1,0,visible,,"<p>-  Great-tasting syrup<br>\n- Complete multivitamin for kids that will help build your kid's immune system<br>\n- Has antioxidant properties<br>\nReload 4 Kidz is a complete multivitamin, multimineral &amp; antioxidant designed just for your little ones. It provides the critical nutrients children need most. With inositol, choline, and fortified with whole fruits and veggies for developing bodies &amp; minds. Kids love the taste, parents will love all the healthy benefits.</p>",,,none,,1,,,0,0,0,,,,1,,,20560,"Mother & Child","&, brand\,, child\,, children's, Health, health\,, healthplus\,, mother, multivitamins\,, reload\,, top, women's",,https://eutawpharmacycare.com/wp-content/uploads/2026/04/Reload_204_20Kidz_20237ml_51344fcb-0701-4d91-a337-436a5eab9db0.jpg,,,,,,,,,0,"Pharmacy Plus","Reload 4 Kidz Multivitamin Syrup 237ml","Reload 4 Kidz Multivitamin Syrup 237ml",1,0
20023,simple,SKU-270324,,"Reload Immunity Formula Tablets x120",1,0,visible,,"<p>- Once-daily multivitamin<br>\n- Provides complete immunity support<br>\n- Provides essential antioxidant support<br>\nReload immunity is a premium formula of multivitamins and antioxidants. It is a unique blend of herbs formulated to boost the immune system, fortify the body against external stressors and ward off diseases.</p>",,,none,,1,,,0,0,0,,,,1,,,29170,"Immune Support","antioxidants\,, family, health\,, healthplus\,, immune, men's, reload\,, supplements, support\,",,https://eutawpharmacycare.com/wp-content/uploads/2026/04/Reload_20Immunity_20Formula_20Tablets_20x_2030_4502d90f-dcc4-49c9-9d4c-570433f4c05a.png,,,,,,,,,0,"Pharmacy Plus","Reload Immunity Formula Tablets x120","Reload Immunity Formula Tablets x120",1,0
20025,simple,SKU-215383,,"Reload Men's Formula Tablets x 30",1,0,visible,,"<p>- Antioxidant and cardiovascular protection<br>\n- Contains Lutein for eye health<br>\n- Supports energy, stamina and strength<br>\nReload Men's Formula provides key nutrients, antioxidants and whole food ingredients that help support overall health, stamina, and endurance. It also aids the body in fighting the effects of daily stress.</p>",,,none,,1,,,0,0,0,,,,1,,,14620,Vitamins,"family, health\,, healthplus\,, men's, multivitamins\,, reload\,, supplements\,, vitamins",,https://eutawpharmacycare.com/wp-content/uploads/2026/04/Reload_20Men_27s_20Formula_20Tablets_20x_2030.jpg,,,,,,,,,0,"Pharmacy Plus","Reload Men's Formula Tablets x 30","Reload Men's Formula Tablets x 30",1,0
20027,simple,SKU-208978,,"Reload Men's Formula Tablets x 90",1,0,visible,,"<p>- Antioxidant and cardiovascular protection<br>\n- Contains Lutein for eye health<br>\n- Supports energy, stamina and strength<br>\nReload Men's Formula provides key nutrients, antioxidants and whole food ingredients that help support overall health, stamina, and endurance. It also aids the body in fighting the effects of daily stress.</p>",,,none,,1,,,0,0,0,,,,1,,,27170,Vitamins,"family, health\,, healthplus\,, multivitamins\,, reload\,, supplements\,, vitamins",,https://eutawpharmacycare.com/wp-content/uploads/2026/04/i83mgznbhiuywrvzfnmo.jpg,,,,,,,,,0,"Pharmacy Plus","Reload Men's Formula Tablets x 90","Reload Men's Formula Tablets x 90",1,0
20029,simple,SKU-215974,,"Reload Tonic 237ml",1,0,visible,,"<p>- Vitamins nutrition<br>\n- Supplements nutrition<br>\n- Protein nutrition <br>\nReload Tonic is a liquid multivitamin enhanced with high-quality Iron, Echinacea and Bilberry to support optimal immunity by aiding the body in its production of red blood cells.</p>",,,none,,1,,,0,0,0,,,,1,,,16900,"Mother & Child","&, brand\,, child\,, children's, Health, health\,, healthplus\,, mother, multivitamins\,, reload\,, top, women's",,https://eutawpharmacycare.com/wp-content/uploads/2026/04/Reload_20Tonic_20237ml.jpg,,,,,,,,,0,"Pharmacy Plus","Reload Tonic 237ml","Reload Tonic 237ml",1,0
20031,simple,SKU-355616,,"Reload Women's 50+ Formula Tablets x 90",1,0,visible,,"<p>- Once-daily multivitamin<br>\n- Provides Cranberry for urinary tract health and lutein eye health<br>\n- For women of ages 50 and beyond<br>\n- Maintains overall health. stamina, immunity and hormonal<br>\nReload Women's 50+ provides the same key nutrients, antioxidants and whole food ingredient found in Reload for women, but in amounts that address the increased needs of women over 50 to maintain overall health, stamina, immunity and hormonal balance. Based on proprietary whole food blend,It provides A-Z nutrition designed for optimal female health.</p>",,,none,,1,,,0,0,0,,,,1,,,26970,Vitamins,"family, Health, health\,, healthplus\,, multivitamins\,, reload\,, supplements\,, vitamins\,, women's",,https://eutawpharmacycare.com/wp-content/uploads/2026/04/Reload_20Women_27s_2050-Formula_20Tablets_20x_2090-6_7c5b268c-1201-4672-89fc-49eb18a9ecae.jpg,,,,,,,,,0,"Pharmacy Plus","Reload Women's 50+ Formula Tablets x 90","Reload Women's 50+ Formula Tablets x 90",1,0
20033,simple,SKU-215394,,"Reload Women's Formula Tablets x 30",1,0,visible,,"<p>- Contains Alpha Lipoic acid, Resveratrol and Lycopene for added antioxidant support.<br>\n- Improves heart and digestive systems<br>\n- Formulated with Vitamin D to support bone and breast health<br>\nReload Women’s Formula is a once-daily multivitamin, multimineral and antioxidant, created to help meet these needs, as well as to help fortify the body against outside stressors. It boosts bone, heart, and digestive health, and bolsters immune defense, all while increasing energy. In addition to providing a full spectrum of essential vitamins and minerals, Reload Women’s Formula is specially formulated with Vitamin D to support bone and breast health.</p>",,,none,,1,,,0,0,0,,,,1,,,15840,Vitamins,"family, Health, health\,, healthplus\,, multivitamins\,, reload\,, supplements\,, vitamins\,, women's",,https://eutawpharmacycare.com/wp-content/uploads/2026/04/an1fk7d6bjbsb92ax3nr.jpg,,,,,,,,,0,"Pharmacy Plus","Reload Women's Formula Tablets x 30","Reload Women's Formula Tablets x 30",1,0
20035,simple,SKU-208979,,"Reload Women's Formula Tablets x 90",1,0,visible,,"<p>- Contains Alpha Lipoic acid, Resveratrol and Lycopene for added antioxidant support.<br>\n- Improves heart and digestive systems<br>\n- Formulated with Vitamin D to support bone and breast health<br>\nReload Women’s Formula is a once-daily multivitamin, multimineral and antioxidant, created to help meet these needs, as well as to help fortify the body against outside stressors. It boosts bone, heart, and digestive health, and bolsters immune defense, all while increasing energy. In addition to providing a full spectrum of essential vitamins and minerals, Reload Women’s Formula is specially formulated with Vitamin D to support bone and breast health.</p>",,,none,,1,,,0,0,0,,,,1,,,25080,Vitamins,"family, health\,, healthplus\,, multivitamins\,, reload\,, supplements\,, vitamins",,https://eutawpharmacycare.com/wp-content/uploads/2026/04/reload_women_27s_formula_tablets_x_90.jpg,,,,,,,,,0,"Pharmacy Plus","Reload Women's Formula Tablets x 90","Reload Women's Formula Tablets x 90",1,0
20037,simple,SKU-118037,,"Skineal Cream 15g",1,0,visible,,"<p>- Effective and quick action<br>\n- Improve your skin condition in only a few days<br>\n- Itching and irritation gone in a few days<br>\nSkineal Cream is a broad spectrum cream with Ketoconazole as the main active ingredient. Skineal is an extremely effective anti-fungal, anti-bacteria, anti-inflammatory, and anti-pruritic cream that is indicated for the treatment of infections such as tinea manus, tinea pedis, tinea corporis and tinea cruris. It has been proven to be ideal medicine for common dermatitidis and tineas.</p>",,,none,,1,,,0,0,0,,,,1,,,2200,Infections,"antifungal\,, brand, healthcare, healthplus\,, infections\,, seller\,, skineal\,, top",,https://eutawpharmacycare.com/wp-content/uploads/2026/04/Skineal_20Cream_2015g.jpg,,,,,,,,,0,"Vixa Pharma","Skineal Cream 15g","Skineal Cream 15g",1,0
20039,simple,SKU-339584,,"Strepsils Intensive Honey & Lemon Lozenges x16",1,0,visible,,"<p>-  Used to relieve sore throats<br>\n- Suitable for adults and children over the age of 12 years<br>\nStrepsils Intensive Honey and Lemon lozenges contain 8.75mg flurbiprofen for fast and long lasting relief of sore throats in adults and children over the age of 12 years.  The action of sucking on these allows the active ingredient to work in the area of the discomfort and also helps lubricate and soothe the painful area.</p>",,,none,,1,,,0,0,0,,,,1,,,9600,"Sore Throat","brand, healthplus\,, sore, strepsils\,, throat\,, top",,https://eutawpharmacycare.com/wp-content/uploads/2026/04/Strepsils_20Intensive_20Honey_20-_20Lemon_20Lozenges_20x16_39775b45-2d87-4c96-bb22-0f34b203fb9c.jpg,,,,,,,,,0,"Reckitt Benckiser","Strepsils Intensive Honey & Lemon Lozenges x16","Strepsils Intensive Honey & Lemon Lozenges x16",1,0
20041,simple,SKU-SKU-NG-85959,,"Tavanic (Levofloxacin) 500mg Tabs x5",1,0,visible,,"<p>Tavanic 500 mg Tablet is an antibiotic used in the treatment of bacterial infections affecting the lungs, skin, and urinary tract - the kidneys, bladder, ureters, or urethra.</p>",,,none,,1,,,0,0,0,,,,1,,,25000,Infections,"antibiotics\,, brand, healthplus\,, infections\,, only\,, prescription, sanofi\,, supplements\,, top",,https://eutawpharmacycare.com/wp-content/uploads/2026/04/Tavanic_20_28Levofloxacin_29_20500mg_20Tabs_20x5_c5b6cf98-653c-47d7-b8e4-7ea370ef35d9.jpg,,,,,,,,,0,Sanofi,"Tavanic (Levofloxacin) 500mg Tabs x5","Tavanic (Levofloxacin) 500mg Tabs x5",1,0
20043,simple,SKU-226110,,"Tocovid SupraBio 200mg x30 Softgels",1,0,visible,,"<p>- Superior antioxidant, protects cell from free radical damage<br>\n- Cardioprotective properties<br>\n- Promotes hair growth<br>\n- Liver protection<br>\nTocovid SupraBio 200mg is an all-natural combination of mixed tocotrienol antioxidants which may help protect the body against the harmful effects of free radicals. It has a bio-optimum absorption system that delivers a breakthrough in tocotrienol (T3) absorption. It is a mixed tocotrienols bio-optimum absorbption patented product that ensures consistent and increased tocotrienols absorption by 200 to 300%.</p>",,,none,,1,,,0,0,0,,,,1,,,65750,"Immune Support","antioxidants\,, healthplus\,, immune, liver, support\,, tocovid",,https://eutawpharmacycare.com/wp-content/uploads/2026/04/Tocovid_20SupraBio_20200mg_20x30_20Softgels_446c7236-6963-412c-87b4-38f3c0f4e588.png,,,,,,,,,0,Hovid,"Tocovid SupraBio 200mg x30 Softgels","Tocovid SupraBio 200mg x30 Softgels",1,0
20045,simple,SKU-303957,,"Trojan Ultra Thin Sensitivity Lubricated Latex Condoms x3",1,0,visible,,"<p>- Only one condom should be used at a time during intercourse<br>\n Avoid exposure to direct sunlight or storage for prolonged periods at temperatures above 100F<br>\n- Condoms should not be used beyond their expiration date<br>\nTrojan condoms are made from premium quality latex to help reduce the risk. Trojan Ultra Thin condoms offer enhanced sensitivity and are thinner than the standard Trojan condoms to give you both that natural feeling you know you want.</p>",,,none,,1,,,0,0,0,,,,1,,,7150,"Sexual Health","condoms\,, contraceptives\,, family, healthplus\,, planning\,, trojan",,https://eutawpharmacycare.com/wp-content/uploads/2026/04/uljh271f4uud0vdbrxnz_cec220f2-3074-4725-ba23-7d892a927fc9.jpg,,,,,,,,,0,Trojan,"Trojan Ultra Thin Sensitivity Lubricated Latex Condoms x3","Trojan Ultra Thin Sensitivity Lubricated Latex Condoms x3",1,0
20047,simple,SKU-110251,,"Ventolin (Salbutamol) 100mcg Inhaler x200",1,0,visible,,"<p>Ventolin (salbutamol) is used by patients suffering from various respiratory conditions, including asthma, emphysema, and chronic obstructive pulmonary disease. It can also be used to prevent breathing difficulties (bronchospasm) during exercise.</p>",,,none,,1,,,0,0,0,,,,1,,,8340,Asthma,"asthma\,, brand, gsk\,, healthplus\,, top",,https://eutawpharmacycare.com/wp-content/uploads/2026/04/Ventolin_20_28Salbutamol_29_20100mcg_20Inhaler_20x200_4542d8f0-ee84-4251-8aa1-fb8e14262adc.jpg,,,,,,,,,0,GSK,"Ventolin (Salbutamol) 100mcg Inhaler x200","Ventolin (Salbutamol) 100mcg Inhaler x200",1,0
20049,simple,SKU-140339,,"Viagra (Sildenafil) 100mg Tabs x1",1,0,visible,,"<p>Viagra is used to treat male sexual function problems (impotence or erectile dysfunction-ED). In combination with sexual stimulation, sildenafil works by increasing blood flow to the penis to help a man get and keep an erection.</p>",,,none,,1,,,0,0,0,,,,1,,,9200,"Erectile Dysfunction","dysfunction\,, erectile, healthplus\,, only, pfizer\,, prescription",,https://eutawpharmacycare.com/wp-content/uploads/2026/04/Viagra_20_28Sildenafil_29_20100mg_20Tabs_20x1_afe84a24-4dce-4c52-91c6-a8b838fb1c66.jpg,,,,,,,,,0,Pfizer,"Viagra (Sildenafil) 100mg Tabs x1","Viagra (Sildenafil) 100mg Tabs x1",1,0
20051,simple,SKU-176430,,"Viagra (Sildenafil) 50mg Tabs x4",1,0,visible,,"<p>Viagra is used to treat male sexual function problems (impotence or erectile dysfunction-ED). In combination with sexual stimulation, sildenafil works by increasing blood flow to the penis to help a man get and keep an erection.</p>",,,none,,1,,,0,0,0,,,,1,,,12620,"Erectile Dysfunction","dysfunction\,, erectile, healthplus\,, only, pfizer\,, prescription",,https://eutawpharmacycare.com/wp-content/uploads/2026/04/Viagra_20_28Sildenafil_29_2050mg_20Tabs_20x4_6e806656-2faf-475c-8c9b-61317c6b4c32.jpg,,,,,,,,,0,Pfizer,"Viagra (Sildenafil) 50mg Tabs x4","Viagra (Sildenafil) 50mg Tabs x4",1,0
20053,simple,SKU-114689,,"Virest Aciclovir 400mg Tabs x25",1,0,visible,,"<p>Acyclovir is used to treat infections caused by certain types of viruses. It treats cold sores around the mouth (caused by herpes simplex), shingles (caused by herpes zoster), and chickenpox.This medication is also used to treat outbreaks of genital herpes.</p>",,,none,,1,,,0,0,0,,,,1,,,19460,Infections,"antiviral\,, healthplus\,, hovid\,, infections\,, only, prescription",,https://eutawpharmacycare.com/wp-content/uploads/2026/04/Virest_20Aciclovir_20400mg_20Tabs_20x25_ed7a83eb-845f-4ec1-bedb-5c04f8659475.jpg,,,,,,,,,0,Hovid,"Virest Aciclovir 400mg Tabs x25","Virest Aciclovir 400mg Tabs x25",1,0
20055,simple,SKU-270350,,"Vision Plus Eye Vitamin Antioxidant Caps x60",1,0,visible,,"<p>- Maintains healthy eyesight<br>\n- Complete A-Z Multivitamin and Multimineral which supports the eyes and body<br>\n- Antioxidant support<br>\nVision Plus is both an Eye Vitamin and Antioxidant that supports eye health and good vision by providing targeted nutrition to combat the effects of macular degeneration and other eye health issues. It is a complete A-Z multivitamin and multimineral which supports the eyes and body. It offers powerful antioxidant support with ingredients like Lutein, Zeaxanthin, Alpha Lipoic Acid and Bilberry as well as other vitamins and minerals which protect against cell damage in the eye</p>",,,none,,1,,,0,0,0,,,,1,,,22300,"Eye Care","care\,, eye, family, health\,, healthplus\,, plus, support\,, vision",,https://eutawpharmacycare.com/wp-content/uploads/2026/04/Vision_20Plus_20Eye_20Vitamin_20Antioxidant_20Caps_20x60_9f4b3ac6-c893-4849-961d-2a8413ecf009.jpg,,,,,,,,,0,"Pharmacy Plus","Vision Plus Eye Vitamin Antioxidant Caps x60","Vision Plus Eye Vitamin Antioxidant Caps x60",1,0
20057,simple,SKU-267042,,"Pregnacare Original Tablets x30",1,0,visible,,"<p>- Contributes to maternal tissue growth during pregnancy<br>\n- Expert nutrition through all of pregnancy<br>\n- Contributes to normal reproductive health<br>\n- Contribute to maintenance of normal red blood cell formation <br>\nPregnacare Original tablets are a daily vitamin and mineral tablet which is designed to support you throughout your pregnancy and beyond. They’re ideal for all stages of pregnancy, helping you to be sure that you and your baby are getting the essential nutrients you need as your pregnancy goes on.</p>",,,none,,1,,,0,0,0,,,,1,,,15750,"Pregnancy & Breastfeeding","&, brand\,, breastfeeding\,, Health, healthplus\,, pregnacare\,, pregnancy, prenatal, top, vitamins\,, women's",,https://eutawpharmacycare.com/wp-content/uploads/2026/04/Pregnacare_20Original_20Tablets_20x30_f9a91af2-3417-4c6f-9211-9dc73a1eefe5.jpg,,,,,,,,,0,Vitabiotics,"Pregnacare Original Tablets x30","Pregnacare Original Tablets x30",1,0
20059,simple,SKU-176930,,"Voltaren Retard (Diclofenac Sodium) 100mg Tabs x10",1,0,visible,,"<p>- Relieves pain, reduce swelling and ease inflammation in conditions affecting the joints, muscles<br>\nand tendons<br>\n- Relieves painful conditions resulting from trauma, including fracture, sprains, strains, dislocations etc<br>\n- Relieves painful and/or inflammatory conditions in gynaecology, e.g. primary dysmenorrhoea<br>\nVoltaren (Diclofenac sodium) is one of a group of medicines called Non-steroidal<br>\nanti-inflammatory drugs (NSAIDs). NSAIDs reduce pain and inflammation. Voltaren Retard Tablets are specially<br>\nformulated to release the diclofenac sodium slowly.</p>",,,none,,1,,,0,0,0,,,,1,,,7480,Anti-inflammatory,"anti-inflammatory\,, brand\,, healthplus\,, joint, pain\,, top, voltaren",,https://eutawpharmacycare.com/wp-content/uploads/2026/04/Voltaren_20Retard_20_28Diclofenac_20Sodium_29_20100mg_20Tabs_20x10_7395cb06-dfcc-4d46-a7fd-1671c097963a.jpg,,,,,,,,,0,Novartis,"Voltaren Retard (Diclofenac Sodium) 100mg Tabs x10","Voltaren Retard (Diclofenac Sodium) 100mg Tabs x10",1,0
20061,simple,SKU-148541,,"Voltaren Retard (Diclofenac Sodium) 100mg Tabs x100 Pack",1,0,visible,,"<p>- Relieves pain, reduce swelling and ease inflammation in conditions affecting the joints, muscles<br>\nand tendons<br>\n- Relieves painful conditions resulting from trauma, including fracture, sprains, strains, dislocations etc<br>\n- Relieves painful and/or inflammatory conditions in gynaecology, e.g. primary dysmenorrhoea<br>\nVoltaren (Diclofenac sodium) is one of a group of medicines called Non-steroidal<br>\nanti-inflammatory drugs (NSAIDs). NSAIDs reduce pain and inflammation. Voltaren Retard Tablets are specially<br>\nformulated to release the diclofenac sodium slowly.</p>",,,none,,1,,,0,0,0,,,,1,,,46840,Anti-inflammatory,"anti-inflammatory\,, family, health\,, healthplus\,, joint, only\,, pain\,, prescription, voltaren",,https://eutawpharmacycare.com/wp-content/uploads/2026/04/Voltaren_20Retard_20_28Diclofenac_20Sodium_29_20100mg_20Tabs_20Blister_20x10_c4fdadc4-cfae-46fa-bb86-98f295ed783b.jpg,,,,,,,,,0,Novartis,"Voltaren Retard (Diclofenac Sodium) 100mg Tabs x100 Pack","Voltaren Retard (Diclofenac Sodium) 100mg Tabs x100 Pack",1,0
20063,simple,SKU-215379,,"Wellman 50+ Tablets x 30",1,0,visible,,"<p>- Contributes to the maintenance of normal vision<br>\n- Contributes to the normal function of the heart and nervous system<br>\n- Contributes to the maintenance of normal muscle function<br>\n- Contributes to the reduction of tiredness and fatigue<br>\nWellman 50+ is a comprehensive nutritional formula with over 30 nutrients developed to safeguard the special nutritional needs of men aged 50 and above. Unlike a general multivitamin, they contain specialist bio-active nutrients to help maintain health &amp; vitality with specific support for male health, including iron, which contributes to the reduction of tiredness and fatigue.</p>",,,none,,1,,,0,0,0,,,,1,,,21640,Vitamins,"brand\,, family, health\,, healthplus\,, men's, multivitamins\,, supplements\,, top, vitabiotics\,, vitamins",,https://eutawpharmacycare.com/wp-content/uploads/2026/04/rxrsvvlbdbkfscwuq6vx_72ec8199-d754-4721-8fb7-e4bd803e3d21.png,,,,,,,,,0,Vitabiotics,"Wellman 50+ Tablets x 30","Wellman 50+ Tablets x 30",1,0
20065,simple,SKU-106747,,"Xalatan 0.01% (Latanoprost) Eye Drop x2.5ml",1,0,visible,,"<p>xalatan is a medication used to treat increased pressure inside the eye. This includes ocular hypertension and open-angle glaucoma.</p>",,,none,,1,,,0,0,0,,,,1,,,23400,"Eye Care","brand, care\,, eye, glaucoma, healthplus\,, only\,, pfizer\,, prescription, top, treatment\,",,https://eutawpharmacycare.com/wp-content/uploads/2026/04/xalatan-eye-drop-500x500-1.jpg,,,,,,,,,0,Pfizer,"Xalatan 0.01% (Latanoprost) Eye Drop x2.5ml","Xalatan 0.01% (Latanoprost) Eye Drop x2.5ml",1,0
20067,simple,SKU-148542,,"Zinnat (Cefuroxime Axetil) 250mg Tabs x10",1,0,visible,,"<p>Zinnat 500mg tablets belongs to a group of medicines called cephalosporin antibiotics. It works by killing bacteria that cause infections such as infections of the ear, throat and tonsils.</p>",,,none,,1,,,0,0,0,,,,1,,,9860,Infections,"antibiotics\,, brand, gsk\,, healthplus\,, infections\,, only\,, prescription, top",,https://eutawpharmacycare.com/wp-content/uploads/2026/04/Zinnat_20_28Cefuroxime_20Axetil_29_20250mg_20Tabs_20x10_1f307b03-51bd-49f5-b594-81962ae5d586.jpg,,,,,,,,,0,GSK,"Zinnat (Cefuroxime Axetil) 250mg Tabs x10","Zinnat (Cefuroxime Axetil) 250mg Tabs x10",1,0
20069,simple,SKU-114727,,"Zinnat (Cefuroxime Axetil) 500mg Tabs x10",1,0,visible,,"<p>Zinnat 500mg tablets belongs to a group of medicines called cephalosporin antibiotics. It works by killing bacteria that cause infections such as infections of the ear, throat and tonsils.</p>",,,none,,1,,,0,0,0,,,,1,,,16340,Infections,"antibiotics\,, brand, gsk\,, healthplus\,, infections\,, only\,, prescription, top",,https://eutawpharmacycare.com/wp-content/uploads/2026/04/Zinnat_20_28Cefuroxime_20Axetil_29_20500mg_20Tabs_20x10_f9134fa7-d1f2-45b2-84ff-aee8669bf578.jpg,,,,,,,,,0,GSK,"Zinnat (Cefuroxime Axetil) 500mg Tabs x10","Zinnat (Cefuroxime Axetil) 500mg Tabs x10",1,0
20071,simple,SKU-SKU-NG-86081,,"Zithromax Azithromycin 250mg Caps x6",1,0,visible,,"<p>Zithromax is an atibiotic used to treat many different types of infections caused by bacteria, such as respiratory infections, skin infections, ear infections, and sexually transmitted diseases.</p>",,,none,,1,,,0,0,0,,,,1,,,14750,Infections,"antibiotics\,, healthplus\,, infections\,, only, pfizer\,, prescription",,https://eutawpharmacycare.com/wp-content/uploads/2026/04/Zithromax_20Azithromycin_20250mg_20Caps_20x6_d67e13a4-6d6a-4d7a-a133-3df1104e01db.jpg,,,,,,,,,0,Pfizer,"Zithromax Azithromycin 250mg Caps x6","Zithromax Azithromycin 250mg Caps x6",1,0
20073,simple,SKU-148527,,"Loratadine Atadyn 5mg/5ml 100ml",1,0,visible,,"<p>Atadyn syrup is an antihistamine that treats symptoms such as itching, runny nose, watery eyes, and sneezing from hay fever and other allergies</p>",,,none,,1,,,0,0,0,,,,1,,,2670,"Mother & Child","&, allergies\,, anti-allergy\,, atadyn\,, child, children's, health\,, healthplus\,, mother",,https://eutawpharmacycare.com/wp-content/uploads/2026/04/Loratadine_20Atadyn_205mg-5ml.jpg,,,,,,,,,0,"PeakPharm Ltd","Loratadine Atadyn 5mg/5ml 100ml","Loratadine Atadyn 5mg/5ml 100ml",1,0
20075,simple,SKU-270210,,"Benadryl Allergy Relief (Acrivastine) Capsules X 12",1,0,visible,,"<p>- Effective allergy and hayfever treatment<br>\n- Lasts for up to 8 hours and provides relief from red, itchy, watery eyes, runny nose, and sneezing<br>\n- Flexible dosing makes it suitable for allergy sufferers who have short-lived allergy attacks</p>",,,none,,1,,,0,0,0,,,,1,,,9510,Allergies,"allergies\,, benadryl\,, healthplus",,https://eutawpharmacycare.com/wp-content/uploads/2026/04/44448376-1_1d09af5a-0885-4b96-ace8-509de1c0c319.jpg,,,,,,,,,0,Benadryl,"Benadryl Allergy Relief (Acrivastine) Capsules X 12","Benadryl Allergy Relief (Acrivastine) Capsules X 12",1,0
20077,simple,SKU-348160,,"Benadryl Allergy Relief Plus Capsules X 12",1,0,visible,,"<p>- Fast-acting relief for allergies and associated congestion<br>\n- Relieves sinus and nasal congestion, itchy and water eyes, runny nose and stuffiness and sneezing<br>\n- It can be taken by adults and children over 12 years</p>",,,none,,1,,,0,0,0,,,,1,,,21500,Allergies,"allergies\,, benadryl\,, healthplus",,https://eutawpharmacycare.com/wp-content/uploads/2026/04/benadryl_allergy_relief_plus_capsules_x_12.jpg,,,,,,,,,0,Benadryl,"Benadryl Allergy Relief Plus Capsules X 12","Benadryl Allergy Relief Plus Capsules X 12",1,0
20079,simple,SKU-270212,,"Benylin 4 Flu Tablets X 24",1,0,visible,,"<p>- Helps to ease cough and cold symptoms<br>\n- Reduces congestion and production of excess mucus<br>\n- Contains Paracetamol which helps bring down fever and provide relief from headaches or aches and pains</p>",,,none,,1,,,0,0,0,,,,1,,,23840,Cold,"benylin\,, cold\,, cough\,, healthplus",,https://eutawpharmacycare.com/wp-content/uploads/2026/04/Benylin_204_20Flu_20Tablets_20x24_8bd06d05-4512-4ad0-89c3-c96798520772.png,,,,,,,,,0,Benylin,"Benylin 4 Flu Tablets X 24","Benylin 4 Flu Tablets X 24",1,0
20081,simple,SKU-SKU-NG-85307,,"Benylin Children's Night Cough 125ml",1,0,visible,,"<p>- Suitable for children 6 years and older<br>\n- Helpe relieve to alleviate cough and runny nose<br>\nBenylin Children's Night Cough is a cough medicine for kids that is specifically intended for nighttime use. The active chemicals in the syrup help to alleviate coughing and dry a runny nose. Helps your child get a good night's rest. Suitable for children 6 years and older</p>",,,none,,1,,,0,0,0,,,,1,,,9480,"Mother & Child","&, allergies\,, benylin\,, child, children's, health\,, healthplus\,, mother",,https://eutawpharmacycare.com/wp-content/uploads/2026/04/Benylin_20Children_27s_20Night_20Cough_20125ml_32ef4c10-fa09-49d4-97b4-fb9878ea1c17.jpg,,,,,,,,,0,"Johnson &amp; Johnson","Benylin Children's Night Cough 125ml","Benylin Children's Night Cough 125ml",1,0
20083,simple,SKU-348164,,"Benylin Day And Night x16 Tablets",1,0,visible,,"<p>Benylin Day And Night x16 Tablets provide effective relief from cold and flu symptoms, day and night. The non-drowsy day formula tackles congestion and cough, while the nighttime formula promotes restful sleep. With max strength for aches, pains, and runny noses, Benylin is your essential companion for battling seasonal illnesses. Stay comfortable and energized all day long!</p>",,,none,,1,,,0,0,0,,,,1,,,10180,Cold,"(cough, &, allergies, benylin\,, cold)\,, cough\,, healthplus",,https://eutawpharmacycare.com/wp-content/uploads/2026/04/Benylin_20Day_20And_20Night_20x16_20Tablets_f934e045-b477-4b0b-ac55-fd00b4059498.png,,,,,,,,,0,"Johnson &amp; Johnson","Benylin Day And Night x16 Tablets","Benylin Day And Night x16 Tablets",1,0
20085,simple,SKU-348166,,"Benylin Mucus Cough & Cold All In One 350/5mg x16",1,0,visible,,"<p>Benylin Mucus Cough &amp; Cold All In One is a medication combines 350 mg of guaifenesin, which helps loosen mucus, and 5 mg of diphenhydramine, an antihistamine that relieves coughing and cold symptoms. It’s designed to alleviate multiple symptoms of colds, including cough, congestion, and sore throat.</p>",,,none,,1,,,0,0,0,,,,1,,,9010,"Nasal Congestion","(cough, &, allergies, benylin\,, children's, cold)\,, health\,, healthplus",,https://eutawpharmacycare.com/wp-content/uploads/2026/04/Benylin_20Mucus_20Cough_20-_20Cold_20x16_a4616e83-3eff-4636-84ac-69822d3a41c0.jpg,,,,,,,,,0,"Johnson &amp; Johnson","Benylin Mucus Cough & Cold All In One 350/5mg x16","Benylin Mucus Cough & Cold All In One 350/5mg x16",1,0
20087,simple,SKU-303547,,"Buscopan Cramps 10mg x20",1,0,visible,,"<p>Buscopan Cramps relieves the discomfort and suffering of stomach cramps and spasms. It has an antispasmodic action, which means it relaxes the cramping muscles of the stomach and intestine. It can also be used for Irritable bowel syndrome (IBS).</p>",,,none,,1,,,0,0,0,,,,1,,,29460,"Digestive Care","buscopan\,, care\,, cramps\,, digestive, healthplus",,https://eutawpharmacycare.com/wp-content/uploads/2026/04/Buscopan_20Cramps_2010mg_20x20_b27a9f2b-c549-426e-a872-8d42cb1e7ede.jpg,,,,,,,,,0,Sanofi,"Buscopan Cramps 10mg x20","Buscopan Cramps 10mg x20",1,0
20089,simple,SKU-106556,,"Caduet 10mg/10mg Tablets x 30",1,0,visible,,"<p>- Used to treat high blood pressure and high cholesterol<br>\n- It can also be used for angina<br>\n- It can also be used in people who have coronary heart disease (CHD) or who are at risk of CHD</p>",,,none,,1,,,0,0,0,,,,1,,,38620,Hypertension,"antihypertensive\,, caduet\,, cholesterol\,, healthplus\,, high, hypertension\,, only, prescription",,https://eutawpharmacycare.com/wp-content/uploads/2026/04/hsywhuw9fprt4gllbb9v.png,,,,,,,,,0,Pfizer,"Caduet 10mg/10mg Tablets x 30","Caduet 10mg/10mg Tablets x 30",1,0
20091,simple,SKU-224239,,"Calamine Lotion 100ml",1,0,visible,,"<p>- Relieves itching and irritation<br>\nCalamine is an anti-itch medication that relieves itching by cooling the skin as it evaporates. Calamine can also be used to dry oozing or weeping caused by slight skin irritation. It is used to relieve itching and irritation caused by chickenpox, insect bites or stings, measles, eczema, sunburn, and other minor skin problems.</p>",,,none,,1,,,0,0,0,,,,1,,,470,"Other Allergies","allergies, anti-allergy\,, healthplus\,, itchy, moko\,, other, skin\,",,https://eutawpharmacycare.com/wp-content/uploads/2026/04/kdmgqwzbsmzl0ne5brow.jpg,,,,,,,,,0,Moko,"Calamine Lotion 100ml","Calamine Lotion 100ml",1,0
20093,simple,SKU-349809,,"Cialis 20mg Tablet x4",1,0,visible,,"<p>Cialis is an erectile dysfunction therapy for adult males. This occurs when a guy is unable to obtain or maintain a hard, erect penis that is suited for sexual engagement. CIALIS has been demonstrated to boost the capacity to achieve a hard erect penis that is suited for sexual engagement. Following sexual stimulation, Cialis works by assisting the relaxation of the blood vessels in your penis, allowing blood to flow freely into your penis.</p>",,,none,,1,,,0,0,0,,,,1,,,96670,"Erectile Dysfunction","brand, cialis\,, dysfunction\,, erectile, healthplus\,, only\,, prescription, top",,https://eutawpharmacycare.com/wp-content/uploads/2026/04/Cialis_2020mg_20Tablet_20x4_b0a6c7fe-b3f7-47a4-b534-8e3715de14f0.jpg,,,,,,,,,0,Lilly,"Cialis 20mg Tablet x4","Cialis 20mg Tablet x4",1,0
20095,simple,SKU-118029,,"Ciprotab TN Tabs x10",1,0,visible,,"<p>Ciprotab TN is an antibiotic used for the treatment of bacterial infections, diarrhoea/dysentery caused by infections, respiratory tract infections, dental and oral infections, and vaginal infections. It is also used to treat bacterial infections like bronchitis, pneumonia, and gonococcal infections.</p>",,,none,,1,,,0,0,0,,,,1,,,5560,Infections,"antibiotics\,, body, ciprotab, healthplus\,, infections\,, only, pain\,, prescription, tn\,",,https://eutawpharmacycare.com/wp-content/uploads/2026/04/Ciprotab_20TN_20Tabs_20x10_c8e363c8-41e0-4d29-b26c-eb76e4574079.jpg,,,,,,,,,0,Fidson,"Ciprotab TN Tabs x10","Ciprotab TN Tabs x10",1,0
20097,simple,SKU-116242,,"Clofenac 50 Blister",1,0,visible,,"<p>- Used to treat mild to moderate pain or signs and symptoms of osteoarthritis or rheumatoid arthritis.<br>\n- Used to relieve pain and inflammation<br>\nClofenac (Diclofenac) is a nonsteroidal anti-inflammatory drug (NSAID). It is used to relieve pain and swelling (inflammation) from various mild to moderate painful conditions. It is used to treat muscle aches, backaches, dental pain, menstrual cramps, and sports injuries. It also reduces pain, swelling, and joint stiffness caused by arthritis.</p>",,,none,,1,,,0,0,0,,,,1,,,4500,Anti-inflammatory,"anti-inflammatory\,, healthplus\,, hovid\,, joint, only\,, pain\,, prescription, sensitivity, tooth",,https://eutawpharmacycare.com/wp-content/uploads/2026/04/qwefx7pe52tcn84zahpb.jpg,,,,,,,,,0,Hovid,"Clofenac 50 Blister","Clofenac 50 Blister",1,0
20099,simple,SKU-SKU-NG-85399,,"Colgate Deep Clean Whitening with Baking Soda 100ml Toothpaste",1,0,visible,,"<p>Colgate Deep Clean Whitening with Baking Soda (100ml) deeply cleans and removes surface stains for a brighter, whiter smile. The baking soda formula helps neutralize odors and fight plaque, while promoting fresh breath and overall oral health. Ideal for daily use to maintain a healthy, radiant smile.</p>",,,none,,1,,,0,0,0,,,,1,,,4170,"Oral Care","care\,, colgate\,, healthplus\,, oral, toothpaste",,https://eutawpharmacycare.com/wp-content/uploads/2026/04/Colgate_20Deep_20Clean_20Whitening_20with_20Baking_20Soda_20100ml_20Toothpaste.png,,,,,,,,,0,Colgate,"Colgate Deep Clean Whitening with Baking Soda 100ml Toothpaste","Colgate Deep Clean Whitening with Baking Soda 100ml Toothpaste",1,0
20101,simple,SKU-224253,,"De-Deon's Syrup 150ml",1,0,visible,,"<p>- Used for the treatment of anemia<br>\n- Boosts strength and physical endurance<br>\nDe-Deon's Tonic is used for anemia, strength and physical endurance, Vitamin B12 deficiencies and chronic tiredness.. The active ingredients in De-Deon's Tonic include cyanocobalamin, and liver Extract. De-Deon's works by transporting oxygen from the lungs to the body's tissues, boosting the amount of liver cells, and restoring normal red blood cell and nerve tissue production.</p>",,,none,,1,,,0,0,0,,,,1,,,6340,Vitamins,"de-deon's\,, healthplus\,, hematinics\,, vitamins",,https://eutawpharmacycare.com/wp-content/uploads/2026/04/De-Deon_27s_20Syrup_20150ml.jpg,,,,,,,,,0,De-Deon's,"De-Deon's Syrup 150ml","De-Deon's Syrup 150ml",1,0
20103,simple,SKU-225184,,"Deep Freeze Cold Gel 35g",1,0,visible,,"<p>- Designed to rapidly cool an injured area and help numb pain and relieve muscle stiffness<br>\n- Delivers targeted pain relief<br>\n- Suitable for the symtomatic relief of pain in muscles, tendons and joints, and minor sporting injuries</p>",,,none,,1,,,0,0,0,,,,1,,,10510,"Pain Management - Others","'-, anti-inflammatory\,, deep, freeze\,, healthplus\,, management, otc\,, others, pain",,https://eutawpharmacycare.com/wp-content/uploads/2026/04/Deep_20Freeze_20Cold_20Gel_2035g.jpg,,,,,,,,,0,"Deep Freeze","Deep Freeze Cold Gel 35g","Deep Freeze Cold Gel 35g",1,0
20105,simple,SKU-146911,,"Dynamogen Oral Solution x20",1,0,visible,,"<p>- Appetite stimulant<br>\nDynamogen Oral Solution is used to treat people who have lost weight due to a lack of appetite, anorexia, or chronic conditions. It is used to gain weight since it stimulates the appetite for eating.</p>",,,none,,1,,,0,0,0,,,,1,,,9750,Supplements,"appetite, brand, dynamogen\,, healthplus\,, stimulant\,, supplements\,, top",,https://eutawpharmacycare.com/wp-content/uploads/2026/04/Dynamogen_20Oral_20Solution_e7c0af2e-0ed2-4454-acd0-f41cc6b3f2f8.jpg,,,,,,,,,0,Dynamogen,"Dynamogen Oral Solution x20","Dynamogen Oral Solution x20",1,0
20107,simple,SKU-114952,,"DGF Diclofenac Eye Drop 0.1%",1,0,visible,,"<p>Diclofenac Eye Drop is used to treat eye pain, redness, and swelling in patients who are recovering from cataract surgery. It is also used to temporarily relieve eye pain and sensitivity to light in patients who are recovering from corneal refractive surgery (surgery to improve vision).</p>",,,none,,1,,,0,0,0,,,,1,,,1690,"Eye Care","care\,, drugfield, eye, healthplus, pharmaceuticals\,",,https://eutawpharmacycare.com/wp-content/uploads/2026/04/a5a44bpmae28xk0rh6wn_afb7af56-0dbc-42b2-b836-59422889b159.jpg,,,,,,,,,0,"Drugfield Pharmaceuticals","DGF Diclofenac Eye Drop 0.1%","DGF Diclofenac Eye Drop 0.1%",1,0
20109,simple,SKU-121554,,"Dopatab 250mg",1,0,visible,,"<p>Dopatab is used alone or with other medications to treat high blood pressure (hypertension). Lowering high blood pressure helps prevent strokes, heart attacks, and kidney problems. Dopatab works by relaxing blood vessels so blood can flow more easily.</p>",,,none,,1,,,0,0,0,,,,1,,,13190,Hypertension,"antihypertensive\,, healthplus\,, hovid\,, hypertension\,, only, prescription",,https://eutawpharmacycare.com/wp-content/uploads/2026/04/b31b0294-3d6e-11e8-b23d-00163e501293.jpg,,,,,,,,,0,Hovid,"Dopatab 250mg","Dopatab 250mg",1,0
20111,simple,SKU-120055,,"Doxycap 100mg Capsules Blister",1,0,visible,,"<p>Doxycap is an antibiotic used to treat many kinds of infections, like dental, skin, respiratory, and urinary tract infections. It also treats acne, malaria, and certain sexually transmitted infections.</p>",,,none,,1,,,0,0,0,,,,1,,,12400,Infections,"antibiotics\,, doxycap\,, healthplus\,, infections\,, only, prescription",,https://eutawpharmacycare.com/wp-content/uploads/2026/04/OIP.jpg,,,,,,,,,0,Hovid,"Doxycap 100mg Capsules Blister","Doxycap 100mg Capsules Blister",1,0
20113,simple,SKU-SKU-NG-85457,,"Durex Fetherlite Condoms X 12",1,0,visible,,"<p>- No loss of sensitivity during sex<br>\n- Fits well<br>\n- Straight walled, flavoured and lubricated<br>\n- Shaped to be easier to put on and to provide a better fit and feel during lovemaking<br>\nDurex condoms provide high level of reassurance and protection during sex. They’re shaped to be easier to put on and provide a better, sleeker fit and feel during sex. The way Durex condoms are made means there are no unpleasant distractions, you can just relax and enjoy.</p>",,,none,,1,,,0,0,0,,,,1,,,16590,"Sexual Health","condoms\,, contraceptives\,, durex\,, family, healthplus, planning\,",,https://eutawpharmacycare.com/wp-content/uploads/2026/04/eimhvyscg2s1alv0kvoz_1271fc28-1664-4058-80c9-01ee65cf97c8.png,,,,,,,,,0,"Reckitt Benckiser","Durex Fetherlite Condoms X 12","Durex Fetherlite Condoms X 12",1,0
20115,simple,SKU-272813,,"Emcap Paracetamol Suspension 60ml",1,0,visible,,"<p>-  Relieves mild to moderate pain<br>\n- Reduces fever<br>\nEmcap Paracetamol Suspension is used for the fast relief from pains, feverish conditions, teething pains, cold symptoms, headache, earache, and general body aches in children.</p>",,,none,,1,,,0,0,0,,,,1,,,850,"Fevers, Headache & Migraine","&, body, emcap\,, fevers\,, headache, healthplus, migraine\,, pain\,",,https://eutawpharmacycare.com/wp-content/uploads/2026/04/Emcap_20Paracetamol_20Suspension_2060ml_82f11f48-eb2b-484f-a6f8-ed8c22a8f46f.jpg,,,,,,,,,0,Emzor,"Emcap Paracetamol Suspension 60ml","Emcap Paracetamol Suspension 60ml",1,0
20117,simple,SKU-SKU-NG-85705,,"Neurovit Forte Tablet x10 Blisters",1,0,visible,,"<p>-  For treatment of peripheral neuropathy and neuralgias<br>\n- Helps improve nerves functions, relieving pain and tingling sensation at the fingers and toes<br>\nNeurovit Forte contains 3 main vitamin B, B1 (thiamine), B6 (Pyridoxine) &amp; B12 (Cynocobalamin) at double strength. They are in a combination which is optimal to help improve nerves functions, relieving pain and tingling sensation at the fingers and toes, in diabetics and elderly people. It is also used in treatment of nutritional vitamin B1, B6 and B12 deficiencies, peripheral neuritis and in conditions requiring increased intake such as alcoholism, hepatic disease, hyperthyroidism, infection, and malabsorption syndromes.</p>",,,none,,1,,,0,0,0,,,,1,,,24170,Vitamins,"b\,, brand\,, forte\,, healthplus\,, nerve, neurovit, pain, top, treatment\,, vitamin, vitamins",,https://eutawpharmacycare.com/wp-content/uploads/2026/04/Neurovit_20Forte_20Tablet_20x_2010_20Blisters_4c67c82f-234a-4687-a60f-742c58f1f485.png,,,,,,,,,0,Hovid,"Neurovit Forte Tablet x10 Blisters","Neurovit Forte Tablet x10 Blisters",1,0
20119,simple,SKU-SKU-NG-85640,,"Omron Digital Blood Pressure M3 Basic Monitor",1,0,visible,,"<p>- Easy High Blood Pressure colour indicator.<br>\n- Easy to use<br>\n- Irregular heart beat detection<br>\nOmron Digital Blood Pressure M3 Basic Monitor is fully automatic and delivers the accuracy and reliability. Comes with an easy Cuff (22-42 cm).</p>",,,none,,1,,,0,0,0,,,,1,,,165000,"Test & Diagnostics","&, blood, body, brand, diagnostics\,, healthplus\,, monitor\,, omron\,, otc\,, pain\,, pressure, test, top",,https://eutawpharmacycare.com/wp-content/uploads/2026/04/Omron_20Digital_20Blood_20Pressure_20M3_20Basic_20Monitor_fd851643-ac97-405c-8896-0b56c6ac184d.jpg,,,,,,,,,0,Omron,"Omron Digital Blood Pressure M3 Basic Monitor","Omron Digital Blood Pressure M3 Basic Monitor",1,0
20121,simple,SKU-126244,,"Emzor Paracetamol Syrup 125mg/5ml",1,0,visible,,"<p>-  Relieves mild to moderate pain<br>\n- Reduces fever<br>\nEmzor Paracetamol Syrup is used for the fast relief from pains, feverish conditions, teething pains, cold symptoms, headache, earache, and general body aches in children.</p>",,,none,,1,,,0,0,0,,,,1,,,1100,"Mother & Child","&, child, children's, emzor\,, fevers\,, headache, health\,, healthplus\,, migraine\,, mother",,https://eutawpharmacycare.com/wp-content/uploads/2026/04/Emzor_20Paracetamol_20Syrup_20125mg-5ml_b2375875-792a-47e7-ad91-f1b20fbcf3e1.png,,,,,,,,,0,Emzor,"Emzor Paracetamol Syrup 125mg/5ml","Emzor Paracetamol Syrup 125mg/5ml",1,0
20123,simple,SKU-157492,,"Pregnacare Plus Omega-3 Capsules x56",1,0,visible,,"<p>- Contributes to normal foetal brain &amp; eye development<br>\n- Helps maintain maternal Health<br>\n- Contributes to normal production of thyroid hormones and function<br>\n- Contributes to normal red blood cell formation<br>\nPregnacare Plus is a dual pack of supplements which contain vitamins, minerals, and nutrients which are ideal for pregnant women. They help to provide you and your baby with the essential nutrients you both need to be at your best during this life changing time.</p>",,,none,,1,,,0,0,0,,,,1,,,29750,"Pregnancy & Breastfeeding","&, brand\,, breastfeeding\,, Health, healthplus\,, pregnancy, prenatal, supplements\,, top, vitabiotics\,, vitamins\,, women's",,https://eutawpharmacycare.com/wp-content/uploads/2026/04/Pregnacare_20Plus_20Omega_203_20Capsules_20x56_0e5e4cfa-58b4-433b-9c1c-8dbd7f17b69a.jpg,,,,,,,,,0,Vitabiotics,"Pregnacare Plus Omega-3 Capsules x56","Pregnacare Plus Omega-3 Capsules x56",1,0
20125,simple,SKU-126187,,"Klovinal Vaginal Pessaries x6",1,0,visible,,"<p>Klovinal is a vaginal infection medication that combines clotrimazole, metronidazole, and lactobacillus spores to treat both fungal and bacterial infections such as vulvovaginal candidiasis (yeast infection), bacterial vaginosis, and trichomoniasis. Klovinal is a pessary that treats the causes of vaginitis while also restoring the vaginal acidic balance (or natural flora). It is effective at preventing recurrent vaginal infections.</p>",,,none,,1,,,0,0,0,,,,1,,,6670,Infections,"antifungal\,, brand, healthcare, healthplus\,, infections\,, klovinal\,, seller\,, top",,https://eutawpharmacycare.com/wp-content/uploads/2026/04/Klovinal_20Vaginal_20Pessaries_20x6_3e1fa60b-1072-4fc2-b848-7497d36813f5.jpg,,,,,,,,,0,"Bliss GVS","Klovinal Vaginal Pessaries x6","Klovinal Vaginal Pessaries x6",1,0
20127,simple,SKU-116717,,"Lofnac Gel 30g",1,0,visible,,"<p>- Effective for pain and inflammation in the muscles, joints, tendons, and ligaments<br>\nLofnac gel is used to relieve this pain and inflammation in the muscles, joints, tendons, and ligaments. The gel permeates deep into the skin, improving diclofenac delivery to the pain spot. It relieves sprains and strains, sports injuries (e.g. tennis elbow), and soft tissue rheumatism as well as pain and inflammation in the muscles, joints, tendons, and ligaments.</p>",,,none,,1,,,0,0,0,,,,1,,,800,"Pain Management - Others","'-, anti-inflammatory\,, gel\,, healthplus\,, lofnac, management, others, pain",,https://eutawpharmacycare.com/wp-content/uploads/2026/04/Lofnac_20Gel_2030g_6fd216ee-0e21-4714-82fd-d3af0420452d.jpg,,,,,,,,,0,"Bliss GVS","Lofnac Gel 30g","Lofnac Gel 30g",1,0
20129,simple,SKU-215991,,"Moko Glycerine Borax",1,0,visible,,"<p>Mouth ulcers can be effectively treated with glycerin borax. It It is applied to the affected area to assist relieve pain and stinging. Cleaning a baby's mouth with Moko Glycerin Borax Solution is safe. Glycerin has a naturally sweet flavor, however it does not cause tooth decay.</p>",,,none,,1,,,0,0,0,,,,1,,,500,"Oral Care","care, healthplus\,, moko\,, mouth, oral, ulcers\,",,https://eutawpharmacycare.com/wp-content/uploads/2026/04/176.jpg,,,,,,,,,0,Moko,"Moko Glycerine Borax","Moko Glycerine Borax",1,0
20131,simple,SKU-116786,,"Moko Methylated Spirit",1,0,visible,,"<p>- Used for First aid to decrease germs in minor cuts and scrapes<br>\n- May also be used for sterilizing surfaces<br>\nMethylated spirit can be used as First aid to decrease germs in minor cuts and scrapes. It can also be used to disinfect skin before injections, for sterilizing surfaces, as well as medical tools before minor surgeries.</p>",,,none,,1,,,0,0,0,,,,1,,,2020,Uncategorized,"aids\,, brand\,, first, healthplus\,, moko\,, top, wounds",,https://eutawpharmacycare.com/wp-content/uploads/2026/04/Moko_20Methylated_20Spirit.png,,,,,,,,,0,Moko,"Moko Methylated Spirit","Moko Methylated Spirit",1,0
20133,simple,SKU-337985,,"Molped Maxi Thick Extra Long x28",1,0,visible,,"<p>- It features cotton-like wings, which add to the feeling of comfort while using it<br>\n- It is nylon-free, which adds to the sensation of comfort<br>\nMolped Maxi Thick Sanitary Pad offer a soft, cotton-like dri weave cover that is softer than before and helps provide clean, dry protection. Furthermore, the Flexi wings contain stretchy pleats that bend as you move, allowing them to securely wrap around pads to keep them in place and protect you from leaks. Also, It absorbs 3 times of its weight.</p>",,,none,,1,,,0,0,0,,,,1,,,7280,Uncategorized,"&, beauty, feminine, grooming\,, healthplus\,, hygiene\,, molped\,, pads, sanitary",,https://eutawpharmacycare.com/wp-content/uploads/2026/04/Molped_20Maxi_20Thick_20Extra_20Long_20x28_1188ef4b-3f3a-45e2-ae2a-43b0fea671bf.jpg,,,,,,,,,0,Molped,"Molped Maxi Thick Extra Long x28","Molped Maxi Thick Extra Long x28",1,0
20135,simple,SKU-270200,,"Nature's Field Adam's Desire Capsules x 60",1,0,visible,,"<p>-  Increases sexual drive<br>\n- Helps boost libido and increases testosterone levels<br>\n- It eases stress and improves sexual function<br>\nNature's Field Adam's Desire is a blend of eight clinically researched herbal extracts that have been shown to improve men's sexual desire and performance. Adam's Desire is a potent herbal erectile dysfunction therapy. Adam's Desire improves your sexual performance without having any negative side effects. It aids in the natural treatment of premature ejaculation in men.</p>",,,none,,1,,,0,0,0,,,,1,,,33000,"Libido Enhancer","enhancer\,, enhancers\,, field, healthplus\,, libido, nature's",,https://eutawpharmacycare.com/wp-content/uploads/2026/04/ohhvrtego3jjdscrf0rt_bb87aa13-ec91-4585-9804-c3a6dda7cb9b.jpg,,,,,,,,,0,Sylken,"Nature's Field Adam's Desire Capsules x 60","Nature's Field Adam's Desire Capsules x 60",1,0
20137,simple,SKU-270279,,"Nature's Field Maca",1,0,visible,,"<p>- Helps increase your sex drive (libido) as a man and woman<br>\n-  Improves your mental well-being and mood <br>\n- Helps increase sperm production and improves sperm quality<br>\nNature's Field Maca contains 500mg of pure maca root powder to help men and women increase their sexual drive (libido), sexual energy, and fertility. Although maca root is low in calories, it is high in vitamin C, iron, potassium, and copper. Maca has been used by Peruvian indigenous peoples for years for its nutritional and aphrodisiac properties, as well as as a general energy tonic for men's sexual performance.</p>",,,none,,1,,,0,0,0,,,,1,,,15400,"Libido Enhancer","enhancer\,, enhancers\,, field, healthplus\,, libido, nature's",,https://eutawpharmacycare.com/wp-content/uploads/2026/04/Nature_27s-Field-Maca.png,,,,,,,,,0,Sylken,"Nature's Field Maca","Nature's Field Maca",1,0
20139,simple,SKU-272831,,"Nature's Field Selenium 200mcg",1,0,visible,,"<p>- Powerful antioxidant<br>\n- Boosts your immune system<br>\n- Protects your thyroid gland from oxidative stress<br>\nNature's Field Selenium is a potent antioxidant that fights oxidative stress and protects your body from chronic diseases like heart disease and cancer. Selenium is a trace mineral that is required by your body. It is necessary for the immune system and thyroid gland to operate properly.</p>",,,none,,1,,,0,0,0,,,,1,,,7040,Supplements,"antioxidants\,, field\,, healthplus\,, immune, nature's, supplements, support\,",,https://eutawpharmacycare.com/wp-content/uploads/2026/04/mydtfp7dt9dksgmh2cki_19f891b5-e226-41eb-97ed-0d06f2841d84.jpg,,,,,,,,,0,Sylken,"Nature's Field Selenium 200mcg","Nature's Field Selenium 200mcg",1,0
20141,simple,SKU-132201,,"Neofylin Cough Syrup",1,0,visible,,"<p>- Soothing effect<br>\n- Cough relief<br>\nNeofylin Cough Syrup is used for treating cough, common cold, allergy, hay fever, and itchy throat.</p>",,,none,,1,,,0,0,0,,,,1,,,1550,Cough,"cough\,, healthplus\,, neofylin",,https://eutawpharmacycare.com/wp-content/uploads/2026/04/Neofylin_20Cough_20Syrup.jpg,,,,,,,,,0,Mopson,"Neofylin Cough Syrup","Neofylin Cough Syrup",1,0
20143,simple,SKU-229505,,"Normoretic 5mg/50mg x100",1,0,visible,,"<p>Normoretic is used to treat high blood pressure. Lowering high blood pressure helps prevent strokes, heart attacks, and kidney problems.</p>",,,none,,1,,,0,0,0,,,,1,,,4680,Hypertension,"antihypertensive\,, healthplus\,, hypertension\,, neimeth\,, only, prescription",,https://eutawpharmacycare.com/wp-content/uploads/2026/04/Normoretic_205mg-50mg_20x100_f39510b6-5f3c-44fa-9f18-6b85cbadda29.png,,,,,,,,,0,Neimeth,"Normoretic 5mg/50mg x100","Normoretic 5mg/50mg x100",1,0
20145,simple,SKU-SKU-NG-85788,,"Perilon Prednisone 5mg x100 tabs",1,0,visible,,"<p>Prednisone is an anti-inflammatory medicine used to treat a variety of ailments, including asthma, severe allergies, inflamed skin, serious arthritis, digestive disorders, blood disorders, and certain malignancies. Lupus, psoriasis, ulcerative colitis, gland (endocrine) disorders, and conditions that affect the skin, eyes, lungs, stomach, neurological system, or blood cells are among the inflammatory conditions that Perilon tablet is used to treat.</p>",,,none,,1,,,0,0,0,,,,1,,,5340,Anti-inflammatory,"anti-inflammatory\,, asthma\,, healthplus\,, hovid\,, only, prescription",,https://eutawpharmacycare.com/wp-content/uploads/2026/04/Perilon_20Prednisone_205mg_20x100_20tabs_21b931c2-9639-4643-90e4-731234d42e54.jpg,,,,,,,,,0,Hovid,"Perilon Prednisone 5mg x100 tabs","Perilon Prednisone 5mg x100 tabs",1,0
20147,simple,SKU-171096,,"Refucil 500mg (Griseofulvin) x20",1,0,visible,,"<p>Griseofulvin is an antifungal medicine that is used to treat infections such as ringworm, athlete's foot, and fungal infections of the scalp, fingernails, and toenails.</p>",,,none,,1,,,0,0,0,,,,1,,,8090,Infections,"antifungal\,, healthplus\,, infections\,, only\,, pharmaceutical, prescription, reals",,https://eutawpharmacycare.com/wp-content/uploads/2026/04/Refucil_20500mg_20_28Griseofulvin_29_20x20_1fbe720f-832d-4320-aa48-57c8cdc0d24e.png,,,,,,,,,0,"Reals Pharmaceutical","Refucil 500mg (Griseofulvin) x20","Refucil 500mg (Griseofulvin) x20",1,0
20149,simple,SKU-124707,,"Secwid 500mg Tabs x4",1,0,visible,,"<p>Secwid is indicated for the treatment of vaginal infections (bacterial vaginosis). It is an antibiotic that acts by preventing bacteria from growing.</p>",,,none,,1,,,0,0,0,,,,1,,,1510,Infections,"antibiotics\,, healthplus\,, infections\,, only\,, prescription, secwid",,https://eutawpharmacycare.com/wp-content/uploads/2026/04/Secwid_20500mg_20Tabs_20x4_6fdd9d3f-937c-4a68-8c9f-888243894f8b.jpg,,,,,,,,,0,"May &amp; Baker","Secwid 500mg Tabs x4","Secwid 500mg Tabs x4",1,0
20151,simple,SKU-106704,,"Thiapril 5mg/12.5mg x30",1,0,visible,,"<p>- Combination medication for managing high blood pressure.<br>\n- Contains an ACE inhibitor and a diuretic to help lower blood pressure effectively.<br>\n- Reduces fluid retention and improves heart function.<br>\n- Helps lower the risk of stroke and heart-related complications.</p>",,,none,,1,,,0,0,0,,,,1,,,3500,Antihypertensive,"&, antihypertensive\,, baker\,, healthplus\,, hypertension\,, may, only, prescription",,https://eutawpharmacycare.com/wp-content/uploads/2026/04/Thiapril_205mg-12.5mg_20x30_699bb140-c1ad-4e08-9b17-dbc2b24a79b2.png,,,,,,,,,0,"HealthPlus Pharmacy","Thiapril 5mg/12.5mg x30","Thiapril 5mg/12.5mg x30",1,0
20153,simple,SKU-117967,,"Tydineal Cream 20g",1,0,visible,,"<p>Tydineal cream is used for treatment of fungal infections of the skin. It is effective against skin infections like eczema and ringworm.</p>",,,none,,1,,,0,0,0,,,,1,,,760,Infections,"antifungal\,, healthplus\,, infections\,, tydineal",,https://eutawpharmacycare.com/wp-content/uploads/2026/04/Tydineal_20Cream_2020g_75d18ef5-ee86-494b-b720-f67b079589f6.png,,,,,,,,,0,Osworth,"Tydineal Cream 20g","Tydineal Cream 20g",1,0
20155,simple,SKU-296967,,"Wellkid Baby & Infant Syrup 150ml",1,0,visible,,"<p>- Supports healthy bones in children<br>\n- Contributes to normal immune system function<br>\n- Contains vitamins and minerals to support growth and development in children</p>",,,none,,1,,,0,0,0,,,,1,,,15090,"Mother & Child","&, brand\,, child\,, children's, family, health\,, healthplus\,, kid's, mother, multivitamins\,, top, wellkid",,https://eutawpharmacycare.com/wp-content/uploads/2026/04/1461758163_756ad3b5-a7b3-47f2-983b-27d266763474.jpg,,,,,,,,,0,Vitabiotics,"Wellkid Baby & Infant Syrup 150ml","Wellkid Baby & Infant Syrup 150ml",1,0
20157,simple,SKU-233550,,"Wellman Plus Omega 3-6-9 Tablets/Capsules x 56",1,0,visible,,"<p>- Contributes to the normal function of the immune system<br>\n- Helps maintain normal vision, brain function and normal function of the heart<br>\nWellman Plus Omega 3.6.9 provides all of the benefits of the Wellman Original multivitamin tablet, which provides critical nutrients for health and vitality, as well as an Omega-3-6-9 capsule, which contains a rich amount of DHA and EPA that contributes to optimal brain and heart function. Wellman Plus contains omega-3, omega-6, and omega-9 which are important for many aspects of health and can aid in the maintenance of the brain, eyes, skin, muscles, and joints. Omega-6 and omega-9 fatty acids are also good sources of plant sterols and can help maintain normal, healthy cholesterol levels.</p>",,,none,,1,,,0,0,0,,,,1,,,33740,Vitamins,"brand\,, health\,, healthplus\,, men's, multivitamins\,, supplements\,, top, vitabiotics\,, vitamins",,https://eutawpharmacycare.com/wp-content/uploads/2026/04/wjsa3lje58k4fofvpwvw_419beaf4-a7b8-42a1-90dd-1a47f48d2192.jpg,,,,,,,,,0,Vitabiotics,"Wellman Plus Omega 3-6-9 Tablets/Capsules x 56","Wellman Plus Omega 3-6-9 Tablets/Capsules x 56",1,0
20159,simple,SKU-167581,,"Ytacan Clotrimazole 30g",1,0,visible,,"<p>- Broad-spectrum antifungal cream for treating skin infections.<br>\n- Effective against athlete's foot, ringworm, and jock itch.<br>\n- Relieves itching, redness, and irritation caused by fungal infections.<br>\n- Helps prevent the spread of infection with regular use.</p>",,,none,,1,,,0,0,0,,,,1,,,740,Antifungal,"antifungal\,, healthplus\,, ytacan",,https://eutawpharmacycare.com/wp-content/uploads/2026/04/Ytacan_20Clotrimazole_2030g.jpg,,,,,,,,,0,"HealthPlus Pharmacy","Ytacan Clotrimazole 30g","Ytacan Clotrimazole 30g",1,0
20161,simple,SKU-198778,,"Acneaway Cream 20g",1,0,visible,,"<p>Acneaway Cream is a medicine that is used for the treatment of pimples, eczema, acne, fungal, bacterial and other skin Infections.</p>",,,none,,1,,,0,0,0,,,,1,,,880,Infections,"acneaway\,, antibacterial\,, antifungal\,, healthplus",,https://eutawpharmacycare.com/wp-content/uploads/2026/04/Acneaway_20Cream_2020g_e0b76061-f66c-4c43-8330-b058a1aab2cf.png,,,,,,,,,0,"Elbe Pharma","Acneaway Cream 20g","Acneaway Cream 20g",1,0
20163,simple,SKU-161803,,"M2 Tone x20",1,0,visible,,"<p>- Maintains hormonal balance<br>\n- Improves uterine health</p>",,,none,,1,,,0,0,0,,,,1,,,5910,Supplements,"balance\,, healthplus\,, hormone, m2, supplements, tone\,",,https://eutawpharmacycare.com/wp-content/uploads/2026/04/M2_20Tone_20x20_9c8ed7a3-42bb-49d2-8ea9-afbd27c9718b.jpg,,,,,,,,,0,Charak,"M2 Tone x20","M2 Tone x20",1,0
20165,simple,SKU-345497,,"Forever Bee Propolis x60",1,0,visible,,"<p>- Supports the body’s defenses<br>\n- Contains natural nutritional compounds</p>",,,none,,1,,,0,0,0,,,,1,,,16510,Supplements,"featured, forever, healthplus\,, living\,, product\,, supplements",,https://eutawpharmacycare.com/wp-content/uploads/2026/04/Forever_20Bee_20Propolis_20x60_12cb1026-a1e8-4521-8bae-22a9acae2734.jpg,,,,,,,,,0,"Forever Living","Forever Bee Propolis x60","Forever Bee Propolis x60",1,0
20167,simple,SKU-339706,,"Superlife STC 30 x 15 Sachets",1,0,visible,,"<p>- Boosts immunity<br>\n- Stem cell supplement<br>\n- Promotes overall health and wellness</p>",,,none,,1,,,0,0,0,,,,1,,,20490,Supplements,"30\,, brand, healthplus\,, stc, supplements\,, top",,https://eutawpharmacycare.com/wp-content/uploads/2026/04/Superlife_20STC_2030_20x15_20Sachets_7a7ed990-704d-452a-8db4-f65f27a496d8.png,,,,,,,,,0,Superlifeworld,"Superlife STC 30 x 15 Sachets","Superlife STC 30 x 15 Sachets",1,0
20169,simple,SKU-SKU-NG-85464,,"Efamol Brain Liquid Formula with Evening Primerose Oil and Omega 3 & 6 150ml",1,0,visible,,"<p>- Supports normal brain function and normal vision<br>\n- Contributes to the normal function of the heart<br>\n- Contributes to the protection of cells from oxidative stress</p>",,,none,,1,,,0,0,0,,,,1,,,31150,"Mother & Child","&, brain, child\,, children's, efalex\,, family, health\,, healthplus\,, mother, supplements",,https://eutawpharmacycare.com/wp-content/uploads/2026/04/Efamol_20Brain_20Liquid_20Formula_20with_20Evening_20Primerose_20Oil_20and_20Omega_203_20and_206_20150ml_5d01ef8f-89c4-4b8b-85e1-7e6855686ce7.png,,,,,,,,,0,Efamol,"Efamol Brain Liquid Formula with Evening Primerose Oil and Omega 3 & 6 150ml","Efamol Brain Liquid Formula with Evening Primerose Oil and Omega 3 & 6 150ml",1,0
20171,simple,SKU-SKU-NG-85923,,"Nature Herbs SOS Advance Capsules x 60",1,0,visible,,"<p>- Detoxifies the liver, kidneys, bladder and all vital organs.<br>\n- Helps eliminate toxins, parasites and unwanted bacteria.<br>\n- Boosts immune system.<br>\nSOS Advance is a Natural Organic, anti-bacterial, anti-viral, antifungal , antiparasitic, non-toxic, carcinogen-free solution. It is a natural solution based on natural essential oils and essences from a range of well known plants &amp; flowers.</p>",,,none,,1,,,0,0,0,,,,1,,,95420,"Immune Support","antioxidants\,, essentials\,, healthplus\,, immune, liver, sos, supplements, support\,",,https://eutawpharmacycare.com/wp-content/uploads/2026/04/Nature_20Herbs_20SOS_20Advance_20Capsules_20x60_bbbc72da-75f0-41fa-97c9-35ad53d1f734.jpg,,,,,,,,,0,"SOS Essentials","Nature Herbs SOS Advance Capsules x 60","Nature Herbs SOS Advance Capsules x 60",1,0
20173,simple,SKU-138541,,"FloraNorm 250mg x10",1,0,visible,,"<p>- Natural support for gut health<br>\nFloranorm sachets contains Saccharomyces boulardii (probiotic) which is a beneficial organism that aids in the battle against disease-causing bacteria and yeast in the gut. It is primarily used to treat and prevent recurring gastrointestinal illnesses. Floranorm can help with diarrhoea, ulcerative colitis, lactose intolerance, and yeast infections.</p>",,,none,,1,,,0,0,0,,,,1,,,14810,"Digestive Care","brand, care\,, digestive, floranorm\,, healthplus\,, supplements\,, top",,https://eutawpharmacycare.com/wp-content/uploads/2026/04/FloraNorm_20250mg_20x10_4d9dfe2e-2634-485d-bd8f-e20cc95a0f04.jpg,,,,,,,,,0,FloraNorm,"FloraNorm 250mg x10","FloraNorm 250mg x10",1,0
20175,simple,SKU-261118,,"Tocovid SupraBio 50mg x 30 Softgels",1,0,visible,,"<p>- Superior antioxidant, protects cell from free radical damage<br>\n- Cardioprotective properties<br>\n- Promotes hair growth<br>\n- Liver protection<br>\nTocovid SupraBio 200mg is an all-natural combination of mixed tocotrienol antioxidants which may help protect the body against the harmful effects of free radicals. It has a bio-optimum absorption system that delivers a breakthrough in tocotrienol (T3) absorption. It is a mixed tocotrienols bio-optimum absorbption patented product that ensures consistent and increased tocotrienols absorption by 200 to 300%.</p>",,,none,,1,,,0,0,0,,,,1,,,16990,"Immune Support","antioxidants\,, healthplus\,, immune, liver, supplements\,, support\,, tocovid",,https://eutawpharmacycare.com/wp-content/uploads/2026/04/tocovid_suprabio_50mg_x_30_softgels.jpg,,,,,,,,,0,Hovid,"Tocovid SupraBio 50mg x 30 Softgels","Tocovid SupraBio 50mg x 30 Softgels",1,0
20177,simple,SKU-345504,,"Forever Garlic-Thyme",1,0,visible,,"<p>- Powerful antioxidant<br>\n- Helps protect the body against free radicals<br>\n- Helps support the conversion of fats to energy</p>",,,none,,1,,,0,0,0,,,,1,,,12000,Supplements,"antioxidants\,, forever, healthplus\,, living\,, supplements",,,,,,,,,,,0,"Forever Living","Forever Garlic-Thyme","Forever Garlic-Thyme",1,0
20178,simple,SKU-132170,,"Arthocare 450Mg X30",1,0,visible,,"<p>- Used in the treatment of osteoarthritis<br>\n- Reduces pain and swelling by reducing inflammation<br>\n- Reduces friction in the joints and makes physical movements more comfortable and pain free</p>",,,none,,1,,,0,0,0,,,,1,,,10810,"Bone & Joints","&, arthocare\,, bone, healthplus\,, joint, joints\,, supplements, support\,",,https://eutawpharmacycare.com/wp-content/uploads/2026/04/20146402745ddf952ea4749product.jpg,,,,,,,,,0,Fidson,"Arthocare 450Mg X30","Arthocare 450Mg X30",1,0
20180,simple,SKU-270360,,"Nature's Field Vitamin E 1000Iu X50 Capsules",1,0,visible,,"<p>- Antioxidant properties<br>\n- Strengthens immune system<br>\nNature's Field Vitamin E is a potent antioxidant that helps to strengthen the immune system, neurological system, circulatory system, and skin and hair health. Vitamin E is an essential nutrient for the normal functioning of many of your body's organs. It acts as an antioxidant, slowing down cell-damaging activities.</p>",,,none,,1,,,0,0,0,,,,1,,,19100,Vitamins,"antioxidants\,, brand\,, e\,, field\,, healthplus\,, nature's, supplements\,, top, vitamin, vitamins",,https://eutawpharmacycare.com/wp-content/uploads/2026/04/Nature_27s-Field-Vitamin-E-1000Iu-X50-Capsules.jpg,,,,,,,,,0,Sylken,"Nature's Field Vitamin E 1000Iu X50 Capsules","Nature's Field Vitamin E 1000Iu X50 Capsules",1,0
20182,simple,SKU-140362,,"Zentel (Albendazole) 200mg Tablets x 2",1,0,visible,,"<p>- Treats worm infections<br>\nZentel 200mg is an anti-parasitic drug used in the prevention and treatment of parasitic infections caused by tapeworms, pinworms, and hookworms. It kills these worms and prevents newly hatched insect larvae (worms) from growing or multiplying in your body.</p>",,,none,,1,,,0,0,0,,,,1,,,2070,"Digestive Care","care\,, digestive, expeller, gsk\,, healthplus\,, worm",,https://eutawpharmacycare.com/wp-content/uploads/2026/04/lpgjputqiut7ilj0yacf_6b468088-da33-4285-ab84-a0fb49a2fa2f.jpg,,,,,,,,,0,GSK,"Zentel (Albendazole) 200mg Tablets x 2","Zentel (Albendazole) 200mg Tablets x 2",1,0
20184,simple,SKU-151123,,"Accu-Chek Active Blood Glucose Monitor",1,0,visible,,"<p>- Accurate result in 5 seconds<br>\n- Easy handling<br>\n- Clever functionality<br>\n- Large and easy-to-read display<br>\n- Memory for last reading<br>\nAccu-chek active blood glucose meter lets you check your blood sugar level in less than 5 seconds. This glucometer comes with 10 stripes to offer quick testing with just 0.5 mL of the blood sample.</p>",,,none,,1,,,0,0,0,,,,1,,,38500,"Test & Diagnostics","&, accu-chek\,, blood, brand, diagnostics\,, glucose, healthplus\,, monitor\,, otc\,, test, top",,https://eutawpharmacycare.com/wp-content/uploads/2026/04/Accu-Chek_20Blood_20Glucose_20Monitor.jpg,,,,,,,,,0,Roche,"Accu-Chek Active Blood Glucose Monitor","Accu-Chek Active Blood Glucose Monitor",1,0
20186,simple,SKU-SKU-NG-85238,,"Accu-Chek Safe-T-Pro Uno Lancets x 200",1,0,visible,,"<p>- T-shape design is intuitive &amp; safe<br>\n- Ready to use with 1.5 mm pre-set depth setting<br>\n- Each lancing device can only be used once<br>\n- Needle coverage prevents accidental needle sticks</p>\n\n<p>Accu-Chek Safe-T-Pro single use lancets are completely disposable lancet designed with Safe-T-Wing tabs positioned in a T-shape. It is used to obtain capillary blood from the fingertip. For added protection, the lancet permanently retracts into it's protective case after use to prevent accidental needle sticks and cross-contamination during disposal.</p>",,,none,,1,,,0,0,0,,,,1,,,43000,"Test & Diagnostics","&, accu-chek\,, diagnostics, healthplus\,, lancets\,, test",,https://eutawpharmacycare.com/wp-content/uploads/2026/04/Accu-Chek_20Safe-T-Pro_20Uno_20Lancets_20x_20200.jpg,,,,,,,,,0,Roche,"Accu-Chek Safe-T-Pro Uno Lancets x 200","Accu-Chek Safe-T-Pro Uno Lancets x 200",1,0
20188,simple,SKU-SKU-NG-85243,,"Actifed Multi-Action Dry Cough 100ml",1,0,visible,,"<p>- Relieves dry tickly coughs<br>\n- Clears catarrh<br>\n- Unblocks stuffy noses<br>\nMulti-Action Actifed Dry Coughs is a medicine that is intended to relieve the effects of a dry cough. This liquid contains three active ingredients that help to treat the symptoms of a dry cough. Actifed Dry Cough helps to stop a cough from occurring, relieves the effects of a blocked nose, and treats several symptoms, including sneezing, a runny nose, and watery eyes.</p>",,,none,,1,,,0,0,0,,,,1,,,11110,Cough,"actifed\,, cold\,, congestion, cough\,, healthplus\,, nasal",,https://eutawpharmacycare.com/wp-content/uploads/2026/04/Actifed_20Multi-Action_20Dry_20Cough_20100ml_3c2aea31-ad9f-4dc2-a282-21b7ee6c8b9f.jpg,,,,,,,,,0,"McNeil Products Ltd","Actifed Multi-Action Dry Cough 100ml","Actifed Multi-Action Dry Cough 100ml",1,0
20190,simple,SKU-114920,,"Alphabetic for Diabetic Health Caplets X 30",1,0,visible,,"<p>- For the promotion of:<br>\nGlucose metabolism<br>\nHealthy nerve and eye function<br>\nHealthy heart function<br>\nOptimum antioxidant protection<br>\nAlphabetic is the multi-vitamin/mineral supplement recommended by health professionals for people with diabetes. In addition to Lutein, chromium and 20 other diabetes specific nutrients, Alphabetic contains something unique - a naturally occurring co-enzyme called Alpha Lipoic Acid. Alpha Lipoic Acid has the unique ability to promote glucose metabolism, healthy nerve and eye function and optimum antioxidant protection.</p>",,,none,,1,,,0,0,0,,,,1,,,17390,Diabetes,"alphabetic\,, diabetes, diabetes\,, healthplus, support\,",,https://eutawpharmacycare.com/wp-content/uploads/2026/04/images-1_29df9869-c2a6-46bc-9bab-fc075b298bbd.jpg,,,,,,,,,0,Alphabetic,"Alphabetic for Diabetic Health Caplets X 30","Alphabetic for Diabetic Health Caplets X 30",1,0
20192,simple,SKU-106555,,"Alphagan 0.2% (Brimonidine Tartrate) Eye Drop 5ml",1,0,visible,,"<p>Alphagan is used to reduce pressure within the eye. The active ingredient is Brimonidine tartrate which belongs to a group of medicines called alpha-2 adrenergic receptor agonists and works by reducing pressure within the eyeball. It can be used either alone, or with another eye drop in the treatment of open angle glaucoma or ocular hypertension.</p>",,,none,,1,,,0,0,0,,,,1,,,37630,"Eye Care","allergan\,, brand, care\,, eye, glaucoma, healthplus\,, top, treatment\,",,https://eutawpharmacycare.com/wp-content/uploads/2026/04/Alphagan_200.2_20_28Brimonidine_20Tartrate_29_20Eye_20Drop_20x5ml.jpg,,,,,,,,,0,Allergan,"Alphagan 0.2% (Brimonidine Tartrate) Eye Drop 5ml","Alphagan 0.2% (Brimonidine Tartrate) Eye Drop 5ml",1,0
20194,simple,SKU-215223,,"Haliborange Baby & Toddler Multivitamin Liquid 1m+ 250ml",1,0,visible,,"<p>- Essential for normal growth and development of bones in children<br>\n- Supports the immune system<br>\n- Supports normal mental performance</p>",,,none,,1,,,0,0,0,,,,1,,,10660,"Mother & Child","&, child\,, children's, family, haliborange\,, health\,, healthplus\,, kid's, mother, multivitamins\,, supplements",,https://eutawpharmacycare.com/wp-content/uploads/2026/04/Haliborange_20Baby-Toddler_20Multivitamin_20Liquid_201m-250ml.jpg,,,,,,,,,0,Haliborange,"Haliborange Baby & Toddler Multivitamin Liquid 1m+ 250ml","Haliborange Baby & Toddler Multivitamin Liquid 1m+ 250ml",1,0
20196,simple,SKU-265024,,"Wellteen Her Tablets x 30",1,0,visible,,"<p>- Contributes to normal formation of red blood cells<br>\n- Helps maintain vitality and wellness from 13 to 19 years<br>\n- Helps reduce fatigue and tiredness in teens</p>",,,none,,1,,,0,0,0,,,,1,,,19100,Vitamins,"family, health\,, healthplus\,, kid's, multivitamins\,, supplements\,, vitamins\,, wellteen",,https://eutawpharmacycare.com/wp-content/uploads/2026/04/preview-lightbox-Wellteen_Her__Front__CTWTN030T4WL3E_1024x1024_83dbbcba-ddd2-4c33-b6b1-9fd54d8d0fb0.png,,,,,,,,,0,Vitabiotics,"Wellteen Her Tablets x 30","Wellteen Her Tablets x 30",1,0
20198,simple,SKU-268825,,"Wellteen Him Tablets x 30",1,0,visible,,"<p>- Contributes to normal formation of red blood cells<br>\n- Helps maintain vitality and wellness from 13 to 19 years<br>\n- Helps reduce fatigue and tiredness in teens</p>",,,none,,1,,,0,0,0,,,,1,,,16170,Vitamins,"family, health\,, healthplus\,, kid's, multivitamins\,, supplements\,, vitamins\,, wellteen",,https://eutawpharmacycare.com/wp-content/uploads/2026/04/preview-gallery-Wellteen_Him__Front__CTWTN030T5WL2E_1024x1024_925cdf75-92f6-493d-8781-e65753271741.png,,,,,,,,,0,Vitabiotics,"Wellteen Him Tablets x 30","Wellteen Him Tablets x 30",1,0
20200,simple,SKU-301140,,"Wellteen Him Plus Tablets/Capsules x 56",1,0,visible,,"<p>- Includes DHA which helps maintain normal brain function and vision<br>\n- Includes Panthothenic acid which contributes to normal mental performance<br>\n- Contributes to the normal function of the immune system</p>",,,none,,1,,,0,0,0,,,,1,,,28400,Vitamins,"family, health\,, healthplus\,, kid's, multivitamins\,, supplements\,, vitamins\,, wellteen",,https://eutawpharmacycare.com/wp-content/uploads/2026/04/wellteen_him_plus_CTWTN056C2T5WL4E_front_1024x1024_568c2e77-10e8-4d5c-a6c7-ebf3677a0245.png,,,,,,,,,0,Vitabiotics,"Wellteen Him Plus Tablets/Capsules x 56","Wellteen Him Plus Tablets/Capsules x 56",1,0
20202,simple,SKU-114556,,"Emvite Multivitamin Syrup 100ml",1,0,visible,,"<p>- Contains essential vitamins and minerals required by children during their vital growing years<br>\n- Supports cell health and growth of red blood cells<br>\n- Has direct impact on energy levels and brain function</p>",,,none,,1,,,0,0,0,,,,1,,,2250,"Mother & Child","&, child\,, children's, emvite\,, health\,, healthplus\,, mother, multivitamins",,https://eutawpharmacycare.com/wp-content/uploads/2026/04/Emvite_20Multivitamin_20Syrup_20100ml.png,,,,,,,,,0,Emzor,"Emvite Multivitamin Syrup 100ml","Emvite Multivitamin Syrup 100ml",1,0
20204,simple,SKU-270364,,"Wellkid Calcium Liquid",1,0,visible,,"<p>- Supports  normal growth and development of bones in children<br>\n- Suitable for children aged 4-12 years<br>\n- Contributes to normal growth and development of children</p>",,,none,,1,,,0,0,0,,,,1,,,9930,"Mother & Child","&, child\,, children's, family, health\,, healthplus\,, kid's, mother, multivitamins\,, wellkid",,https://eutawpharmacycare.com/wp-content/uploads/2026/04/preview-gallery-Wellkid_Calcium-Liquid_Bottle__Front__CTWKD150L4WL7E_1024x1024_60ffd19a-71d2-4891-b4f2-8aeb93c44a42.png,,,,,,,,,0,Vitabiotics,"Wellkid Calcium Liquid","Wellkid Calcium Liquid",1,0
20206,simple,SKU-341252,,"Vasoprin 75mg Tablets",1,0,visible,,"<p>Vasoprin is used to reduce fever and mild to moderate pain from a headache, menstrual periods, cold, toothache, or muscle ache. It is also used to reduce the risk of a heart attack or stroke in patients who have a history of heart disease or stroke associated symptoms.</p>",,,none,,1,,,0,0,0,,,,1,,,1140,Hypertension,"&, fevers\,, headache, healthplus\,, hypertension\,, migraine\,, only\,, prescription, vasoprin",,https://eutawpharmacycare.com/wp-content/uploads/2026/04/R.jpg,,,,,,,,,0,Juhel,"Vasoprin 75mg Tablets","Vasoprin 75mg Tablets",1,0
20208,simple,SKU-180651,,"Coveram 5mg/5mg x30",1,0,visible,,"<p>Coveram 5mg/5mg contains Perindopril and Amlodipine. It is used in treatment of hypertension and/or stable coronary artery disease.</p>",,,none,,1,,,0,0,0,,,,1,,,13500,Antihypertensive,"antihypertensive\,, coveram\,, healthplus\,, only, prescription",,https://eutawpharmacycare.com/wp-content/uploads/2026/04/Coveram_205mg-5mg_20x30_44f3717a-2313-4256-9e7c-059cb7650d77.jpg,,,,,,,,,0,Servier,"Coveram 5mg/5mg x30","Coveram 5mg/5mg x30",1,0
20210,simple,SKU-180654,,"Coveram 10mg/10mg",1,0,visible,,"<p>Coveram 10mg/10mg contains Perindopril and Amlodipine. It is used in treatment of hypertension and/or stable coronary artery disease.</p>",,,none,,1,,,0,0,0,,,,1,,,13500,Antihypertensive,"antihypertensive\,, coveram\,, healthplus\,, only, prescription",,https://eutawpharmacycare.com/wp-content/uploads/2026/04/euonjkexmsqdewvefkoo.jpg,,,,,,,,,0,Servier,"Coveram 10mg/10mg","Coveram 10mg/10mg",1,0
20212,simple,SKU-106572,,"Plagerine Clopidogrel 75mg Tablets x30",1,0,visible,,"<p>Plagerine 75mg is an anticlotting medicine (blood thinners). It helps to prevent the formation of harmful blood clots in the blood vessels. This helps to lower the chances of getting a heart attack or stroke.</p>",,,none,,1,,,0,0,0,,,,1,,,5670,"Chronic Diseases","'-, chronic, diseases, healthplus\,, only, others\,, plagerine\,, prescription",,https://eutawpharmacycare.com/wp-content/uploads/2026/04/Plagerine_20_28Clopidogrel_29_2075mg_20Tablets_ec1fba9c-aa6c-4ead-a04e-df8423f6c50f.png,,,,,,,,,0,Plagerine,"Plagerine Clopidogrel 75mg Tablets x30","Plagerine Clopidogrel 75mg Tablets x30",1,0
20214,simple,SKU-230092,,"DGF Mycoten Cream (Clotrimazole 1%) 20g",1,0,visible,,"<p>DGF Mycoten Cream is used for the treatment of fungal skin infections, such as nappy rash, fungal sweat rash and ringworm. It helps to relieve symptoms of itching and irritation by tackling the cause of fungal infections.</p>",,,none,,1,,,0,0,0,,,,1,,,1460,Infections,"antifungal\,, healthplus\,, infections\,, mycoten",,https://eutawpharmacycare.com/wp-content/uploads/2026/04/DGF_20Mycoten_20Cream_20Clotrimazole_2020g_839e9ab4-c9b7-4558-ae47-1fb44eda726d.jpg,,,,,,,,,0,"Drugfield Pharmaceuticals","DGF Mycoten Cream (Clotrimazole 1%) 20g","DGF Mycoten Cream (Clotrimazole 1%) 20g",1,0
20216,simple,SKU-344317,,"Durex Extra Safe Condom X 3",1,0,visible,,"<p>- No loss of sensitivity during sex<br>\n- Lubricated with a gentle, non-spermicidal lubricant<br>\n- No unpleasant odour</p>",,,none,,1,,,0,0,0,,,,1,,,5420,"Sexual Health","condoms\,, contraceptives\,, durex\,, family, healthplus, planning\,",,https://eutawpharmacycare.com/wp-content/uploads/2026/04/Durex_20Extra_20Safe_20Condom_20X_203.jpg,,,,,,,,,0,Durex,"Durex Extra Safe Condom X 3","Durex Extra Safe Condom X 3",1,0
20218,simple,SKU-167585,,"Bonababe Syrup 60ml",1,0,visible,,"<p>Bonababe syrup is used for the soothing relief of moderate pains in infants and children including teething pains and feverish colds.</p>",,,none,,1,,,0,0,0,,,,1,,,460,"Mother & Child","&, bonababe\,, child, children's, fevers\,, headache, health\,, healthplus\,, migraine\,, mother",,https://eutawpharmacycare.com/wp-content/uploads/2026/04/Bonababe_20Syrup_2060ml_c6b77487-4f96-4b0b-88fb-9ad1a6e5cddf.png,,,,,,,,,0,"Bond Chemical Industries Ltd","Bonababe Syrup 60ml","Bonababe Syrup 60ml",1,0
20220,simple,SKU-270335,,"Trojan Her Pleasure Premium Latex Condoms",1,0,visible,,"<p>- Uniquely ribbed and contoured for extra stimulation and her pleasure<br>\n- Designed to provide extra comfort for men<br>\n- Silky smooth lubricant ensures comfort and sensitivity</p>",,,none,,1,,,0,0,0,,,,1,,,6490,"Sexual Health","condoms\,, contraceptives\,, family, healthplus\,, planning\,, trojan",,https://eutawpharmacycare.com/wp-content/uploads/2026/04/22782346-1_94bf0fc9-879c-4ec4-876c-09d88ef1e417.jpg,,,,,,,,,0,Trojan,"Trojan Her Pleasure Premium Latex Condoms","Trojan Her Pleasure Premium Latex Condoms",1,0
20222,simple,SKU-344329,,"Durex Play Strawberry Lube 50ml",1,0,visible,,"<p>- Compatible with condoms<br>\n- Formulated for smoothness and comfort<br>\n- Gives you the confidence to enjoy intensely sensual experiences</p>",,,none,,1,,,0,0,0,,,,1,,,18320,Lubricants,"durex\,, healthplus\,, lubricants",,https://eutawpharmacycare.com/wp-content/uploads/2026/04/Durex_20Play_20Strawberry_20Lube_2050ml_7fd2030e-f19f-4236-8faa-a1cec50325f4.jpg,,,,,,,,,0,Durex,"Durex Play Strawberry Lube 50ml","Durex Play Strawberry Lube 50ml",1,0
20224,simple,SKU-270338,,"Trojan Fire & Ice Condoms X 3",1,0,visible,,"<p>- Special reservoir end for extra safety<br>\n- Dual action lubricant inside and out delivers warming and tingling sensations to both partners<br>\n- Made of natural rubber latex</p>",,,none,,1,,,0,0,0,,,,1,,,7990,"Sexual Health","condoms\,, contraceptives\,, family, healthplus\,, planning\,, trojan",,https://eutawpharmacycare.com/wp-content/uploads/2026/04/194085_1638968904.jpg,,,,,,,,,0,Trojan,"Trojan Fire & Ice Condoms X 3","Trojan Fire & Ice Condoms X 3",1,0
20226,simple,SKU-142938,,"Felvin Capsules X 10",1,0,visible,,"<p>- Effective in treating fever, pain, and inflammation in the body<br>\n- Relieves symptoms of osteoarthritis<br>\n- Suitable for mild to moderate pain</p>",,,none,,1,,,0,0,0,,,,1,,,2210,"Fevers, Headache & Migraine","&, felvin\,, fevers\,, headache, healthplus\,, joint, migraine\,, pain",,https://eutawpharmacycare.com/wp-content/uploads/2026/04/etjeJmKXy58I1QZ6jDYhiiPCJXXw6aVYePy5v1jE_ab2de25b-200f-49de-985d-dcbc039920a8.jpg,,,,,,,,,0,Greenlife,"Felvin Capsules X 10","Felvin Capsules X 10",1,0
20228,simple,SKU-171847,,"Atadyn 10mg Blister X 10",1,0,visible,,"<p>Atadyn tablet is an antihistamine that treats symptoms such as itching, runny nose, watery eyes, and sneezing from hay fever and other allergies</p>",,,none,,1,,,0,0,0,,,,1,,,3840,Allergies,"allergies\,, atadyn\,, healthplus",,https://eutawpharmacycare.com/wp-content/uploads/2026/04/Atadyn_2010mg_20Blister_20x10_9bbad84e-af40-4542-a91f-c21019d9ec74.png,,,,,,,,,0,"PeakPharm Ltd","Atadyn 10mg Blister X 10","Atadyn 10mg Blister X 10",1,0
20230,simple,SKU-138553,,"Xasten (Dexamethasone) 1mg Tablets",1,0,visible,,"<p>- Used to treat many different inflammatory conditions such as allergic disorders<br>\n- Used to treat certain forms of arthritis; skin, blood, kidney, eye, thyroid, and intestinal disorders</p>",,,none,,1,,,0,0,0,,,,1,,,1090,"Chronic Diseases","'-, chronic, diseases, healthplus\,, only\,, others\,, prescription, xasten",,https://eutawpharmacycare.com/wp-content/uploads/2026/04/teefndshshouakettkjz_58c131cd-c051-4d88-bab5-c80e59403bf6.png,,,,,,,,,0,"Vixa Pharmaceutical","Xasten (Dexamethasone) 1mg Tablets","Xasten (Dexamethasone) 1mg Tablets",1,0
20232,simple,SKU-355137,,"Puritan's Pride Ginkgo Biloba 60mg X 120",1,0,visible,,"<p>- Helps to maintain peripheral circulation to the extremities<br>\n- Supports mental alertness and focus<br>\n- Antioxidant properties</p>",,,none,,1,,,0,0,0,,,,1,,,10000,Supplements,"healthplus\,, memory\,, pride\,, puritan's, supplements",,https://eutawpharmacycare.com/wp-content/uploads/2026/04/Puritan_27s_20Pride_20Ginkgo_20Biloba_2060mg_20X_20120_60fd1ca9-98fa-4f0c-b750-3f0d81a53f52.jpg,,,,,,,,,0,"Puritan's Pride","Puritan's Pride Ginkgo Biloba 60mg X 120","Puritan's Pride Ginkgo Biloba 60mg X 120",1,0
20234,simple,SKU-SKU-NG-85785,,"Perfectil Platinum Tablets x 60",1,0,visible,,"<p>- Contributes to normal collagen formation, for the normal function of skin<br>\n- Contributes to the maintenance of nails<br>\n- Includes biotin which helps to maintain normal hair, with copper which contributes to normal hair pigmentation.</p>",,,none,,1,,,0,0,0,,,,1,,,72590,"Hair, Skin & Nails","&, family, hair\,, health\,, healthplus\,, nails\,, perfectil\,, skin, supplements",,https://eutawpharmacycare.com/wp-content/uploads/2026/04/r753pm6nxulhy7ydmsfi.jpg,,,,,,,,,0,Vitabiotics,"Perfectil Platinum Tablets x 60","Perfectil Platinum Tablets x 60",1,0
20236,simple,SKU-SKU-NG-85506,,"Fiesta Intim Warm Gel Lubricant 70ml",1,0,visible,,"<p>- Water based lubricant with a pleasant scent<br>\n- Compatible with condoms and sex toys<br>\n- Provides lubrication for smooth and easier penetration</p>",,,none,,1,,,0,0,0,,,,1,,,4790,Lubricants,"fiesta\,, healthplus\,, lubricants",,https://eutawpharmacycare.com/wp-content/uploads/2026/04/Fiesta_20Intim_20Warm_20Gel_20Lubricant_20p.jpg,,,,,,,,,0,DKT,"Fiesta Intim Warm Gel Lubricant 70ml","Fiesta Intim Warm Gel Lubricant 70ml",1,0
20238,simple,SKU-338716,,"Shooot Condom Ribbed x12",1,0,visible,,"<p>- Strategically positioned ribs for greater sensation<br>\n- Lubricated with non-spermicidal lubricant<br>\n- Shaped to be easier to put on and to provide a better fit and feel during lovemaking<br>\n- No loss of sensitivity during sex</p>",,,none,,1,,,0,0,0,,,,1,,,3120,"Sexual Health","condoms\,, contraceptives\,, family, healthplus\,, planning\,, shooot",,https://eutawpharmacycare.com/wp-content/uploads/2026/04/Shooot_20Condom_20Ribbed_20x12_a02ee622-7593-4d43-8f21-6e4bfa54ad61.jpg,,,,,,,,,0,Shooot,"Shooot Condom Ribbed x12","Shooot Condom Ribbed x12",1,0
20240,simple,SKU-224267,,"Tadalis 20mg x4",1,0,visible,,"<p>Tadalis 20mg tablet is a medication used to treat erectile dysfunction (a condition in which a man has trouble achieving and/or maintaining a hard enough erection for sexual intercourse). It's also used to treat urinary symptoms in older men caused by an enlarged prostate gland.</p>",,,none,,1,,,0,0,0,,,,1,,,5340,"Erectile Dysfunction","brand, dysfunction\,, erectile, healthplus\,, only\,, prescription, tadalis\,, top",,https://eutawpharmacycare.com/wp-content/uploads/2026/04/Tadalis-20mg-For-Erectile-Dysfunction-Hard-Erection-7974613_1.jpg,,,,,,,,,0,"Evans Industries Limited","Tadalis 20mg x4","Tadalis 20mg x4",1,0
20242,simple,SKU-SKU-NG-85811,,"Primpex DS 960mg x10 Blisters",1,0,visible,,"<p>Primpex is an antibiotic used to treat bronchitis, ear infections, sinus infections, bladder infections, stomach infections, skin infections, and wound infections.</p>",,,none,,1,,,0,0,0,,,,1,,,8360,Infections,"antibiotics\,, healthplus\,, infections\,, only\,, prescription, primpex",,https://eutawpharmacycare.com/wp-content/uploads/2026/04/Primpex-DS-960mg_ca7ab0b0-0952-4d7e-a5f8-03191b71015d.jpg,,,,,,,,,0,SKG,"Primpex DS 960mg x10 Blisters","Primpex DS 960mg x10 Blisters",1,0
20244,simple,SKU-215378,,"Feroglobin Capsules x30",1,0,visible,,"<p>- Supports normal oxygen transport in the body<br>\n- Contribute to normal blood formation<br>\n- Contributes to normal formation of red blood cells and haemoglobin</p>",,,none,,1,,,0,0,0,,,,1,,,14840,Supplements,"family, feroglobin\,, health\,, healthplus\,, hematinics\,, men's, supplements",,https://eutawpharmacycare.com/wp-content/uploads/2026/04/Feroglobin_20Capsules_20x30_56a93880-1277-4002-9b29-d5fdb3ac6094.jpg,,,,,,,,,0,Vitabiotics,"Feroglobin Capsules x30","Feroglobin Capsules x30",1,0
20246,simple,SKU-215459,,"Acepol Paracetamol Suspension 60ml",1,0,visible,,"<p>-  Relieves mild to moderate pain<br>\n- Reduces fever<br>\n                                                                                                                                                                                                                                                                Acepol Paracetamol Suspension is used for the fast relief from pains, feverish conditions, teething pains, cold symptoms, headache, earache, and general body aches in children.</p>",,,none,,1,,,0,0,0,,,,1,,,750,"Fevers, Headache & Migraine","&, acepol\,, body, fevers\,, headache, healthplus, migraine\,, pain\,",,https://eutawpharmacycare.com/wp-content/uploads/2026/04/Acepol_20Paracetamol_20Suspension_2060ml_4ccd34fa-dcc8-4561-aebe-14d4a80d8495.png,,,,,,,,,0,"SKG Pharma","Acepol Paracetamol Suspension 60ml","Acepol Paracetamol Suspension 60ml",1,0
20248,simple,SKU-106508,,"Asomex 2.5mg",1,0,visible,,"<p>Asomex 2.5 Tablet is used to treat and prevent high blood pressure (hypertension) and to prevent angina (heart-related chest pain). It is a calcium channel blocker that aids in the reduction of blood pressure and heart workload. This decreases the risk of heart attacks and strokes.</p>",,,none,,1,,,0,0,0,,,,1,,,5740,Hypertension,"antihypertensive\,, fidson\,, healthplus\,, hypertension\,, only, prescription",,,,,,,,,,,0,Fidson,"Asomex 2.5mg","Asomex 2.5mg",1,0
20249,simple,SKU-270221,,"Cardioace Plus Capsules x 60",1,0,visible,,"<p>- Supports normal heart health and normal cholesterol levels<br>\n- Protects the cells from oxidative stress<br>\n- Contains Omega-3, plant sterols, garlic, Co-Q10, lycopene, folic acid, vitamins &amp; minerals</p>",,,none,,1,,,0,0,0,,,,1,,,36370,"High Cholesterol","cardioace\,, cholesterol\,, family, health\,, healthplus\,, heart, high, men's, supplements, support\,",,https://eutawpharmacycare.com/wp-content/uploads/2026/04/Cardioace_20Plus_20Capsules_20x_2060.jpg,,,,,,,,,0,Vitabiotics,"Cardioace Plus Capsules x 60","Cardioace Plus Capsules x 60",1,0
20251,simple,SKU-344316,,"Durex Extra Safe Condom X 12",1,0,visible,,"<p>- No loss of sensitivity during sex<br>\n- Lubricated with a gentle, non-spermicidal lubricant<br>\n- No unpleasant odour</p>",,,none,,1,,,0,0,0,,,,1,,,16580,"Sexual Health","condoms\,, contraceptives\,, durex\,, family, healthplus, planning\,",,https://eutawpharmacycare.com/wp-content/uploads/2026/04/152905161-1.jpg,,,,,,,,,0,Durex,"Durex Extra Safe Condom X 12","Durex Extra Safe Condom X 12",1,0
20253,simple,SKU-345307,,"Fiesta Prolong Condoms X 3",1,0,visible,,"<p>- Fiesta prolong condom is designed to delay climax for a longer, more intense sexual performance<br>\n- Straight walled, teat-ended, natural rubber latex condoms with non-spermicidal lubricant<br>\n- Natural rubber latex condoms</p>",,,none,,1,,,0,0,0,,,,1,,,760,"Sexual Health","condoms\,, contraceptives\,, family, fiesta\,, healthplus, planning\,",,https://eutawpharmacycare.com/wp-content/uploads/2026/04/yqoirv4kublsp6x3yr1r.png,,,,,,,,,0,"DKT International","Fiesta Prolong Condoms X 3","Fiesta Prolong Condoms X 3",1,0
20255,simple,SKU-345389,,"Fleming 228.5mg Suspension 70ml",1,0,visible,,"<p>Fleming is an antibiotic used to treat the symptoms of many different infections caused by bacteria such as lower respiratory tract infections, chronic obstructive pulmonary disease, bacterial sinusitis, animal/human bite wounds, and skin infections. Fleming may be used alone or with other medications.</p>",,,none,,1,,,0,0,0,,,,1,,,6250,Infections,"antibiotics\,, consultation\,, healthplus\,, infections\,, only\,, prescription, zentiva",,https://eutawpharmacycare.com/wp-content/uploads/2026/04/image.png,,,,,,,,,0,Zentiva,"Fleming 228.5mg Suspension 70ml","Fleming 228.5mg Suspension 70ml",1,0
20257,simple,SKU-215380,,"Wellwoman 50+ Tablets x 30",1,0,visible,,"<p>- Contains a comprehensive range of 26 vitamins and minerals to support the health of women over 50 years<br>\n- Includes vitamin B1 which helps maintain normal heart function<br>\n- Contains zinc, selenium and vitamin D which contribute to normal immune system function</p>",,,none,,1,,,0,0,0,,,,1,,,21640,Vitamins,"brand\,, Health, healthplus\,, multivitamins\,, supplements\,, top, vitamins\,, wellwoman\,, women's",,https://eutawpharmacycare.com/wp-content/uploads/2026/04/vulihxwzlw1odahbkag9.png,,,,,,,,,0,Vitabiotics,"Wellwoman 50+ Tablets x 30","Wellwoman 50+ Tablets x 30",1,0
20259,simple,SKU-300454,,"Rough Rider Studded Condoms",1,0,visible,,"<p>- Specially lubricated for heightened sensation<br>\n- Made with raised rubber studs for extra sensation</p>",,,none,,1,,,0,0,0,,,,1,,,4920,"Sexual Health","condoms\,, contraceptives\,, family, healthplus\,, planning\,, rider, rough",,https://eutawpharmacycare.com/wp-content/uploads/2026/04/0004207_8630jpg_900-600x900-1.jpg,,,,,,,,,0,"Rough Rider","Rough Rider Studded Condoms","Rough Rider Studded Condoms",1,0
20261,simple,SKU-116648,,"Stugeron 25mg Tablet",1,0,visible,,"<p>Stugeron 25mg is used to prevent and treat motion sickness symptoms such as dizziness, nausea, vomiting, and headaches. This medication is also used to address issues with the inner ear and the brain.</p>",,,none,,1,,,0,0,0,,,,1,,,4190,Allergies,"allergies\,, healthplus\,, stugeron",,https://eutawpharmacycare.com/wp-content/uploads/2026/04/Stugeron_2025mg_20Tablet.jpg,,,,,,,,,0,Stugeron,"Stugeron 25mg Tablet","Stugeron 25mg Tablet",1,0
20263,simple,SKU-240432,,"Tamsulon XL 400mcg",1,0,visible,,"<p>Tamsulon XL is used in men for the treatment of the lower urinary tract issues associated<br>\nwith an enlarged prostatic gland (benign prostatic hyperplasia) These issues may include<br>\ndifficulty urinating (poor stream), dribbling, urgency and having to urinate frequently at night as well<br>\nas during the day.</p>",,,none,,1,,,0,0,0,,,,1,,,5500,"Chronic Diseases","'-, benign, chronic, diseases, healthplus\,, hyperplasia\,, only\,, others\,, prescription, prostatic, tamsulon",,https://eutawpharmacycare.com/wp-content/uploads/2026/04/online-pharmacy-product-image-placeholder_1b276a1d-fd24-4fd3-91fe-d50d2b298bc8.png,,,,,,,,,0,"Pharmacy Plus","Tamsulon XL 400mcg","Tamsulon XL 400mcg",1,0
20265,simple,SKU-SKU-NG-85965,,"Tenormin Atenolol 100mg x28",1,0,visible,,"<p>Tenormin is used to treat high blood pressure (hypertension). It is also used to treat chest pain (angina) and to improve survival after a heart attack. It works by blocking the action of certain natural chemicals in your body, such as epinephrine, on the heart and blood vessels.</p>",,,none,,1,,,0,0,0,,,,1,,,26450,Hypertension,"antihypertensive\,, healthplus\,, hypertension\,, only\,, prescription, tenormin",,https://eutawpharmacycare.com/wp-content/uploads/2026/04/Tenormin_20Atenolol_20100mg_20x28_5d247454-c9ce-4100-9bd3-ef08f7d72d8a.jpg,,,,,,,,,0,Tenormin,"Tenormin Atenolol 100mg x28","Tenormin Atenolol 100mg x28",1,0
20267,simple,SKU-303923,,"Trojan Magnum Bareskin Condoms",1,0,visible,,"<p>- Tapered at the base for a secure fit<br>\n- Silky smooth lubricant for big-time comfort and sensation<br>\n- Special reservoir end for extra protection</p>",,,none,,1,,,0,0,0,,,,1,,,8340,"Sexual Health","condoms\,, contraceptives\,, family, healthplus\,, planning\,, trojan",,https://eutawpharmacycare.com/wp-content/uploads/2026/04/22788469-1_a3a19237-a5da-47eb-ad4f-ee7dc04c0fdf.jpg,,,,,,,,,0,Trojan,"Trojan Magnum Bareskin Condoms","Trojan Magnum Bareskin Condoms",1,0
20269,simple,SKU-340792,,"Trojan ENZ Non-Lubricated Condoms x3",1,0,visible,,"<p>Get a pack of Trojan ENZ Non-Lubricated 3 Condoms and Enhance Your Sexual Experience with Protection from STDs like HIV, AIDS, gonorrhea, syphilis, chlamydia with and stay safe.</p>",,,none,,1,,,0,0,0,,,,1,,,5840,"Sexual Health","condoms\,, contraceptives\,, family, healthplus\,, planning\,, trojan",,https://eutawpharmacycare.com/wp-content/uploads/2026/04/Trojan-ENZ-Non-Lubricated-Condoms-2_58a3b6af-fc7a-4b03-8600-422bc15414f8.jpg,,,,,,,,,0,Trojan,"Trojan ENZ Non-Lubricated Condoms x3","Trojan ENZ Non-Lubricated Condoms x3",1,0
20271,simple,SKU-142929,,"Gestid 200ml Suspension",1,0,visible,,"<p>- For the relief of heartburn and indigestion<br>\n- Helps relieve bloating                                                                                                                                                                                                                 Gestid Suspension is an effective relief For heartburn, indigestion, and bloating associated with gas. It contains Simethicone which has anti-flatulent properties.</p>",,,none,,1,,,0,0,0,,,,1,,,3230,"Digestive Care","antacids\,, brand, care\,, digestive, gestid\,, healthplus\,, top",,https://eutawpharmacycare.com/wp-content/uploads/2026/04/Gestid_20200ml_20Suspension.png,,,,,,,,,0,Ranbaxy,"Gestid 200ml Suspension","Gestid 200ml Suspension",1,0
20273,simple,SKU-215179,,"Stud 100",1,0,visible,,"<p>- Formulated to help reduce sensitivity in men experiencing over-rapid ejaculation<br>\n- Increases stamina in bed and prolongs sex time<br>\n- Provides extra staying power for men and maximum pleasure for both partners</p>",,,none,,1,,,0,0,0,,,,1,,,23640,Uncategorized,"brand, enhancers\,, healthplus\,, stud\,, top",,https://eutawpharmacycare.com/wp-content/uploads/2026/04/157394_1568134672_e9f978d1-efce-48dd-8a60-60c4fb1f5ca2.jpg,,,,,,,,,0,Stud,"Stud 100","Stud 100",1,0
20275,simple,SKU-186872,,"Dermazin Cream 25g",1,0,visible,,"<p>- Indicated for the treatment and prevention of infections on burns<br>\n- Does not stain skin and bedspread<br>\n- Easy to use</p>",,,none,,1,,,0,0,0,,,,1,,,5550,"First Aid","aid\,, burns, dermazin\,, first, healthplus\,, skin",,https://eutawpharmacycare.com/wp-content/uploads/2026/04/1656003896149a544cecd3product.jpg,,,,,,,,,0,Glek,"Dermazin Cream 25g","Dermazin Cream 25g",1,0
20277,simple,SKU-186875,,"Dermazin Cream 50g",1,0,visible,,"<p>- Indicated for the treatment and prevention of infections on burns<br>\n- Does not stain skin and bedspread<br>\n- Easy to use</p>",,,none,,1,,,0,0,0,,,,1,,,8750,"First Aid","aid\,, burns, dermazin\,, first, healthplus\,, skin",,https://eutawpharmacycare.com/wp-content/uploads/2026/04/1_93030368-9ea2-4106-a8aa-064f310a2612.jpg,,,,,,,,,0,Glek,"Dermazin Cream 50g","Dermazin Cream 50g",1,0
20279,simple,SKU-SKU-NG-85854,,"Revive Active CoQ10/L-Arginine x7",1,0,visible,,"<p>- Helps support energy levels and heart health<br>\n- Contributes to the reduction of tiredness and fatigue <br>\n- Contributes to the normal function of the heart</p>",,,none,,1,,,0,0,0,,,,1,,,31090,Uncategorized,"active\,, antioxidants\,, healthplus\,, revive, suplements",,https://eutawpharmacycare.com/wp-content/uploads/2026/04/Revive_20Active_20CoQ1-L-Arginine_20x7_f32068eb-9a45-4d8c-8124-2f2bd829dd51.jpg,,,,,,,,,0,"Revive Active","Revive Active CoQ10/L-Arginine x7","Revive Active CoQ10/L-Arginine x7",1,0
20281,simple,SKU-130124,,"Vision Plus Eye Vitamin Antioxidant Caps X 120",1,0,visible,,"<p>- Maintains healthy eyesight<br>\n- Complete A-Z Multivitamin and Multimineral which supports the eyes and body<br>\n- Antioxidant support<br>\nVision Plus is both an Eye Vitamin and Antioxidant that supports eye health and good vision by providing targeted nutrition to combat the effects of macular degeneration and other eye health issues. It is a complete A-Z multivitamin and multimineral which supports the eyes and body. It offers powerful antioxidant support with ingredients like Lutein, Zeaxanthin, Alpha Lipoic Acid and Bilberry as well as other vitamins and minerals which protect against cell damage in the eye</p>",,,none,,1,,,0,0,0,,,,1,,,37280,"Eye Care","care\,, eye, healthplus\,, plus, support\,, vision",,https://eutawpharmacycare.com/wp-content/uploads/2026/04/Vision_20Plus_20Eye_20Vitamin_20Antioxidant_20Caps_20x120_0080bb2b-8fa4-4394-8f42-9615ac0b1f91.jpg,,,,,,,,,0,"Pharmacy Plus","Vision Plus Eye Vitamin Antioxidant Caps X 120","Vision Plus Eye Vitamin Antioxidant Caps X 120",1,0
20283,simple,SKU-110421,,"Ampiclox (Ampillin + Cloxacllin) Suspension 250mg/5ml",1,0,visible,,"<p>Ampiclox is a combination of two antibiotics: Ampicillin and Cloxacillin. These antibiotics work by preventing the formation of the bacterial protective covering which is essential for the survival of bacteria. Together, they treat your infection effectively.</p>",,,none,,1,,,0,0,0,,,,1,,,7410,Infections,"antibiotics\,, gsk\,, healthplus\,, infections\,, only, prescription",,https://eutawpharmacycare.com/wp-content/uploads/2026/04/Ampiclox_20_28Ampillin_20_2B_20Cloxacllin_29_20Suspension_20250mg-5ml_1e04c96d-5141-4de9-afc1-44e902663275.jpg,,,,,,,,,0,GSK,"Ampiclox (Ampillin + Cloxacllin) Suspension 250mg/5ml","Ampiclox (Ampillin + Cloxacllin) Suspension 250mg/5ml",1,0
20285,simple,SKU-139214,,"DGF Hydrocortisone Cream 1%",1,0,visible,,"<p>Hydrocortisone is a corticosteroid that helps treat several skin disorders, including insect bites, eczema, dermatitis, allergies, and rashes. It also reduces swelling, itching, and redness that might develop in these conditions.</p>",,,none,,1,,,0,0,0,,,,1,,,1770,"Other Allergies","allergies, dgf\,, healthcare, healthplus\,, other, seller\,, top",,https://eutawpharmacycare.com/wp-content/uploads/2026/04/dwfH8IN4xTNNG6QcK82EnfExFdI1nyAm5dMlALjQ.jpg,,,,,,,,,0,DGF,"DGF Hydrocortisone Cream 1%","DGF Hydrocortisone Cream 1%",1,0
20287,simple,SKU-202532,,"Medica Throat Lozenges Lemon 5mg x36",1,0,visible,,"<p>- Provides fast relief from sore throat<br>\n- Soothes sore throat pain</p>",,,none,,1,,,0,0,0,,,,1,,,10450,"Sore Throat","healthplus\,, medica\,, sore, throat",,https://eutawpharmacycare.com/wp-content/uploads/2026/04/Medica_20Throat_20Lozenges_20Lemon_205mg_20x36_9b4b1671-72bd-4934-9cce-7d70ec2986ef.jpg,,,,,,,,,0,Medica,"Medica Throat Lozenges Lemon 5mg x36","Medica Throat Lozenges Lemon 5mg x36",1,0
20289,simple,SKU-246721,,"Anusol Plus HC Suppositories x12",1,0,visible,,"<p>- For the local treatment of piles<br>\n- Relieves anal itching and swelling<br>\n- Shrinks piles</p>",,,none,,1,,,0,0,0,,,,1,,,14500,"Pain Management - Others","'-, anusol\,, haemorrhoids\,, healthplus\,, management, others, pain",,https://eutawpharmacycare.com/wp-content/uploads/2026/04/Anusol_20Plus_20HC_20Suppositories_20x12_0de32592-909c-49ce-a860-00303b71765e.jpg,,,,,,,,,0,Anusol,"Anusol Plus HC Suppositories x12","Anusol Plus HC Suppositories x12",1,0
20291,simple,SKU-148554,,"Anusol Suppositories 25mg x24",1,0,visible,,"<p>- Provides effective soothing and moisturising relief from discomfort and pain associated with piles<br>\n- Suitable for internal and external piles<br>\n- It can also be used to help with itching around the back passage and for the discomfort of an anal fissure</p>",,,none,,1,,,0,0,0,,,,1,,,23820,"Pain Management - Others","'-, anusol\,, haemorrhoids\,, healthplus\,, management, others, pain",,https://eutawpharmacycare.com/wp-content/uploads/2026/04/Anusol_20Suppositories_20x24_d1c834a8-0278-4393-a91e-b4bc96302b50.jpg,,,,,,,,,0,Anusol,"Anusol Suppositories 25mg x24","Anusol Suppositories 25mg x24",1,0
20293,simple,SKU-348153,,"Beechams Max Strength All in One Capsules x16",1,0,visible,,"<p>- Provides relief of cold and flu symptoms<br>\n- Helps to unblock your nose and sinuses<br>\n- Contains Paracetamol which reduces your temperature when you have a fever</p>",,,none,,1,,,0,0,0,,,,1,,,13080,Cold,"beechams\,, cold\,, healthplus",,https://eutawpharmacycare.com/wp-content/uploads/2026/04/Beechams_20Max_20Strength_20All_20in_20One_20Capsules_20X_2016_eeb81050-03fd-4075-bf1d-a7678d15a176.jpg,,,,,,,,,0,Beechams,"Beechams Max Strength All in One Capsules x16","Beechams Max Strength All in One Capsules x16",1,0
20295,simple,SKU-348158,,"Benadryl Allergy Relief One a Day Tablets x7",1,0,visible,,"<p>- Provides long-lasting, all-day relief for your allergies<br>\n- One daily tablet provides effective relief</p>",,,none,,1,,,0,0,0,,,,1,,,22000,Allergies,"allergies\,, benadryl\,, healthplus",,https://eutawpharmacycare.com/wp-content/uploads/2026/04/Benadryl_20Allergy_20Relief_20One_20a_20Day_20Tablets_20x7_a3c7f599-b1f9-4e72-b0ba-312ab2254064.png,,,,,,,,,0,Benadryl,"Benadryl Allergy Relief One a Day Tablets x7","Benadryl Allergy Relief One a Day Tablets x7",1,0
20297,simple,SKU-348162,,"Benylin Chesty Cough and Cold Tablets X 16",1,0,visible,,"<p>- Helps thin and loosen phlegm in your chest, making it easier to cough up<br>\n- Helps relieve blocked and runny nose<br>\n- Helps relieve sore throat and headaches</p>",,,none,,1,,,0,0,0,,,,1,,,5780,Cough,"benylin\,, cold\,, cough\,, healthplus",,https://eutawpharmacycare.com/wp-content/uploads/2026/04/616exFE4rjL._AC_SX679.jpg,,,,,,,,,0,Benylin,"Benylin Chesty Cough and Cold Tablets X 16","Benylin Chesty Cough and Cold Tablets X 16",1,0
20299,simple,SKU-146559,,"Sayana Press Injection 104mg/0.65ml vial",1,0,visible,,"<p>About Sayana Press<br>\nSayana Press is a trusted and verified subcutaneous contraceptive shot for women that effectively prevents pregnancy.<br>\nEach injection lasts for three months, offering long-lasting contraception.</p>\n\n<p>How It works<br>\nThe contraceptive shot contains hormones that stop the body from releasing eggs and thickens the mucus at the cervix.</p>",,,none,,1,,,0,0,0,,,,1,,,2000,"Sexual Health","contraceptives\,, family, healthplus\,, injectable, only, pfizer\,, planning\,, prescription",,https://eutawpharmacycare.com/wp-content/uploads/2026/04/Long-acting-reversible-contraception-LARC-Sayana-Press-medroxyprogesterone-acetate-Uniject-subcutaneous-injection-20130722045509481.jpg,,,,,,,,,0,Pfizer,"Sayana Press Injection 104mg/0.65ml vial","Sayana Press Injection 104mg/0.65ml vial",1,0
20301,simple,SKU-357026,,"Benylin Mucus Cough Max Honey and Lemon Flavour 150ml",1,0,visible,,"<p>- Provides a deep penetrating relief<br>\n- Contains guaifenesin an expectorant which helps to thin and offer mucus relief in the chest, making it easier to cough up</p>",,,none,,1,,,0,0,0,,,,1,,,16500,Cough,"benylin\,, cough\,, featured, healthplus, product\,",,https://eutawpharmacycare.com/wp-content/uploads/2026/04/211861477-1_bdbebfba-3a66-494c-ae62-3057e54cb978.jpg,,,,,,,,,0,Benylin,"Benylin Mucus Cough Max Honey and Lemon Flavour 150ml","Benylin Mucus Cough Max Honey and Lemon Flavour 150ml",1,0
20303,simple,SKU-348173,,"Berocca Boost Effervescent Acerola Cherry Tablets x10",1,0,visible,,"<p>- Supports the release of positive energy so you can be at your best<br>\n- Contains vitamins B6 and B12 which helps reduce tiredness and fatigue<br>\n-</p>",,,none,,1,,,0,0,0,,,,1,,,24120,Supplements,"berocca\,, energy, healthplus\,, supplements, support\,",,https://eutawpharmacycare.com/wp-content/uploads/2026/04/Berocca_20Boost_20Effervescent_20Tablets_20x10_064370ab-5f3b-4795-8d66-cb2c72bc379f.jpg,,,,,,,,,0,Bayer,"Berocca Boost Effervescent Acerola Cherry Tablets x10","Berocca Boost Effervescent Acerola Cherry Tablets x10",1,0
20305,simple,SKU-SKU-NG-85328,,"Buttercup Original Cough Syrup 150ml",1,0,visible,,"<p>- For the relief of coughs, colds and sore throat<br>\n- Soothing and effective<br>\nButtercup Syrup Original is non-drowsy cough syrup that gives rapid relief for symptoms of coughs, colds and sore throats. It loosens mucus by making it thinner, therefore making it easier to cough up, and allowing you to clear you airways easier.</p>",,,none,,1,,,0,0,0,,,,1,,,22010,Cough,"buttercup\,, cough\,, healthplus",,https://eutawpharmacycare.com/wp-content/uploads/2026/04/41_oARVhBqL_large_b6bf5d5b-066d-4cba-8ac6-757daeae7e97.jpg,,,,,,,,,0,"Omega Pharma","Buttercup Original Cough Syrup 150ml","Buttercup Original Cough Syrup 150ml",1,0
20307,simple,SKU-343415,,"Deep Heat Rub 100g",1,0,visible,,"<p>- Provides fast, targeted pain relief<br>\n- Suitable for the symtomatic relief of pain in muscles, tendons and joints, and minor sporting injuries</p>",,,none,,1,,,0,0,0,,,,1,,,24180,"Pain Management - Others","'-, anti-inflammatory\,, deep, healthplus\,, heat\,, management, others, pain",,https://eutawpharmacycare.com/wp-content/uploads/2026/04/Deep_20Heat_20Rub_20100g.jpg,,,,,,,,,0,"Deep Heat","Deep Heat Rub 100g","Deep Heat Rub 100g",1,0
20309,simple,SKU-345646,,"Fybogel Hi-Fibre Powder (Orange) x10 Sachets",1,0,visible,,"<p>- Gently relieves constipation<br>\n- Helps maintain regularity<br>\n- Natural fibre drink</p>",,,none,,1,,,0,0,0,,,,1,,,18510,"Digestive Care","care\,, digestive, fybogel\,, healthplus\,, laxative",,https://eutawpharmacycare.com/wp-content/uploads/2026/04/Fybogel_20Hi-Fibre_20Powder_20_28Orange_29_20x10_20Sachets_442b5296-ac0d-4436-9b25-98f52cc456ae.png,,,,,,,,,0,"Reckitt Benckiser","Fybogel Hi-Fibre Powder (Orange) x10 Sachets","Fybogel Hi-Fibre Powder (Orange) x10 Sachets",1,0
20311,simple,SKU-SKU-NG-85531,,"Gaviscon Double Action Chewable Tablets (Mint Flavour) X 12",1,0,visible,,"<p>- Relief of indigestion and heartburn<br>\n- Helps to ease wind and bloating<br>\n- Neutralises excess stomach acid to relieve pain and discomfort</p>",,,none,,1,,,0,0,0,,,,1,,,15620,"Digestive Care","antacids\,, care\,, digestive, gaviscon\,, healthplus",,https://eutawpharmacycare.com/wp-content/uploads/2026/04/241444267-1.jpg,,,,,,,,,0,"Reckitt Benckiser","Gaviscon Double Action Chewable Tablets (Mint Flavour) X 12","Gaviscon Double Action Chewable Tablets (Mint Flavour) X 12",1,0
20313,simple,SKU-336928,,"Lemsip Max Flu Lemon Sachets X 10",1,0,visible,,"<p>- For the symptomatic relief of flu<br>\n- Helps with reducing fever and body aches<br>\n- Helps treat headaches, blocked nose and sore throat</p>",,,none,,1,,,0,0,0,,,,1,,,16670,Cold,"cold\,, congestion, healthplus\,, lemsip\,, nasal",,https://eutawpharmacycare.com/wp-content/uploads/2026/04/211861509-1_a7b96ac9-7cbb-4584-bfb9-c4ec40f29577.jpg,,,,,,,,,0,"Reckitt Benckiser","Lemsip Max Flu Lemon Sachets X 10","Lemsip Max Flu Lemon Sachets X 10",1,0
20315,simple,SKU-SKU-NG-85734,,"Olbas Oil for Children 12ml",1,0,visible,,"<p>- Formulated for children and infants to gently clear blocked up noses<br>\n- Helps clear nasal congestion <br>\n- Relieves painful sinuses</p>",,,none,,1,,,0,0,0,,,,1,,,8520,Cold,"cold\,, congestion\,, healthplus\,, nasal, olbas",,https://eutawpharmacycare.com/wp-content/uploads/2026/04/Olbas_20Oil_20for_20Children_2012ml_bb925ecd-b3c2-4ed4-b4af-0c27e8feaf32.png,,,,,,,,,0,Olbas,"Olbas Oil for Children 12ml","Olbas Oil for Children 12ml",1,0
20317,simple,SKU-334668,,"Otrivine Child Nasal Drops 10ml",1,0,visible,,"<p>- Helps relieve a blocked or runny nose in children<br>\n-  Lasts up to 10 hours<br>\n- Ideal for children aged 6 and over</p>",,,none,,1,,,0,0,0,,,,1,,,11540,Cold,"cold\,, congestion\,, healthplus\,, nasal, otrivine",,https://eutawpharmacycare.com/wp-content/uploads/2026/04/Otrivine_20Child_20Nasal_20Drops_2010ml_7a34ce53-012c-47f1-a874-d5ec1642c4d0.png,,,,,,,,,0,Otrivine,"Otrivine Child Nasal Drops 10ml","Otrivine Child Nasal Drops 10ml",1,0
20319,simple,SKU-339586,,"Strepsils Soothing Honey and Lemon x24",1,0,visible,,"<p>- Effective relief for sore throats<br>\n- Fights infection<br>\n- Relieves pain</p>",,,none,,1,,,0,0,0,,,,1,,,7090,"Sore Throat","healthplus\,, sore, strepsils, throat\,",,https://eutawpharmacycare.com/wp-content/uploads/2026/04/Strepsils_20Soothing_20Honey_20and_20Lemon_20x24_4588265d-b1e9-437e-a09a-bd54bc27d73d.jpg,,,,,,,,,0,Strepsils,"Strepsils Soothing Honey and Lemon x24","Strepsils Soothing Honey and Lemon x24",1,0
20321,simple,SKU-341638,,"Vicks BabyRub Cosmetic 50g",1,0,visible,,"<p>- Helps to gently moisturize, soothe and relax your baby<br>\n- Leaves your baby's skin feeling soft</p>",,,none,,1,,,0,0,0,,,,1,,,7330,Skincare,"&, bath, body\,, children's, healthplus\,, skincare\,, vicks",,https://eutawpharmacycare.com/wp-content/uploads/2026/04/Vicks_20BabyRub_20Cosmetic_2050g_8270b07e-8abb-492f-8831-8cc171358e08.jpg,,,,,,,,,0,Vicks,"Vicks BabyRub Cosmetic 50g","Vicks BabyRub Cosmetic 50g",1,0
20323,simple,SKU-365126,,"Vicks Vaporub 100g",1,0,visible,,"<p>- Relieves nasal congestion<br>\n- Relieves cold symptoms<br>\n- Temporarily relieves minor aches and pains of muscles and joints<br>\nVicks VapoRub creates a cooling sensation in your nasal passages and helps with nasal congestion and cold symptoms</p>",,,none,,1,,,0,0,0,,,,1,,,16160,"Nasal Congestion","cold\,, congestion\,, healthplus\,, nasal, vicks",,https://eutawpharmacycare.com/wp-content/uploads/2026/04/Vicks_20Vaporub_20100g.jpg,,,,,,,,,0,Vicks,"Vicks Vaporub 100g","Vicks Vaporub 100g",1,0
20325,simple,SKU-349108,,"Calpol Saline Nasal Drops 10ml",1,0,visible,,"<p>- Relief from congestion caused by colds and flu, sinusitis, allergies including hayfever<br>\n- Helps reduce nasal congestion by thinning the mucus and rinsing it away<br>\n- Can aid natural sleep by easing nasal congestion<br>\n- Suitable from birth</p>",,,none,,1,,,0,0,0,,,,1,,,8080,"Mother & Child","&, calpol\,, child, children's, cold\,, cough, health\,, healthplus\,, mother",,https://eutawpharmacycare.com/wp-content/uploads/2026/04/71fdPNoypwL._AC_SY606.jpg,,,,,,,,,0,"Johnson &amp; Johnson","Calpol Saline Nasal Drops 10ml","Calpol Saline Nasal Drops 10ml",1,0
20327,simple,SKU-216187,,"Canesten 1% Cream 20g",1,0,visible,,"<p>- Used for treatment for fungal skin infections, such as nappy rash, fungal sweat rash and ringworm<br>\n- It helps to relieve symptoms of itching and irritation by tackling the cause of fungal infections<br>\n- Suitable for all ages as an external skin cream</p>",,,none,,1,,,0,0,0,,,,1,,,14470,Infections,"antifungal\,, athlete's, canesten\,, foot\,, healthplus\,, infections",,https://eutawpharmacycare.com/wp-content/uploads/2026/04/Canesten_20Cream_2020g_572dad75-a48a-450a-8f25-7b385bf89025.jpg,,,,,,,,,0,Bayer,"Canesten 1% Cream 20g","Canesten 1% Cream 20g",1,0
20329,simple,SKU-365128,,"Covonia Catarrh Relief Formula 30 Dose 150ml",1,0,visible,,"<p>- Herbal remedy traditionally used for the relief of catarrh<br>\n- Contains the active ingredient extracts of burdock root and hyssop herb</p>",,,none,,1,,,0,0,0,,,,1,,,20260,Cold,"catarrh\,, cold\,, covonia\,, healthplus",,https://eutawpharmacycare.com/wp-content/uploads/2026/04/Covonia_20Catarrh_20Relief_20Formula_20150ml_e13bf21f-2a07-4a19-81fb-17875c7f8b45.jpg,,,,,,,,,0,"Thornton &amp; Ross","Covonia Catarrh Relief Formula 30 Dose 150ml","Covonia Catarrh Relief Formula 30 Dose 150ml",1,0
20331,simple,SKU-SKU-NG-85414,,"Covonia Night Time Formula 150ml",1,0,visible,,"<p>- Calms and soothes night time dry coughs<br>\n- It aids in restful sleep and reduces nasal congestion</p>",,,none,,1,,,0,0,0,,,,1,,,14200,Cough,"cough\,, covonia\,, healthplus",,https://eutawpharmacycare.com/wp-content/uploads/2026/04/Covonia_20Night_20Time_20Formula_20150ml_f02d29b7-cc17-4a7f-b3fd-878c391efcaa.jpg,,,,,,,,,0,"Thornton &amp; Ross","Covonia Night Time Formula 150ml","Covonia Night Time Formula 150ml",1,0
20333,simple,SKU-SKU-NG-91345,,"Euthymol Toothpaste 75ml",1,0,visible,,"<p>- Helps keep your teeth and gums clean and healthy<br>\n- Helps prevent cavities<br>\n- Helps remove plaque</p>",,,none,,1,,,0,0,0,,,,1,,,8490,"Oral Care","care\,, euthymol\,, healthplus\,, oral, toothpaste",,https://eutawpharmacycare.com/wp-content/uploads/2026/04/Euthymol_20Toothpaste_2075ml_96bafef1-bf60-40d0-9310-952e3a8c9954.jpg,,,,,,,,,0,Euthymol,"Euthymol Toothpaste 75ml","Euthymol Toothpaste 75ml",1,0
20335,simple,SKU-152496,,"Amoksiklav 1000mg Tablets X 10",1,0,visible,,"<p>Amoksiklav is an antibiotic used to treat the symptoms of many different infections caused by bacteria such as lower respiratory tract infections, chronic obstructive pulmonary disease, bacterial sinusitis, animal/human bite wounds, and skin infections. Amoksiklav may be used alone or with other medications.</p>",,,none,,1,,,0,0,0,,,,1,,,10490,Infections,"amoksiklav\,, antibiotics\,, healthplus\,, infections\,, only, prescription",,https://eutawpharmacycare.com/wp-content/uploads/2026/04/Amoksiklav-1000mg-Tablets-10-Tablets-2.jpg,,,,,,,,,0,Amoksiklav,"Amoksiklav 1000mg Tablets X 10","Amoksiklav 1000mg Tablets X 10",1,0
20337,simple,SKU-151284,,"Amoksiklav 625mg Tablets X 15",1,0,visible,,"<p>Amoksiklav is an antibiotic used to treat the symptoms of many different infections caused by bacteria such as lower respiratory tract infections, chronic obstructive pulmonary disease, bacterial sinusitis, animal/human bite wounds, and skin infections. Amoksiklav may be used alone or with other medications.</p>",,,none,,1,,,0,0,0,,,,1,,,10490,Infections,"amoksiklav\,, antibiotics\,, healthplus\,, infections\,, only, prescription",,,,,,,,,,,0,Amoksiklav,"Amoksiklav 625mg Tablets X 15","Amoksiklav 625mg Tablets X 15",1,0
20338,simple,SKU-171291,,"Aprovel 150mg Tablets",1,0,visible,,"<p>Aprovel is indicated for the treatment of essential hypertension. It is also indicated for the treatment of renal disease in adult patients with hypertension and type 2 diabetes mellitus as part of an antihypertensive medicinal regimen.</p>",,,none,,1,,,0,0,0,,,,1,,,24950,Antihypertensive,"antihypertensive\,, aprovel\,, healthplus\,, only, prescription",,https://eutawpharmacycare.com/wp-content/uploads/2026/04/Aprovel-150mg-Tablets-Irbesartan-150mg-28-Tablets.jpg,,,,,,,,,0,Sanofi,"Aprovel 150mg Tablets","Aprovel 150mg Tablets",1,0
20340,simple,SKU-110237,,"Aprovel 300mg Tablets",1,0,visible,,"<p>Aprovel is indicated for the treatment of essential hypertension. It is also indicated for the treatment of renal disease in adult patients with hypertension and type 2 diabetes mellitus as part of an antihypertensive medicinal regimen.</p>",,,none,,1,,,0,0,0,,,,1,,,39170,Antihypertensive,"antihypertensive\,, aprovel\,, healthplus\,, only, prescription",,,,,,,,,,,0,Sanofi,"Aprovel 300mg Tablets","Aprovel 300mg Tablets",1,0
20341,simple,SKU-106720,,"Arbitel (Telmisartan) 40mg Tablets",1,0,visible,,"<p>Arbitel 80 tablet is used to treat high blood pressure and heart failure. Lowering blood pressure helps to prevent future heart attack and stroke.</p>",,,none,,1,,,0,0,0,,,,1,,,7840,Antihypertensive,"antihypertensive\,, arbitel\,, healthplus\,, hypertension\,, only, prescription",,https://eutawpharmacycare.com/wp-content/uploads/2026/04/image_ca604a70-8030-4aab-87cf-d9a8b497201b.png,,,,,,,,,0,Arbitel,"Arbitel (Telmisartan) 40mg Tablets","Arbitel (Telmisartan) 40mg Tablets",1,0
20343,simple,SKU-177477,,"Barole (Rabeprazole) 20mg Capsules",1,0,visible,,"<p>Rabeprazole is used to treat certain stomach and esophagus problems such as acid reflux and ulcers. It works by decreasing the amount of acid the stomach makes.</p>",,,none,,1,,,0,0,0,,,,1,,,11500,"Digestive Care","anti-ulcer\,, barole\,, care\,, digestive, healthplus",,https://eutawpharmacycare.com/wp-content/uploads/2026/04/Artboard44_503x_5f86b20b-49ad-4b69-b5ca-6c172a10c0f7.png,,,,,,,,,0,"Mega Lifesciences","Barole (Rabeprazole) 20mg Capsules","Barole (Rabeprazole) 20mg Capsules",1,0
20345,simple,SKU-106667,,"Betaloc (Metoprolol) 100mg Tablets x30",1,0,visible,,"<p>Betaloc lowers high blood pressure and helps prevent angina. It also prevents migraines and heart damage following a heart attack.</p>",,,none,,1,,,0,0,0,,,,1,,,33890,Antihypertensive,"antihypertensive\,, betaloc\,, healthplus\,, hypertension\,, only, prescription",,https://eutawpharmacycare.com/wp-content/uploads/2026/04/Betaloc_20_28Metoprolol_29_20100mg_20Tablets_20x30_fea18370-2df8-4afb-9048-74fb1cf5b03b.jpg,,,,,,,,,0,AstraZeneca,"Betaloc (Metoprolol) 100mg Tablets x30","Betaloc (Metoprolol) 100mg Tablets x30",1,0
20347,simple,SKU-106669,,"Betaloc (Metoprolol) 50mg Tablets X 30",1,0,visible,,"<p>Betaloc lowers high blood pressure and helps prevent angina. It also prevents migraines and heart damage following a heart attack.</p>",,,none,,1,,,0,0,0,,,,1,,,23970,Antihypertensive,"antihypertensive\,, betaloc\,, Health, healthplus\,, hypertension\,, only\,, prescription, women's",,https://eutawpharmacycare.com/wp-content/uploads/2026/04/product_15.jpg,,,,,,,,,0,AstraZeneca,"Betaloc (Metoprolol) 50mg Tablets X 30","Betaloc (Metoprolol) 50mg Tablets X 30",1,0
20349,simple,SKU-126728,,"Vitabiotics Cardioace Original x30 Tablets",1,0,visible,,"<p>- Supports cardiovascular health<br>\n- Maintains normal circulation<br>\n- Maintenance of normal red blood cell formation</p>",,,none,,1,,,0,0,0,,,,1,,,17900,Supplements,"cardioace\,, family, health\,, healthplus\,, heart, men's, supplements, support\,",,https://eutawpharmacycare.com/wp-content/uploads/2026/04/Vitabiotics_20Cardioace_20Tablets_20x30_83fc7226-a809-437f-bd77-f34c2d18ecf4.jpg,,,,,,,,,0,Vitabiotics,"Vitabiotics Cardioace Original x30 Tablets","Vitabiotics Cardioace Original x30 Tablets",1,0
20351,simple,SKU-342709,,"Concor (Bisoprolol) 10mg",1,0,visible,,"<p>Concor is used alone or in combination with other medicines in the treatment of hypertension (high blood pressure) and angina.</p>",,,none,,1,,,0,0,0,,,,1,,,14950,Antihypertensive,"antihypertensive\,, concor\,, healthplus\,, hypertension\,, only, prescription",,https://eutawpharmacycare.com/wp-content/uploads/2026/04/Concor10mg-Bisoprolol-Fumarate-Tablets-30-Tablets-1.jpg,,,,,,,,,0,Merck,"Concor (Bisoprolol) 10mg","Concor (Bisoprolol) 10mg",1,0
20353,simple,SKU-342710,,"Concor (Bisoprolol) 2.5mg",1,0,visible,,"<p>Concor is used alone or in combination with other medicines in the treatment of hypertension (high blood pressure) and angina.</p>",,,none,,1,,,0,0,0,,,,1,,,9410,Antihypertensive,"antihypertensive\,, concor\,, healthplus\,, hypertension\,, only, prescription",,https://eutawpharmacycare.com/wp-content/uploads/2026/04/e7b92bf979b3e868b95498439b94dcc1776cf43863ac5003354c57372d97251d.jpg,,,,,,,,,0,Merck,"Concor (Bisoprolol) 2.5mg","Concor (Bisoprolol) 2.5mg",1,0
20355,simple,SKU-123324,,"Concor (Bisoprolol) 5mg",1,0,visible,,"<p>Concor is used alone or in combination with other medicines in the treatment of hypertension (high blood pressure) and angina.</p>",,,none,,1,,,0,0,0,,,,1,,,12550,Antihypertensive,"antihypertensive\,, concor\,, health\,, healthplus\,, hypertension\,, kid's, only, prescription",,https://eutawpharmacycare.com/wp-content/uploads/2026/04/Concor-5mg-Bisoprolol-Fumarate-5mg-Tablets-30-Tablets-1.jpg,,,,,,,,,0,Merck,"Concor (Bisoprolol) 5mg","Concor (Bisoprolol) 5mg",1,0
20357,simple,SKU-303557,,"Covonia Original Bronchial Balsam Syrup 150ml",1,0,visible,,"<p>- Effective relief of troublesome dry coughs and irritation in the throat and chest<br>\n- Contains menthol which acts to relieve irritation and reduce congestion</p>",,,none,,1,,,0,0,0,,,,1,,,13910,Cough,"cough\,, covonia\,, healthplus",,https://eutawpharmacycare.com/wp-content/uploads/2026/04/Covonia_20Bronchial_20Balsam_20150ml_12f0734e-17d8-4c20-bd99-07f9d30540e8.jpg,,,,,,,,,0,"Thornton &amp; Ross","Covonia Original Bronchial Balsam Syrup 150ml","Covonia Original Bronchial Balsam Syrup 150ml",1,0
20359,simple,SKU-110238,,"CoAprovel 150 mg/12.5mg Tablets x28",1,0,visible,,"<p>CoAprovel is a combination of  irbesartan and hydrochlorothiazide. It is indicated for the treatment of essential hypertension.</p>",,,none,,1,,,0,0,0,,,,1,,,23300,Antihypertensive,"antihypertensive\,, aprovel\,, healthplus\,, hypertension\,, only, prescription",,https://eutawpharmacycare.com/wp-content/uploads/2026/04/CoAprovel_20150_20mg-12.5mg_20Tablets_20X_2028.jpg,,,,,,,,,0,Sanofi,"CoAprovel 150 mg/12.5mg Tablets x28","CoAprovel 150 mg/12.5mg Tablets x28",1,0
20361,simple,SKU-110239,,"CoAprovel 300mg/12.5mg Tablets x28",1,0,visible,,"<p>CoAprovel is a combination of  irbesartan and hydrochlorothiazide. It is indicated for the treatment of essential hypertension.</p>",,,none,,1,,,0,0,0,,,,1,,,34000,Antihypertensive,"antihypertensive\,, aprovel\,, healthplus\,, hypertension\,, only, prescription",,https://eutawpharmacycare.com/wp-content/uploads/2026/04/CoAprovel_20300mg-12.5mg_20Tablets_20x28_4f145384-023d-43cc-8001-dfcad0a3b872.jpg,,,,,,,,,0,Sanofi,"CoAprovel 300mg/12.5mg Tablets x28","CoAprovel 300mg/12.5mg Tablets x28",1,0
20363,simple,SKU-180653,,"Coveram 10mg/5mg",1,0,visible,,"<p>Coveram 10mg/5mg contains Perindopril and Amlodipine. It is used in treatment of hypertension and/or stable coronary artery disease.</p>",,,none,,1,,,0,0,0,,,,1,,,13500,Antihypertensive,"antihypertensive\,, coveram\,, healthplus\,, hypertension\,, only, prescription",,https://eutawpharmacycare.com/wp-content/uploads/2026/04/17345741055f5200ed03254product.jpg,,,,,,,,,0,Servier,"Coveram 10mg/5mg","Coveram 10mg/5mg",1,0
20365,simple,SKU-106693,,"Coversyl 5mg Tablets",1,0,visible,,"<p>Coversyl is used to treat high blood pressure (hypertension) and heart failure. It is also used to reduce the risk of cardiac events, such as heart attack in patients with stable coronary artery disease.</p>",,,none,,1,,,0,0,0,,,,1,,,32640,Antihypertensive,"antihypertensive\,, coversyl\,, healthplus\,, hypertension\,, only, prescription",,https://eutawpharmacycare.com/wp-content/uploads/2026/04/Coversyl-5mg-Tablets-Perindopril-5mg-30-Tablets.jpg,,,,,,,,,0,Servier,"Coversyl 5mg Tablets","Coversyl 5mg Tablets",1,0
20367,simple,SKU-342793,,"Coversyl Plus 10/2.5mg",1,0,visible,,"<p>Coversyl Plus is a combination of Perindopril and Indapamide. It is used to treat high blood pressure in adults.</p>",,,none,,1,,,0,0,0,,,,1,,,29100,Antihypertensive,"antihypertensive\,, coversyl\,, healthplus\,, hypertension\,, only, prescription",,,,,,,,,,,0,Servier,"Coversyl Plus 10/2.5mg","Coversyl Plus 10/2.5mg",1,0
20368,simple,SKU-115169,,"Daktacort Cream 15g",1,0,visible,,"<p>- Anti-fungal cream used for the treatment of fungal skin infections<br>\n- Treats the source of infection and relieves the associated irritation and inflammation</p>",,,none,,1,,,0,0,0,,,,1,,,25000,Infections,"antifungal\,, daktacort\,, healthplus\,, infections",,https://eutawpharmacycare.com/wp-content/uploads/2026/04/Daktacort_20Cream_2015g.jpg,,,,,,,,,0,Janssen,"Daktacort Cream 15g","Daktacort Cream 15g",1,0
20370,simple,SKU-167620,,"Diamicron MR 30mg Tablets",1,0,visible,,"<p>Diamicron is used to treat type 2 diabetes mellitus when diet and exercise alone cannot control their blood sugar levels.</p>",,,none,,1,,,0,0,0,,,,1,,,24000,"Chronic Diseases","'-, chronic, diabetes, diamicron\,, diseases, healthplus\,, medication\,, only, others\,, prescription",,,,,,,,,,,0,Servier,"Diamicron MR 30mg Tablets","Diamicron MR 30mg Tablets",1,0
20371,simple,SKU-139218,,"Emgyl (Metronidazole) Suspension",1,0,visible,,"<p>Emgyl is an antibiotic that is used to treat a wide variety of infections. It works by stopping the growth of certain bacteria and parasites.This antibiotic treats only certain bacterial and parasitic infections</p>",,,none,,1,,,0,0,0,,,,1,,,930,Infections,"antibiotics\,, children's, emgyl\,, health\,, healthplus\,, infections\,, only, prescription",,https://eutawpharmacycare.com/wp-content/uploads/2026/04/Emgyl_225cc8a5-ed93-4197-a443-ffb8582a12ad.png,,,,,,,,,0,Emzor,"Emgyl (Metronidazole) Suspension","Emgyl (Metronidazole) Suspension",1,0
20373,simple,SKU-147200,,"Emmox (Amoxicillin) 125mg/5ml 100ml Suspension",1,0,visible,,"<p>Emmox is used to treat a wide variety of bacterial infections. This medication is a penicillin-type antibiotic. It works by stopping the growth of bacteria.</p>",,,none,,1,,,0,0,0,,,,1,,,650,Infections,"antibiotics\,, body, children's, emmox\,, health\,, healthplus\,, infections\,, only, pain\,, prescription",,https://eutawpharmacycare.com/wp-content/uploads/2026/04/Emmox_20_28Amoxicillin_29_20125mg-5ml_20100ml_20Suspension.jpg,,,,,,,,,0,Emzor,"Emmox (Amoxicillin) 125mg/5ml 100ml Suspension","Emmox (Amoxicillin) 125mg/5ml 100ml Suspension",1,0
20375,simple,SKU-114967,,"Emprofen (Ibuprofen) 200mg Softgels",1,0,visible,,"<p>- Provides relief from mild to moderate pain<br>\n- Helps reduce inflammation and swelling</p>",,,none,,1,,,0,0,0,,,,1,,,1050,Anti-inflammatory,"anti-inflammatory\,, body, emprofen\,, healthplus\,, joint, pain\,, toothache",,,,,,,,,,,0,Emzor,"Emprofen (Ibuprofen) 200mg Softgels","Emprofen (Ibuprofen) 200mg Softgels",1,0
20376,simple,SKU-344775,,"Emzor Omega-3 Fish Oil 1000mg",1,0,visible,,"<p>- Helps maintain general health and wellbeing​<br>\n- May help reduce inflammation and joint-swelling associated with athritis​<br>\n- Supports cardiovascular health​</p>",,,none,,1,,,0,0,0,,,,1,,,6230,Supplements,"&, emzor\,, fish, healthplus\,, oils, omegas\,, supplements",,https://eutawpharmacycare.com/wp-content/uploads/2026/04/OMEGA-3-FISH-OIL-1000MG.png,,,,,,,,,0,Emzor,"Emzor Omega-3 Fish Oil 1000mg","Emzor Omega-3 Fish Oil 1000mg",1,0
20378,simple,SKU-182161,,"Fexet (Fexofenadine) 120mg Tablets X 10",1,0,visible,,"<p>Fexet is an antihistamine used to relieve allergy symptoms such as watery eyes, runny nose, itching eyes/nose, sneezing, hives, and itching. It works by blocking a certain natural substance i.e. histamine that the body makes during an allergic reaction.</p>",,,none,,1,,,0,0,0,,,,1,,,7000,Allergies,"allergies\,, fexet\,, healthplus",,https://eutawpharmacycare.com/wp-content/uploads/2026/04/Fexet_20_28Fexofenadine_29_20120mg_20Tablets-10_0247c363-4ab0-4987-92df-8e53c5e3a656.jpg,,,,,,,,,0,"Getz Pharma","Fexet (Fexofenadine) 120mg Tablets X 10","Fexet (Fexofenadine) 120mg Tablets X 10",1,0
20380,simple,SKU-182162,,"Fexet (Fexofenadine) 180mg Tablets X 20",1,0,visible,,"<p>Fexet is an antihistamine used to relieve allergy symptoms such as watery eyes, runny nose, itching eyes/nose, sneezing, hives, and itching. It works by blocking a certain natural substance i.e. histamine that the body makes during an allergic reaction.</p>",,,none,,1,,,0,0,0,,,,1,,,9290,Allergies,"allergies\,, fexet\,, healthplus",,https://eutawpharmacycare.com/wp-content/uploads/2026/04/Fexet-180mg-Tablets-Fexofenadine-180mg-20-tablets-2.jpg,,,,,,,,,0,"Getz Pharma","Fexet (Fexofenadine) 180mg Tablets X 20","Fexet (Fexofenadine) 180mg Tablets X 20",1,0
20382,simple,SKU-143579,,"Fleming 1000mg Tablets X 14",1,0,visible,,"<p>Fleming is an antibiotic used to treat the symptoms of many different infections caused by bacteria such as lower respiratory tract infections, chronic obstructive pulmonary disease, bacterial sinusitis, animal/human bite wounds, and skin infections.</p>",,,none,,1,,,0,0,0,,,,1,,,14000,Infections,"antibiotics\,, healthplus\,, infections\,, only\,, prescription, zentiva",,https://eutawpharmacycare.com/wp-content/uploads/2026/04/online-pharmacy-product-image-placeholder.png,,,,,,,,,0,Zentiva,"Fleming 1000mg Tablets X 14","Fleming 1000mg Tablets X 14",1,0
20384,simple,SKU-110416,,"Fleming 625mg Tablets X 14",1,0,visible,,"<p>Fleming is an antibiotic used to treat the symptoms of many different infections caused by bacteria such as lower respiratory tract infections, chronic obstructive pulmonary disease, bacterial sinusitis, animal/human bite wounds, and skin infections.</p>",,,none,,1,,,0,0,0,,,,1,,,10240,Infections,"antibiotics\,, healthplus\,, infections\,, only\,, prescription, zentiva",,https://eutawpharmacycare.com/wp-content/uploads/2026/04/21022960806127b26633461product.jpg,,,,,,,,,0,Zentiva,"Fleming 625mg Tablets X 14","Fleming 625mg Tablets X 14",1,0
20386,simple,SKU-143581,,"Fleming 457mg/5ml 70ml Suspension",1,0,visible,,"<p>Fleming is an antibiotic used to treat the symptoms of many different infections caused by bacteria such as lower respiratory tract infections, chronic obstructive pulmonary disease, bacterial sinusitis, animal/human bite wounds, and skin infections. Fleming may be used alone or with other medications.</p>",,,none,,1,,,0,0,0,,,,1,,,9510,Infections,"antibiotics\,, healthplus\,, infections\,, only\,, prescription, zentiva",,https://eutawpharmacycare.com/wp-content/uploads/2026/04/image_664ba7b1-eb54-4967-a46d-484f6153eb89.png,,,,,,,,,0,Zentiva,"Fleming 457mg/5ml 70ml Suspension","Fleming 457mg/5ml 70ml Suspension",1,0
20388,simple,SKU-116789,,"Flucamed 50mg Capsules X 10",1,0,visible,,"<p>Flucamed is used to treat a variety of fungal and yeast infections. It works by stopping the growth of certain types of fungus.</p>",,,none,,1,,,0,0,0,,,,1,,,3180,Infections,"antifungal\,, flucamed\,, healthplus\,, infections\,, only, prescription",,https://eutawpharmacycare.com/wp-content/uploads/2026/04/Flucamed-50mg-Cap-x10_bf7d29af-7f75-4671-a14e-a18666da34b9.png,,,,,,,,,0,DGF,"Flucamed 50mg Capsules X 10","Flucamed 50mg Capsules X 10",1,0
20390,simple,SKU-215199,,"FlucorDay Capsules X 8",1,0,visible,,"<p>- Provides relief from the symptoms of nasal congestion, headache, fever, minor aches and pain<br>\n- Non-drowsy</p>",,,none,,1,,,0,0,0,,,,1,,,3340,Cold,"cold\,, congestion, flucorday\,, healthplus\,, nasal",,https://eutawpharmacycare.com/wp-content/uploads/2026/04/FlucorDay_20Capsules_20x8_db7b6f04-a2e2-4a28-9e4f-a15fe1acfdc1.jpg,,,,,,,,,0,Hovid,"FlucorDay Capsules X 8","FlucorDay Capsules X 8",1,0
20392,simple,SKU-357043,,"Fybogel Powder Lemon Flavour Sachets X 30",1,0,visible,,"<p>- Gently relieves constipation<br>\n- Helps maintain regularity<br>\n- Natural fibre drink</p>",,,none,,1,,,0,0,0,,,,1,,,33150,"Digestive Care","care\,, digestive, fybogel\,, healthplus\,, laxative",,https://eutawpharmacycare.com/wp-content/uploads/2026/04/Fybogel_20Powder_20Lemon_20Flavour_20Sachets_20X_2030_aad70b87-89ca-46cc-8129-50c9ae86e5d5.jpg,,,,,,,,,0,"Reckitt Benckiser","Fybogel Powder Lemon Flavour Sachets X 30","Fybogel Powder Lemon Flavour Sachets X 30",1,0
20394,simple,SKU-246712,,"Gaviscon Double Action Liquid 150ml",1,0,visible,,"<p>- Relief of indigestion and heartburn<br>\n- Helps to ease wind and bloating<br>\n- Neutralises excess stomach acid to relieve pain and discomfort</p>",,,none,,1,,,0,0,0,,,,1,,,17840,"Digestive Care","antacids\,, care\,, digestive, gaviscon\,, healthcare, healthplus, seller\,, top",,https://eutawpharmacycare.com/wp-content/uploads/2026/04/Gaviscon_20Double_20Action_20Liquid_20150ml.png,,,,,,,,,0,"Reckitt Benckiser","Gaviscon Double Action Liquid 150ml","Gaviscon Double Action Liquid 150ml",1,0
20396,simple,SKU-181420,,"Getzlox (Levofloxacin) 500mg Tablets",1,0,visible,,"<p>Getzlox is used to treat a variety of bacterial infections. It works by stopping the growth of bacteria.</p>",,,none,,1,,,0,0,0,,,,1,,,3070,Infections,"antibiotics\,, getzlox\,, healthplus\,, infections\,, only, prescription",,https://eutawpharmacycare.com/wp-content/uploads/2026/04/Getzlox-500mg.jpg,,,,,,,,,0,"Getz Pharma","Getzlox (Levofloxacin) 500mg Tablets","Getzlox (Levofloxacin) 500mg Tablets",1,0
20398,simple,SKU-240707,,"Getzome Insta 20mg + 1680mg",1,0,visible,,"<p>- Effective treatment for heart burn, acid reflux and stomach ulcer<br>\n- Suitable for adults and children over 18 years</p>",,,none,,1,,,0,0,0,,,,1,,,9420,"Digestive Care","anti-ulcer\,, care\,, digestive, getzome, healthplus\,, insta\,, only, prescription",,https://eutawpharmacycare.com/wp-content/uploads/2026/04/Getzome-Insta-20mg-Powder-Omeprazole-20mg-powder-10-Sachets-1-1200x630-cropped_5a868e5e-e5fd-4911-b8e0-0f7876d7217d.jpg,,,,,,,,,0,"Getz Pharma","Getzome Insta 20mg + 1680mg","Getzome Insta 20mg + 1680mg",1,0
20400,simple,SKU-303561,,"Vitabiotics Immunace Extra Protection Tablets x 30",1,0,visible,,"<p>- Helps maintain immune function<br>\n- Contains Vitamin D which contributes to the normal function of the immune system<br>\n- Contribute to the protection of cells from oxidative stress</p>",,,none,,1,,,0,0,0,,,,1,,,29000,Supplements,"family, health\,, healthplus\,, immunace\,, immune, men's, supplements, support\,",,https://eutawpharmacycare.com/wp-content/uploads/2026/04/Vitabiotics_20Immunace_20Extra_20Protection_20Tablets_20x_2030.jpg,,,,,,,,,0,Vitabiotics,"Vitabiotics Immunace Extra Protection Tablets x 30","Vitabiotics Immunace Extra Protection Tablets x 30",1,0
20402,simple,SKU-270272,,"Jointace Collagen Tablets x 30",1,0,visible,,"<p>- Helps to maintain normal bones<br>\n- Contains Vitamin C which contributes to normal collagen formation and normal function of bones and cartilage<br>\n- Contains Copper which contributes to the maintenance of normal connective tissues</p>",,,none,,1,,,0,0,0,,,,1,,,26040,"Bone & Joints","&, bone, healthplus\,, joint, jointace\,, joints\,, supplements, support\,",,https://eutawpharmacycare.com/wp-content/uploads/2026/04/JointaceCollagen__Front__CTJON030T12WL11E_1024x1024_2fba24a1-9a10-4974-a5c3-54aae908bae4.png,,,,,,,,,0,Vitabiotics,"Jointace Collagen Tablets x 30","Jointace Collagen Tablets x 30",1,0
20405,simple,SKU-269669,,"Jointace Omega-3 Capsules x 30",1,0,visible,,"<p>- Helps to maintain normal bones<br>\n- Contributes to the maintenance of normal connective tissues<br>\n- Contributes to the maintenance of normal connective tissues</p>",,,none,,1,,,0,0,0,,,,1,,,20650,"Bone & Joints","&, bone, healthplus\,, joint, jointace, joints\,, support\,",,https://eutawpharmacycare.com/wp-content/uploads/2026/04/z8mzsxgg9zwyumguulth_5b5b9f48-6d95-45e8-a261-f6a2287dea6f.png,,,,,,,,,0,Vitabiotics,"Jointace Omega-3 Capsules x 30","Jointace Omega-3 Capsules x 30",1,0
20408,simple,SKU-344490,,"Efamol Active Memory Capsules X 30",1,0,visible,,"<p>- Contributes to the normal functioning of the nervous system<br>\n- Helps maintain memory with age decline<br>\n- Helps maintain normal brain function</p>",,,none,,1,,,0,0,0,,,,1,,,26010,Supplements,"efamol\,, family, health\,, healthplus\,, memory, men's, supplements, support\,",,https://eutawpharmacycare.com/wp-content/uploads/2026/04/ctie8hvqco7dplk0vjkt.jpg,,,,,,,,,0,Efamol,"Efamol Active Memory Capsules X 30","Efamol Active Memory Capsules X 30",1,0
20411,simple,SKU-226108,,"Omron M7 Intelli IT Blood Pressure Monitor",1,0,visible,,"<p>- Fully automatic blood pressure monitor with dual sized preformed cuff<br>\n- Large 3-fold display showing Diastolic, Systolic, and Pulse readings<br>\n- Memory capacity for up to 90 readings</p>",,,none,,1,,,0,0,0,,,,1,,,213340,"Tests & Diagnostics","&, blood, diagnostics, healthplus\,, monitor\,, omron\,, otc\,, pressure, tests",,https://eutawpharmacycare.com/wp-content/uploads/2026/04/Omron_20M7_20Intelli_20IT_20Blood_20Pressure_20Monitor_3fa1816b-34b9-4b39-a22a-16f28ba8d080.jpg,,,,,,,,,0,Omron,"Omron M7 Intelli IT Blood Pressure Monitor","Omron M7 Intelli IT Blood Pressure Monitor",1,0
20414,simple,SKU-346300,,"GOL Vitamin Code 50 & Wiser Women x120",1,0,visible,,"<p>- Multivitamin formulated for women over 50 years<br>\n- Supports breast and thyroid health<br>\n- Supports healthy digestion with live probiotics and enzymes</p>",,,none,,1,,,0,0,0,,,,1,,,112950,Vitamins,"code\,, healthplus\,, multivitamins\,, supplements\,, vitamin, vitamins",,https://eutawpharmacycare.com/wp-content/uploads/2026/04/GOL_20Vitamin_20Code_2050_20-_20Wiser_20Women_20x120_962a04ef-ec60-488f-9199-a9b4a8647f15.jpg,,,,,,,,,0,"Garden of Life","GOL Vitamin Code 50 & Wiser Women x120","GOL Vitamin Code 50 & Wiser Women x120",1,0
20417,simple,SKU-350253,,"Revive Active Beauty Complex Sachets X 30",1,0,visible,,"<p>- Contributes to normal function, maintenance and pigmentation of normal hair and nails<br>\n- Contributes to normal function of skin<br>\n- Contains Vitamin E which helps to fight free radicals and contributes to the protection of cells from oxidative stress</p>",,,none,,1,,,0,0,0,,,,1,,,96770,"Hair, Skin & Nails","&, active\,, hair\,, Health, healthplus\,, nails\,, revive, skin, supplements\,, women's",,https://eutawpharmacycare.com/wp-content/uploads/2026/04/310476319-1.png,,,,,,,,,0,"Revive Active","Revive Active Beauty Complex Sachets X 30","Revive Active Beauty Complex Sachets X 30",1,0
20420,simple,SKU-233502,,"Hostan 250 (Mefenamic Acid 250mg) Capsule Blister",1,0,visible,,"<p>- Mefenamic acid is a nonsteroidal anti-inflammatory drug (NSAID) that is used to treat mild to moderate pain. It can also be used to treat menstrual pain.</p>",,,none,,1,,,0,0,0,,,,1,,,10000,Anti-inflammatory,"anti-inflammatory\,, healthplus\,, hostan\,, menstrual, muscle, only, pain\,, prescription",,https://eutawpharmacycare.com/wp-content/uploads/2026/04/1221546448_83445904-bfc6-4a40-b017-bda1daa91eb6.jpg,,,,,,,,,0,Hovid,"Hostan 250 (Mefenamic Acid 250mg) Capsule Blister","Hostan 250 (Mefenamic Acid 250mg) Capsule Blister",1,0
20423,simple,SKU-138537,,"Loxagyl (Metronidazole) 400mg Tablets Blister",1,0,visible,,"<p>Loxagyl is an antibiotic that is used to treat a wide variety of infections. It works by stopping the growth of certain bacteria and parasites.This antibiotic treats only certain bacterial and parasitic infections.</p>",,,none,,1,,,0,0,0,,,,1,,,2670,Infections,"antibiotics\,, healthplus\,, infections\,, loxagyl\,, only, prescription",,https://eutawpharmacycare.com/wp-content/uploads/2026/04/Loxagyl_20_28Metronidazole_29_20400mg_20Tablets_20Blister.png,,,,,,,,,0,"May &amp; Baker","Loxagyl (Metronidazole) 400mg Tablets Blister","Loxagyl (Metronidazole) 400mg Tablets Blister",1,0
20426,simple,SKU-158275,,"Loxagyl Metronidazole 200mg Tablets Blister",1,0,visible,,"<p>Loxagyl is an antibiotic that is used to treat a wide variety of infections. It works by stopping the growth of certain bacteria and parasites. This antibiotic treats only certain bacterial and parasitic infections.</p>",,,none,,1,,,0,0,0,,,,1,,,2700,Infections,"antibiotics\,, healthplus\,, infections\,, loxagyl\,, only, prescription",,https://eutawpharmacycare.com/wp-content/uploads/2026/04/Loxagyl_20Metronidazole_20200mg_20Tablets_20Blister.jpg,,,,,,,,,0,"May &amp; Baker","Loxagyl Metronidazole 200mg Tablets Blister","Loxagyl Metronidazole 200mg Tablets Blister",1,0
20429,simple,SKU-171838,,"Loxagyl 200mg/5ml Suspension",1,0,visible,,"<p>Loxagyl is an antibiotic that is used to treat a wide variety of infections. It works by stopping the growth of certain bacteria and parasites. This antibiotic treats only certain bacterial and parasitic infections.</p>",,,none,,1,,,0,0,0,,,,1,,,620,Infections,"antibiotics\,, healthplus\,, infections\,, loxagyl\,, only, prescription",,https://eutawpharmacycare.com/wp-content/uploads/2026/04/1202889961.jpg,,,,,,,,,0,"May &amp; Baker","Loxagyl 200mg/5ml Suspension","Loxagyl 200mg/5ml Suspension",1,0
20432,simple,SKU-163969,,"Exforge 10mg/320mg Tablets X 28",1,0,visible,,"<p>Exforge (amlodipine, valsartan) is indicated for the treatment of hypertension, to lower blood pressure.</p>",,,none,,1,,,0,0,0,,,,1,,,70000,Hypertension,"antihypertensive\,, exforge\,, featured, healthplus\,, hypertension\,, only, prescription, product\,",,https://eutawpharmacycare.com/wp-content/uploads/2026/04/Exforge-10-320mg-Tablets-28-Tablets-1.jpg,,,,,,,,,0,Novartis,"Exforge 10mg/320mg Tablets X 28","Exforge 10mg/320mg Tablets X 28",1,0
20435,simple,SKU-346364,,"Garden of Life Raw Probiotics Vaginal Care Capsules x30",1,0,visible,,"<p>- Supports vaginal flora balance <br>\n- Supports urinary tract health<br>\n- Promotes yeast balance</p>",,,none,,1,,,0,0,0,,,,1,,,114070,"Urinary Health","care, garden, health\,, healthplus\,, life\,, of, supplements\,, urinary, vaginal",,https://eutawpharmacycare.com/wp-content/uploads/2026/04/Garden_20of_20Life_20Raw_20Probiotics_20Vaginal_20Care_20Capsules_20x30_3f21478c-5d4c-4cbf-85d6-609c228d77da.jpg,,,,,,,,,0,"Garden of Life","Garden of Life Raw Probiotics Vaginal Care Capsules x30","Garden of Life Raw Probiotics Vaginal Care Capsules x30",1,0
20438,simple,SKU-120061,,"Astymin 270mg Capsules x20",1,0,visible,,"<p>- Helps maintain all round health and vitality<br>\n- Helps to maintain healthy growth, immune system defense and energy release<br>\nAstymin is a multivitamin formulated to help cell growth, protect cells from wear and tear, boost immune system, promote mental and physical growth and help recovery from sickness. It is also loaded with amino acids.</p>",,,none,,1,,,0,0,0,,,,1,,,13870,Vitamins,"astymin\,, healthplus\,, multivitamins\,, supplements\,, vitamins",,https://eutawpharmacycare.com/wp-content/uploads/2026/04/Astymin_20270mg_20Capsules_20x20_654d7899-2545-4204-980b-f57581ea383e.jpg,,,,,,,,,0,Fidson,"Astymin 270mg Capsules x20","Astymin 270mg Capsules x20",1,0
20441,simple,SKU-160129,,"Gascol Antacid 150ml",1,0,visible,,"<p>- Relieves discomfort associated with indigestion, constipation, bloating or flatulence<br>\n- Provides prolonged antacid action</p>",,,none,,1,,,0,0,0,,,,1,,,2840,"Digestive Care","antacids\,, care\,, digestive, gascol\,, healthplus\,, joint\,, ulcer",,https://eutawpharmacycare.com/wp-content/uploads/2026/04/Gascol_20Antacid_20150ml.jpg,,,,,,,,,0,Fidson,"Gascol Antacid 150ml","Gascol Antacid 150ml",1,0
20444,simple,SKU-117991,,"Arthocare Forte 500mg x30",1,0,visible,,"<p>- It is used to in the treatment of osteoarthritis<br>\n- It reduces friction in the joints and makes physical movements more comfortable <br>\n- Supports bone and joint health</p>",,,none,,1,,,0,0,0,,,,1,,,16490,"Bone & Joints","&, arthocare, bone, forte\,, healthplus\,, joints\,, only\,, prescription, redness\,, supplements",,https://eutawpharmacycare.com/wp-content/uploads/2026/04/Arthocare_20Forte_20500mg_20x30_537ed8e9-add3-45db-8946-0d0f3883df9b.jpg,,,,,,,,,0,Fidson,"Arthocare Forte 500mg x30","Arthocare Forte 500mg x30",1,0
20447,simple,SKU-303582,,"Visine Original Red Eye Drops Hydrating Comfort 8ml",1,0,visible,,"<p>- Relieves redness <br>\n- Fast-acting formula<br>\n- Helps reduce eye irritation</p>",,,none,,1,,,0,0,0,,,,1,,,11900,"Eye Care","anti-allergy\,, care\,, eye, eyes\,, healthplus\,, itchy, visine",,https://eutawpharmacycare.com/wp-content/uploads/2026/04/Visine_20Original_20Red_20Eye_20Drops_20Hydrating_20Comfort_208ml.jpg,,,,,,,,,0,Visine,"Visine Original Red Eye Drops Hydrating Comfort 8ml","Visine Original Red Eye Drops Hydrating Comfort 8ml",1,0
20450,simple,SKU-364024,,"Combifem 0.15/0.03/75mg Tablets x 84",1,0,visible,,"<p>About Combifem<br>\nCombifem 0.15/0.03/75mg Tablets offer a daily contraceptive solution. It is a combination pill which means it releases the hormones estrogen and progestin.</p>\n\n<p>How it works<br>\nCombifem prevents pregnancy by stopping your ovaries from releasing eggs and thickens your cervical mucus to keep sperm from reaching an egg. It requires daily dosage which can be easy integrates into ones routine.</p>\n\n<p>Each tablet provides reliable protection against pregnancy when taken as directed.</p>",,,none,,1,,,0,0,0,,,,1,,,1130,"Sexual Health","combifem\,, contraceptives\,, family, healthplus\,, only, oral, planning\,, prescription",,https://eutawpharmacycare.com/wp-content/uploads/2026/04/lfpfrvhahb5r4bgebyok_4710d12a-40fa-4b66-b858-1788140ab231.png,,,,,,,,,0,"Society for Family Health","Combifem 0.15/0.03/75mg Tablets x 84","Combifem 0.15/0.03/75mg Tablets x 84",1,0
20453,simple,SKU-364023,,"Combifem 0.15/0.03/75mg Tablets x 28",1,0,visible,,"<p>About Combifem<br>\nCombifem 0.15/0.03/75mg Tablets offer a daily contraceptive solution. It is a combination pill which means it releases the hormones estrogen and progestin.</p>\n\n<p>How it works<br>\nCombifem prevents pregnancy by stopping your ovaries from releasing eggs and thickens your cervical mucus to keep sperm from reaching an egg. It requires daily dosage which can be easy integrates into ones routine.</p>\n\n<p>Each tablet provides reliable protection against pregnancy when taken as directed.</p>",,,none,,1,,,0,0,0,,,,1,,,440,"Sexual Health","combifem\,, contraceptives\,, family, healthplus\,, only, oral, planning\,, prescription",,https://eutawpharmacycare.com/wp-content/uploads/2026/04/j1qb2b8xpw8gfafity7i_2c2cc959-fe86-4a5e-aad8-a0539962c266.png,,,,,,,,,0,"Society for Family Health","Combifem 0.15/0.03/75mg Tablets x 28","Combifem 0.15/0.03/75mg Tablets x 28",1,0
20456,simple,SKU-208142,,"Implanon NXT 68mg",1,0,visible,,"<p>About Implanon<br>\nImplanon NXT 68mg is a trusted contraceptive implant designed to prevent pregnancy effectively. This implant is inserted under the skin of your upper arm by a healthcare professional, providing a discreet and hassle-free contraceptive solution. It can be removed at any time by your healthcare provider.<br>\nHow It works<br>\nIt works by inhibiting ovulation. The implant releases small amounts of hormones into your blood over the course of up to 3 years.</p>",,,none,,1,,,0,0,0,,,,1,,,3340,"Sexual Health","contraceptive, contraceptives\,, family, healthplus\,, implanon\,, implant\,, only, planning\,, prescription",,https://eutawpharmacycare.com/wp-content/uploads/2026/04/vgcgfgbzjpfpodidmjmy_23f06e25-69dc-4b12-8362-2ed6bf82a53b.png,,,,,,,,,0,Implanon,"Implanon NXT 68mg","Implanon NXT 68mg",1,0
20459,simple,SKU-152437,,"Noristerat Injection 200mg/ml",1,0,visible,,"<p>About Noristerat Injection<br>\nNoristerat injection is a type of birth control shot that contains progestin, a hormone that prevents pregnancy. <br>\nIt's reversible, meaning its effects wear off over time. This injection offers up to 8 weeks of protection against pregnancy when administered correctly.</p>\n\n<p>How It works<br>\nNoristerat works by thickening the cervical mucus, making it difficult for sperm to reach the egg. It also affects the lining of the uterus, making it less receptive to a fertilized egg. This dual action helps to prevent pregnancy effectively.</p>",,,none,,1,,,0,0,0,,,,1,,,2730,"Sexual Health","contraceptives\,, family, healthplus\,, injectable, noristerat\,, only, planning\,, prescription",,https://eutawpharmacycare.com/wp-content/uploads/2026/04/zlsresp2xhvpb1itfymx.png,,,,,,,,,0,Bayer,"Noristerat Injection 200mg/ml","Noristerat Injection 200mg/ml",1,0
20462,simple,SKU-SKU-NG-85707,,"Nifecard (Nifedipine) XL 30mg x 30",1,0,visible,,"<p>Nifecard extended release is used alone or in combination with other drugs to treat high blood pressure (hypertension) and angina (chest pain).</p>",,,none,,1,,,0,0,0,,,,1,,,8800,Hypertension,"antihypertensive\,, healthplus\,, hypertension\,, nifecard\,, only, prescription",,https://eutawpharmacycare.com/wp-content/uploads/2026/04/Nifecard_20_28Nifedipine_29_20XL_2030mg_20x_2030.jpg,,,,,,,,,0,Nifecard,"Nifecard (Nifedipine) XL 30mg x 30","Nifecard (Nifedipine) XL 30mg x 30",1,0
20465,simple,SKU-109836,,"Aldomet 250mg Tablets Blister x 60",1,0,visible,,"<p>Aldomet is used to treat high blood pressure (hypertension).</p>",,,none,,1,,,0,0,0,,,,1,,,13620,Hypertension,"aldomet\,, antihypertensive\,, healthplus\,, hypertension\,, only, prescription",,https://eutawpharmacycare.com/wp-content/uploads/2026/04/pysyipqjo6hkuwj3ehlw.png,,,,,,,,,0,Aldomet,"Aldomet 250mg Tablets Blister x 60","Aldomet 250mg Tablets Blister x 60",1,0
20468,simple,SKU-123359,,"Bisoprolol (Sandoz) 5mg x 28",1,0,visible,,"<p>Concor is used alone or in combination with other medicines in the treatment of hypertension (high blood pressure) and angina.</p>",,,none,,1,,,0,0,0,,,,1,,,4470,Hypertension,"antihypertensive\,, healthplus\,, hypertension\,, only\,, prescription, sandoz",,https://eutawpharmacycare.com/wp-content/uploads/2026/04/nm66sxypqt4uldog18tt.png,,,,,,,,,0,Sandoz,"Bisoprolol (Sandoz) 5mg x 28","Bisoprolol (Sandoz) 5mg x 28",1,0
20471,simple,SKU-114571,,"Zolat Tablets 200mg x 2",1,0,visible,,"<p>Zolat is used to treat tapeworm infection that affects the brain, muscles and body tissues. This medicine works by destroying the growth of parasitic worms.</p>",,,none,,1,,,0,0,0,,,,1,,,370,Others,"expeller\,, healthplus\,, others\,, worm, zolat",,https://eutawpharmacycare.com/wp-content/uploads/2026/04/Zolat_20Tablets_20200mg_20x2_6709cffc-db05-4d94-b333-e69c167fb1e6.png,,,,,,,,,0,Emzor,"Zolat Tablets 200mg x 2","Zolat Tablets 200mg x 2",1,0
20474,simple,SKU-SKU-NG-85536,,"Nature's Pride Ginkgo Biloba Softgel x60",1,0,visible,,"<p>- Helps support mental alertness and focus<br>\n- Supports healthy brain function<br>\n- Promotes healthy circulation</p>",,,none,,1,,,0,0,0,,,,1,,,20000,Supplements,"brain, healthplus\,, nature's, otc\,, pride\,, supplements, support\,",,https://eutawpharmacycare.com/wp-content/uploads/2026/04/d3mr7xmw8brs1os45utf_e40f4161-3b87-41e5-bc23-3a73336f471d.jpg,,,,,,,,,0,"Nature's Pride","Nature's Pride Ginkgo Biloba Softgel x60","Nature's Pride Ginkgo Biloba Softgel x60",1,0
20477,simple,SKU-114716,,"Neurogesic Ointment 35g",1,0,visible,,"<p>- Fast-acting ointment for quick relief from arthritis, backaches, muscle pain, and sprains<br>\n- Helps to ease muscle pain<br>\n- Non greasy</p>",,,none,,1,,,0,0,0,,,,1,,,2170,"Pain Management - Others","'-, body, healthcare, healthplus\,, joint, management, neurogesic\,, others, pain, pain\,, seller\,, top",,https://eutawpharmacycare.com/wp-content/uploads/2026/04/Neurogesic_20Ointment_2035g_f77f1646-6595-42f2-a4dc-fd80ab429da5.jpg,,,,,,,,,0,Drugfield,"Neurogesic Ointment 35g","Neurogesic Ointment 35g",1,0
20480,simple,SKU-126735,,"Neurogesic Ointment 85g",1,0,visible,,"<p>- Fast-acting ointment for quick relief from arthritis, backaches, muscle pain, and sprains<br>\n- Helps to ease muscle pain<br>\n- Non greasy</p>",,,none,,1,,,0,0,0,,,,1,,,3840,"Pain Management - Others","'-, body, healthplus\,, management, neurogesic\,, others, pain, pain\,",,https://eutawpharmacycare.com/wp-content/uploads/2026/04/i0bvko4qq2npu8pvc5ao.jpg,,,,,,,,,0,Drugfield,"Neurogesic Ointment 85g","Neurogesic Ointment 85g",1,0
20483,simple,SKU-116241,,"Clofenac SR 100mg Blister Tablet",1,0,visible,,"<p>- Used to treat mild to moderate pain or signs and symptoms of osteoarthritis or rheumatoid arthritis.<br>\n- Used to relieve pain and inflammation<br>\nClofenac (Diclofenac) is a nonsteroidal anti-inflammatory drug (NSAID). It is used to relieve pain and swelling (inflammation) from various mild to moderate painful conditions. It is used to treat muscle aches, backaches, dental pain, menstrual cramps, and sports injuries. It also reduces pain, swelling, and joint stiffness caused by arthritis.</p>",,,none,,1,,,0,0,0,,,,1,,,8260,Anti-inflammatory,"anti-inflammatory\,, healthplus\,, hovid\,, joint, pain",,https://eutawpharmacycare.com/wp-content/uploads/2026/04/Clofenac_20SR_20100mg_20Blister_20Tablet_c8f79b81-348a-4b73-9f88-047a4395c411.png,,,,,,,,,0,Hovid,"Clofenac SR 100mg Blister Tablet","Clofenac SR 100mg Blister Tablet",1,0
20486,simple,SKU-163968,,"Tribotan Cream Adult 20g",1,0,visible,,"<p>- It is used for the relief and treatment of skin infections like superficial inflammation occurring in moist skin folds of inner thighs, waist, and buttocks<br>\n- Effectively in treating fungal skin infections<br>\n- It helps to soothe and protect the affected area</p>",,,none,,1,,,0,0,0,,,,1,,,2040,Infections,"antifungal\,, body, healthplus\,, infections\,, pain\,, tribotan",,https://eutawpharmacycare.com/wp-content/uploads/2026/04/vzgcil1m2o4wbvfoctdt.jpg,,,,,,,,,0,Fidson,"Tribotan Cream Adult 20g","Tribotan Cream Adult 20g",1,0
20489,simple,SKU-146814,,"Lofnac 100mg Tablets",1,0,visible,,"<p>- Used to treat mild to moderate pain <br>\n- Used to relieve pain and inflammation<br>\n- It also reduces pain, swelling, and joint stiffness caused by arthritis</p>",,,none,,1,,,0,0,0,,,,1,,,300,Anti-inflammatory,"analgesics, anti-inflammatory\,, healthplus\,, joint, lofnac\,, oral, pain\,",,https://eutawpharmacycare.com/wp-content/uploads/2026/04/dmljltqmzhndkukp8jhb_16daa99d-60c9-4f77-b8da-64b9d07376da.jpg,,,,,,,,,0,"Greenlife Pharmaceuticals","Lofnac 100mg Tablets","Lofnac 100mg Tablets",1,0
20492,simple,SKU-273493,,"Glucophage 500mg Tablets x 30",1,0,visible,,"<p>Glucophage conatins Metformin. It is an oral diabetic medication that helps control blood sugar levels. It is used in patients with type 2 diabetes.</p>",,,none,,1,,,0,0,0,,,,1,,,6670,Diabetes,"diabetes, diabetes\,, healthplus\,, medication\,, merck\,, only, prescription",,https://eutawpharmacycare.com/wp-content/uploads/2026/04/Glucophage_20500mg_20Tablets_20x_2030_095ae36b-fe3a-4899-8db1-330de70b94da.jpg,,,,,,,,,0,Merck,"Glucophage 500mg Tablets x 30","Glucophage 500mg Tablets x 30",1,0
20495,simple,SKU-182365,,"Ferobin Plus Capsules x 30",1,0,visible,,"<p>- Helps in the normal formation of red blood cells <br>\n- It contains ferrous fumarate as a source of iron for the treatment of iron-deficiency anaemia<br>\n- It contains folic acid and cyanocobalamin (vitamin B12) which are used in the treatment of megaloblastic anaemia</p>",,,none,,1,,,0,0,0,,,,1,,,1700,Hematinics,"blood, capsules\,, ferobin\,, healthplus\,, hematinics\,, rash",,https://eutawpharmacycare.com/wp-content/uploads/2026/04/vaogdl3emeqzylimhzgb.jpg,,,,,,,,,0,Fidson,"Ferobin Plus Capsules x 30","Ferobin Plus Capsules x 30",1,0
20498,simple,SKU-SKU-NG-85424,,"Daravit Forte Softgel Capsules x30",1,0,visible,,"<p>- Contains essential vitamins and minerals fortified with ginseng<br>\n- Increases vitality and promotes general well being<br>\n- Promotes immune defense</p>",,,none,,1,,,0,0,0,,,,1,,,8090,Vitamins,"daravit, forte\,, healthplus\,, multivitamins\,, supplements\,, vitamins",,https://eutawpharmacycare.com/wp-content/uploads/2026/04/Daravit_20Forte_20Softgel_20Capsules_20x_2030_436690aa-993a-4f72-bba4-a6e6213fb8a5.png,,,,,,,,,0,Elbe,"Daravit Forte Softgel Capsules x30","Daravit Forte Softgel Capsules x30",1,0
20501,simple,SKU-163957,,"Fidson Timolol 0.5% Eye Drops 10ml",1,0,visible,,"<p>Timolol eye drops is used alone or together with other medicines to treat increased pressure in the eye that is caused by open-angle glaucoma or a condition called ocular (eye) hypertension.</p>",,,none,,1,,,0,0,0,,,,1,,,1560,"Chronic Diseases","'-, chronic, diseases, glaucoma, healthplus\,, others\,, timolol, treatment\,",,https://eutawpharmacycare.com/wp-content/uploads/2026/04/djrq33xu0agjdo8h4tub_c35a6292-c6de-4968-a159-a20261383ac8.jpg,,,,,,,,,0,Fidson,"Fidson Timolol 0.5% Eye Drops 10ml","Fidson Timolol 0.5% Eye Drops 10ml",1,0
20504,simple,SKU-161763,,"Amalar  500/25mg Tablets x 3",1,0,visible,,"<p>Amalar is amedication used to treat malaria. It may also be used to prevent malaria in people who are living in, or will be traveling to, an area where there is a chance of getting malaria.</p>",,,none,,1,,,0,0,0,,,,1,,,400,Malaria,"amalar\,, healthplus\,, malaria, malaria\,, treatment\,, vomitting",,https://eutawpharmacycare.com/wp-content/uploads/2026/04/Amalar_20500-25mg_20Tablets_20x3_a9e5120e-afd8-44c5-939f-18dc62a39ec4.png,,,,,,,,,0,Elbe,"Amalar  500/25mg Tablets x 3","Amalar 500/25mg Tablets x 3",1,0
20507,simple,SKU-146797,,"Aprovasc 300mg/10mg Tablets x 28",1,0,visible,,"<p>Aprovasc is a fixed combination of amlodipine and irbesartan. It is indicated for the treatment of hypertension, to lower blood pressure.</p>",,,none,,1,,,0,0,0,,,,1,,,40950,Hypertension,"antihypertensive\,, aprovasc\,, healthplus\,, hypertension\,, only, prescription",,https://eutawpharmacycare.com/wp-content/uploads/2026/04/etgxmrifqs7isx9iows7.jpg,,,,,,,,,0,Sanofi,"Aprovasc 300mg/10mg Tablets x 28","Aprovasc 300mg/10mg Tablets x 28",1,0
20510,simple,SKU-154915,,"Flucamed 200mg Capsules x 10",1,0,visible,,"<p>Flucamed is used to treat a variety of fungal and yeast infections. It works by stopping the growth of certain types of fungus.</p>",,,none,,1,,,0,0,0,,,,1,,,6300,Infections,"antifungal\,, flucamed\,, healthplus\,, infections\,, only, prescription",,https://eutawpharmacycare.com/wp-content/uploads/2026/04/ma2bdhhtvkdzedmaipob.jpg,,,,,,,,,0,DGF,"Flucamed 200mg Capsules x 10","Flucamed 200mg Capsules x 10",1,0
20513,simple,SKU-116769,,"DGF Whitfield's Ointment 20g",1,0,visible,,"<p>Whitfield's ointment is used to treat athlete’s foot, ringworm of the body scalp hand and other fungal skin infections.</p>",,,none,,1,,,0,0,0,,,,1,,,950,Infections,"antifungal\,, healthplus\,, infections\,, whitfield's",,https://eutawpharmacycare.com/wp-content/uploads/2026/04/DGF_20Whitfield_27s_20Ointment_2020g_2aecde31-5868-436b-a63b-4fc4816b3501.png,,,,,,,,,0,Drugfield,"DGF Whitfield's Ointment 20g","DGF Whitfield's Ointment 20g",1,0
20516,simple,SKU-240648,,"Gyno-Daktarin Vaginal Cream 40g",1,0,visible,,"<p>- Effective antifungal cream for treating vaginal yeast infections.<br>\n- Contains miconazole nitrate to combat Candida and other fungal infections.<br>\n- Provides relief from itching, irritation, and discharge.<br>\n- Helps restore vaginal health with targeted antifungal action.</p>",,,none,,1,,,0,0,0,,,,1,,,17790,Antifungal,"antifungal\,, family, health\,, healthplus\,, janssen\,, only, prescription",,https://eutawpharmacycare.com/wp-content/uploads/2026/04/Gyno-Daktarin_20Vaginal_20Cream_2040g.jpg,,,,,,,,,0,"HealthPlus Pharmacy","Gyno-Daktarin Vaginal Cream 40g","Gyno-Daktarin Vaginal Cream 40g",1,0
20519,simple,SKU-345419,,"Floradix Kindervital for Children 250ml",1,0,visible,,"<p>- Provides children with the vital calcium and vitamin D which are needed for normal growth and bone development<br>\n- Suitable for children from three years and above<br>\n- Contains no alcohol or preservatives</p>",,,none,,1,,,0,0,0,,,,1,,,26710,"Bone & Joints","&, bone, children's, floradix\,, Health, health\,, healthplus\,, joints\,, kid's, supplements\,, women's",,https://eutawpharmacycare.com/wp-content/uploads/2026/04/Floradix_20Kindervital_20for_20Children_20250ml.jpg,,,,,,,,,0,Floradix,"Floradix Kindervital for Children 250ml","Floradix Kindervital for Children 250ml",1,0
20522,simple,SKU-270233,,"Diabetone Tablets x 30",1,0,visible,,"<p>- Helps to maintain normal blood glucose levels<br>\n- Helps to support normal energy release<br>\n- Contributes to the normal functioning of the nervous system.</p>",,,none,,1,,,0,0,0,,,,1,,,17460,Supplements,"diabetes, family, health\,, healthplus\,, men's, supplements\,, support\,, vitabiotics",,https://eutawpharmacycare.com/wp-content/uploads/2026/04/Diabetone_20Tablets_20x_2030_c4ad5a67-12a5-4d94-bedb-7abe27aba128.png,,,,,,,,,0,Vitabiotics,"Diabetone Tablets x 30","Diabetone Tablets x 30",1,0
20525,simple,SKU-SKU-NG-85803,,"Pregnacare New Mum Tablets x56",1,0,visible,,"<p>- Formulated specifically for the nutritional needs of new mums<br>\n- Helps in the reduction of tiredness and fatigue<br>\n- Contributes to the maintenance of normal skin</p>",,,none,,1,,,0,0,0,,,,1,,,26430,"Pregnancy & Breastfeeding","&, breastfeeding\,, healthplus\,, pregnancy, supplements\,, vitabiotics",,https://eutawpharmacycare.com/wp-content/uploads/2026/04/hdcfbvs8crss1j9kryqt.png,,,,,,,,,0,Vitabiotics,"Pregnacare New Mum Tablets x56","Pregnacare New Mum Tablets x56",1,0
20528,simple,SKU-224379,,"Visionace Original Tablets x 30",1,0,visible,,"<p>- Contributes to the maintenance of normal vision<br>\n- Protects the cells from oxidative stress<br>\n- It can be used by contact lens wearers or those working long hours at a computer screen</p>",,,none,,1,,,0,0,0,,,,1,,,15000,"Eye Care","care\,, eye, family, Health, health\,, healthplus\,, men's, supplements\,, support\,, vitabiotics\,, women's",,https://eutawpharmacycare.com/wp-content/uploads/2026/04/pr52kri7ovumlcxahjjc_51c5a2fe-cd03-4d21-9ae7-f247be69f073.png,,,,,,,,,0,Vitabiotics,"Visionace Original Tablets x 30","Visionace Original Tablets x 30",1,0
20531,simple,SKU-270351,,"Visionace Plus Tablets/Capsules x 56",1,0,visible,,"<p>- Contributes to the maintenance of normal vision<br>\n- Protects the cells from oxidative stress<br>\n- Suitable for individuals wearing contact lenses</p>",,,none,,1,,,0,0,0,,,,1,,,26670,"Eye Care","care\,, eye, healthplus\,, supplements\,, support\,, vitabiotics",,https://eutawpharmacycare.com/wp-content/uploads/2026/04/zu07fbyevoc6ctabmyol_4938f04f-a2d8-491c-9161-3317732f8eaa.png,,,,,,,,,0,Vitabiotics,"Visionace Plus Tablets/Capsules x 56","Visionace Plus Tablets/Capsules x 56",1,0
20534,simple,SKU-267144,,"Wellkid Multi-Vitamin Smart Chewable Tablets x 30",1,0,visible,,"<p>- Supports the immune system<br>\n- Contributes to normal cognitive development in children<br>\n- Supports normal growth and development of bones in children</p>",,,none,,1,,,0,0,0,,,,1,,,15750,Vitamins,"children's, health\,, healthplus\,, multivitamins\,, supplements\,, vitabiotics\,, vitamins",,https://eutawpharmacycare.com/wp-content/uploads/2026/04/Wellkid_20Multi-Vitamin_20Smart_20Chewable_20Tablets_20x_2030.png,,,,,,,,,0,Vitabiotics,"Wellkid Multi-Vitamin Smart Chewable Tablets x 30","Wellkid Multi-Vitamin Smart Chewable Tablets x 30",1,0
20537,simple,SKU-167688,,"Wellman Conception Tablets x 30",1,0,visible,,"<p>- Contributes to normal fertility and reproduction<br>\n- Contributes to the regulation of hormonal activity<br>\n- Contributes to the maintenance of normal testosterone levels in the blood</p>",,,none,,1,,,0,0,0,,,,1,,,22000,Supplements,"conception\,, healthplus\,, supplements\,, vitabiotics",,https://eutawpharmacycare.com/wp-content/uploads/2026/04/Wellman_20Conception_20Tablets_20x_2030.jpg,,,,,,,,,0,Vitabiotics,"Wellman Conception Tablets x 30","Wellman Conception Tablets x 30",1,0
20540,simple,SKU-SKU-NG-76294,,"Wellman 70+ Tablets x 30",1,0,visible,,"<p>- Contributes to normal cognitive function<br>\n- Contributes to the normal function of the heart<br>\n- Supports the normal function of the immune system</p>",,,none,,1,,,0,0,0,,,,1,,,20590,Vitamins,"family, health\,, healthplus\,, men's, multivitamins\,, supplements\,, vitabiotics\,, vitamins",,https://eutawpharmacycare.com/wp-content/uploads/2026/04/ovvptblaxiek1lvc4zmj_327bfdd2-53ff-40a2-8f92-b6aefc5943f4.png,,,,,,,,,0,Vitabiotics,"Wellman 70+ Tablets x 30","Wellman 70+ Tablets x 30",1,0
20543,simple,SKU-337620,,"Menopace Max Tablets/Capsules x84",1,0,visible,,"<p>- Contributes to the regulation of hormonal activity<br>\n- Contributes to normal heart function<br>\n- Contribute to the maintenance of normal bones</p>",,,none,,1,,,0,0,0,,,,1,,,60010,Supplements,"family, Health, health\,, healthplus\,, hormonal, menopause\,, supplements\,, support\,, vitabiotics\,, women's",,https://eutawpharmacycare.com/wp-content/uploads/2026/04/wvbnleylryqqld0bvmvn.png,,,,,,,,,0,Vitabiotics,"Menopace Max Tablets/Capsules x84","Menopace Max Tablets/Capsules x84",1,0
20546,simple,SKU-SKU-NG-85763,,"Osteocare Plus Glucosamine & Chondroitin Tablets x 60",1,0,visible,,"<p>- Contributes to normal collagen formation for the normal function of cartilage<br>\n- Contributes to normal muscle function<br>\n- Contributes to maintenance of normal bone health</p>",,,none,,1,,,0,0,0,,,,1,,,22750,"Bone & Joints","&, bone, healthplus\,, joints\,, muscle, supplements\,, support\,, vitabiotics",,https://eutawpharmacycare.com/wp-content/uploads/2026/04/vctaonnyxoptsyiwxbdd_a85a8be9-31b1-48df-b49c-921f7638d6b6.png,,,,,,,,,0,Vitabiotics,"Osteocare Plus Glucosamine & Chondroitin Tablets x 60","Osteocare Plus Glucosamine & Chondroitin Tablets x 60",1,0
20549,simple,SKU-SKU-NG-85762,,"Osteocare Original Liquid 200ml",1,0,visible,,"<p>- Supports maintenance of normal bones<br>\n- Contributes to normal muscle function<br>\n- Contains vitamin D which helps with the normal absorption of calcium by the body</p>",,,none,,1,,,0,0,0,,,,1,,,11090,"Bone & Joints","&, bone, healthplus\,, joints\,, muscle, supplements\,, support\,, vitabiotics",,https://eutawpharmacycare.com/wp-content/uploads/2026/04/oxtberc8ho9uqogk9ejo_9a5b514e-3d9e-4829-a706-547c495efb0d.png,,,,,,,,,0,Vitabiotics,"Osteocare Original Liquid 200ml","Osteocare Original Liquid 200ml",1,0
20552,simple,SKU-270310,,"Osteocare Plus Omega-3 & Soy Isoflavones Tablet x84",1,0,visible,,"<p>- Contribute to the maintenance of normal bones<br>\n- Contributes to normal absorption and utilisation of calcium<br>\n- Contributes to normal muscle function</p>",,,none,,1,,,0,0,0,,,,1,,,23250,"Bone & Joints","&, bone, healthplus\,, joints\,, otc\,, supplements\,, vitabiotics",,https://eutawpharmacycare.com/wp-content/uploads/2026/04/b4ys7v7mwfyj2boza3bm_57bf7a95-ade4-4f5b-9e40-1ffcb2a74710.png,,,,,,,,,0,Vitabiotics,"Osteocare Plus Omega-3 & Soy Isoflavones Tablet x84","Osteocare Plus Omega-3 & Soy Isoflavones Tablet x84",1,0
20555,simple,SKU-356230,,"Valupak Calcium & Vitamin D 400mg Tablets x 30",1,0,visible,,"<p>- Contributes to the maintenance of normal bones and teeth<br>\n- Supports normal calcium absorption and utilisation<br>\n- Supports the immune system</p>",,,none,,1,,,0,0,0,,,,1,,,2410,"Bone & Joints","&, bone, fish, healthplus\,, joints\,, oils, omegas\,, supplements\,, valupak",,https://eutawpharmacycare.com/wp-content/uploads/2026/04/tslg5lrd2yoxf46bkkjp.jpg,,,,,,,,,0,Valupak,"Valupak Calcium & Vitamin D 400mg Tablets x 30","Valupak Calcium & Vitamin D 400mg Tablets x 30",1,0
20558,simple,SKU-336312,,"Jointace Original Tablets x 30",1,0,visible,,"<p>- Helps to maintain normal bones<br>\n- Contributes to normal collagen formation for the normal function of bones and cartilage<br>\n- Helps maintain healthy joints</p>",,,none,,1,,,0,0,0,,,,1,,,31010,"Bone & Joints","&, bone, healthplus\,, joint, joints\,, pain\,, supplements\,, vitabiotics",,https://eutawpharmacycare.com/wp-content/uploads/2026/04/ussnbcpy20x0cgzhxrbh.png,,,,,,,,,0,Vitabiotics,"Jointace Original Tablets x 30","Jointace Original Tablets x 30",1,0
20561,simple,SKU-344735,,"Menopace Plus Tablets x 56",1,0,visible,,"<p>- Contributes to the regulation of hormonal activity<br>\n- Effective nutrient support for the menopause<br>\n- Contains vitamin D, magnesium and zinc which contribute to the maintenance of normal bones</p>",,,none,,1,,,0,0,0,,,,1,,,35460,Supplements,"healthplus\,, hormone, menopace\,, supplements, support\,",,https://eutawpharmacycare.com/wp-content/uploads/2026/04/Menopace_20Plus_20x56_bbfacd35-062f-49d6-ae5b-7208d3c81f9e.jpg,,,,,,,,,0,Vitabiotics,"Menopace Plus Tablets x 56","Menopace Plus Tablets x 56",1,0
20564,simple,SKU-270293,,"Menopace Original Tablets x 90",1,0,visible,,"<p>- Contributes to the regulation of hormonal activity<br>\n- Contribute to normal homocysteine metabolism<br>\n- Contributes to the normal functioning of the nervous system</p>",,,none,,1,,,0,0,0,,,,1,,,18190,Supplements,"family, Health, health\,, healthplus\,, hormonal, menopace\,, menopause\,, supplements\,, support\,, women's",,https://eutawpharmacycare.com/wp-content/uploads/2026/04/y6yaf9hgw9jsvkbnu5a9.jpg,,,,,,,,,0,Vitabiotics,"Menopace Original Tablets x 90","Menopace Original Tablets x 90",1,0
20567,simple,SKU-357586,,"Mason Natural Garlic 1000 mg Softgels x 100",1,0,visible,,"<p>- Helps to support normal, healthy cardiovascular function<br>\n- It may help support healthy cholesterol levels<br>\n- Antioxidant properties</p>",,,none,,1,,,0,0,0,,,,1,,,6640,Supplements,"health\,, healthplus\,, heart, mason, natural\,, supplements, support\,",,https://eutawpharmacycare.com/wp-content/uploads/2026/04/Garlic_20_28Mason_29_201000Mg_20X100_6e2565b8-d76c-4b10-a535-60fecaf1653b.jpg,,,,,,,,,0,"Mason Natural","Mason Natural Garlic 1000 mg Softgels x 100","Mason Natural Garlic 1000 mg Softgels x 100",1,0
20570,simple,SKU-348000,,"Mason Natural Vitamin E 1000 IU Softgels x 50",1,0,visible,,"<p>- Strengthens the immune system<br>\n- Antioxidant properties<br>\n- Supports healthy skin<br>\n- Support wellness</p>",,,none,,1,,,0,0,0,,,,1,,,12500,Vitamins,"e\,, healthplus\,, mason, natural\,, supplement\,, vitamin, vitamins",,https://eutawpharmacycare.com/wp-content/uploads/2026/04/Vitamin_20E_20_28Mason_29_201000_20I.U._20X50_17ad08df-c7e4-47e9-84fa-457f5b13463c.jpg,,,,,,,,,0,"Mason Natural","Mason Natural Vitamin E 1000 IU Softgels x 50","Mason Natural Vitamin E 1000 IU Softgels x 50",1,0
20573,simple,SKU-337621,,"Menopace Calcium Tablets x 60",1,0,visible,,"<p>- Contributes to the regulation of hormonal activity<br>\n- Contribute to maintenance of normal bones<br>\n- Contributes to the normal function of the immune system</p>",,,none,,1,,,0,0,0,,,,1,,,24800,Supplements,"healthplus\,, hormonal, supplements\,, support\,, vitabiotics",,https://eutawpharmacycare.com/wp-content/uploads/2026/04/Menopace_20Calcium_20Tablets_20x_2060.png,,,,,,,,,0,Vitabiotics,"Menopace Calcium Tablets x 60","Menopace Calcium Tablets x 60",1,0
20576,simple,SKU-335906,,"Imodium Original 2mg Capsules x 6",1,0,visible,,"<p>- Used to treat diarrhea<br>\n- Easy to swallow<br>\n- Helps to restore your body’s natural rhythm<br>\nImodium capsules are used to treat sudden short-lived (acute) attacks of diarrhoea and long-lasting (chronic) diarrhoea in adults. Imodium capsules contain a medicine called loperamide hydrochloride. It helps reduce diarrhoea by slowing down an overactive bowel. It also helps the body to absorb more water and salts from the bowel.</p>",,,none,,1,,,0,0,0,,,,1,,,15840,"Digestive Care","anti-diarrheal\,, care\,, digestive, healthcare, healthplus\,, imodium, seller\,, top",,https://eutawpharmacycare.com/wp-content/uploads/2026/04/Imodium_20Original_202mg_20Capsules_20x_206.jpg,,,,,,,,,0,Janssen,"Imodium Original 2mg Capsules x 6","Imodium Original 2mg Capsules x 6",1,0
20579,simple,SKU-125451,,"Emvit C Vitamin C 100Mg X1000",1,0,visible,,"<p>Em-Vit-C serves as both a nutritional supplement to support overall health and as a treatment for scurvy, a condition caused by vitamin C deficiency.<br>\n It provides essential vitamin C, which is crucial for collagen synthesis, antioxidant protection, and preventing symptoms like fatigue and bleeding gums associated with scurvy.</p>",,,none,,1,,,0,0,0,,,,1,,,6170,Vitamins,"'-, antioxidants\,, c, c\,, emvit, emzor, healthplus\,, otc\,, vitamin",,https://eutawpharmacycare.com/wp-content/uploads/2026/04/Vitamin_20C_20_28Emvit_20C_29_20100Mg_20X1000_7b6173f7-de87-43a7-a41d-332ad504fd57.png,,,,,,,,,0,Emzor,"Emvit C Vitamin C 100Mg X1000","Emvit C Vitamin C 100Mg X1000",1,0
20582,simple,SKU-139207,,"Lodium Loperamide 2Mg X100",1,0,visible,,"<p>Lodium 2mg X100 (Blister) is a medication designed to alleviate acute diarrhea and manage stool output for individuals with an ileostomy. Its active ingredient, Loperamide Hydrochloride, works by slowing down bowel movements, which helps to:<br>\n  <br>\n- Quickly alleviate acute diarrhea by reducing frequency and solidifying stools.<br>\n- Aid in managing and reducing stool output for those who have undergone ileostomy surgery.<br>\n- Improve bowel control and restore normal bowel rhythm by allowing more water absorption in the body.</p>\n\n<p>This medication provides effective relief for acute diarrhea and helps individuals with ileostomy achieve better bowel management.</p>",,,none,,1,,,0,0,0,,,,1,,,3340,"Digestive Care","'-, diarrhea\,, healthplus\,, lodium, otc\,, others\,, vixa",,https://eutawpharmacycare.com/wp-content/uploads/2026/04/Lodium_20Loperamide_202mg_20x10_3a8dbad6-c157-446b-889e-9df199e0e1ad.png,,,,,,,,,0,Vixa,"Lodium Loperamide 2Mg X100","Lodium Loperamide 2Mg X100",1,0
20585,simple,SKU-118089,,"Fesulf Ferrous Sulphate 200mg x100",1,0,visible,,"<p>Fesulf Ferrous Sulphate 200mg supports red blood cell production and helps prevent iron deficiency anemia, boosting energy and overall vitality.</p>",,,none,,1,,,0,0,0,,,,1,,,800,Hematinics,"brand, fesulf\,, healthplus\,, otc\,, others\,, top",,https://eutawpharmacycare.com/wp-content/uploads/2026/04/Fesulf_20Ferrous_20Sulphate_20200mg_20x100_816cdafd-ab93-4f6c-85e4-271db9436bfe.png,,,,,,,,,0,"HealthPlus Pharmacy","Fesulf Ferrous Sulphate 200mg x100","Fesulf Ferrous Sulphate 200mg x100",1,0
20588,simple,SKU-270367,,"Vitabiotics Wellman Original x30",1,0,visible,,"<p>Vitabiotic Wellman  X30 assist in maintainace of testoterone levels, aids in reduction of fatigue and  boost immune system</p>",,,none,,1,,,0,0,0,,,,1,,,20170,Supplements,"healthplus\,, otc\,, supplements\,, vitabotics",,https://eutawpharmacycare.com/wp-content/uploads/2026/04/Vitabiotic_20Wellman_20_20X30_8b59c411-9eb6-48a5-afc7-d152fbac6875.jpg,,,,,,,,,0,"HealthPlus Pharmacy","Vitabiotics Wellman Original x30","Vitabiotics Wellman Original x30",1,0
20591,simple,SKU-228075,,"Reload 4 Kidz Chewable Tablets x80",1,0,visible,,"<p>- Provides the critical nutrients children need<br>\n- Supports healthy bone development<br>\n- Boosts immunity and energy levels</p>",,,none,,1,,,0,0,0,,,,1,,,27170,Vitamins,"healthplus\,, multivitamins\,, otc\,, reload\,, supplements\,, vitamins",,https://eutawpharmacycare.com/wp-content/uploads/2026/04/Reload_204_20Kidz_20Chewable_20Tablets_20x80_ad36f906-fc0d-4cc3-8250-7b5193111cce.jpg,,,,,,,,,0,"Pharmacy Plus","Reload 4 Kidz Chewable Tablets x80","Reload 4 Kidz Chewable Tablets x80",1,0
20594,simple,SKU-357589,,"Nature's Pride Vitamin E 1000 IU Capsules x100",1,0,visible,,"<p>- Contributes to the protection of cells from oxidative stress<br>\n- Helps maintain normal health and wellness<br>\n- Promotes skin health</p>",,,none,,1,,,0,0,0,,,,1,,,28340,Vitamins,"e\,, healthplus\,, nature's, otc\,, pride\,, supplements\,, toothache\,, vitamin, vitamins",,https://eutawpharmacycare.com/wp-content/uploads/2026/04/Nature_27s_20Pride_20Vitamin_20E_201000_20IU_20Capsules_20x100_e7ea5f90-4e21-407b-8500-3e2377f42eee.jpg,,,,,,,,,0,"Nature's Pride","Nature's Pride Vitamin E 1000 IU Capsules x100","Nature's Pride Vitamin E 1000 IU Capsules x100",1,0
20597,simple,SKU-334845,,"Panadol Actifast Soluble X24",1,0,visible,,"<p>- Effective pain relief<br>\n- Disperses more quickly than normal paracetamol<br>\n- Panadol is effective for the relief of headaches, cold, backache, menstrual pain, muscle pain, and toothache<br>\n- Suitable for adults and children aged 6 years and over</p>",,,none,,1,,,0,0,0,,,,1,,,15920,"Fevers, Headache & Migraine","&, body, fevers\,, headache, healthplus\,, migraine\,, otc\,, pain\,, panadol",,https://eutawpharmacycare.com/wp-content/uploads/2026/04/Panadol_20Actifast_20Soluble_20X24_ebcda2ea-7971-48f0-8f74-3506a057d809.jpg,,,,,,,,,0,GSK,"Panadol Actifast Soluble X24","Panadol Actifast Soluble X24",1,0
20600,simple,SKU-264457,,"Nature's Field Joint Renew Advanced Tablets x 100",1,0,visible,,"<p>- Promotes optimum joint structure and function<br>\n- Improves joint flexibility<br>\n- Provides cushion and lubrication for the joints</p>",,,none,,1,,,0,0,0,,,,1,,,60000,"Bone & Joints","&, bone, field\,, healthplus\,, joint, joints\,, nature's, otc\,, supplements, support\,",,https://eutawpharmacycare.com/wp-content/uploads/2026/04/Nature_27s_20Field_20Joint_20Renew_20Advanced_20Blister_20x100_7dd88d75-caba-4d70-89c5-14da30184c1b.jpg,,,,,,,,,0,"Nature's Field","Nature's Field Joint Renew Advanced Tablets x 100","Nature's Field Joint Renew Advanced Tablets x 100",1,0
20603,simple,SKU-SKU-NG-85934,,"Strepsils Original Lozenges x24",1,0,visible,,"<p>- Suitable for adults and children over the age of 6 years<br>\n- Helps relieve the soreness and discomfort of the mouth and throat<br>\n- Helps fight the bacterial throat infections that can cause sore throats</p>",,,none,,1,,,0,0,0,,,,1,,,7690,"Sore Throat","healthplus\,, otc\,, sore, strepsils, throat\,",,https://eutawpharmacycare.com/wp-content/uploads/2026/04/Strepsils_20_28Original_29_202.8Mg_20X24_61f05aa3-612c-4bfb-8d2b-aea0fb11d876.jpg,,,,,,,,,0,"Reckitt Benckiser","Strepsils Original Lozenges x24","Strepsils Original Lozenges x24",1,0
20606,simple,SKU-190057,,"Amatem Softgel 80/480Mg X6",1,0,visible,,"<p>Amatem Forte is a prescription medication used to treat malaria. It's important to know:</p>\n\n<p>-Treats Existing Malaria Only: Amatem Forte is not for preventing malaria.<br>\n-Follow the doctor's instructions: Take Amatem Forte exactly as prescribed by your doctor, with food.<br>\n-Dosing Schedule: This medication is usually taken twice a day for 3 days (total of 6 doses). The first day involves two doses, 8 hours apart. For the next 2 days, take one dose in the morning and one in the evening.</p>",,,none,,1,,,0,0,0,,,,1,,,4170,Malaria,"&, elbe\,, fevers\,, headache, healthcare, healthplus\,, malaria, migraine\,, otc, seller\,, top, treatment\,",,https://eutawpharmacycare.com/wp-content/uploads/2026/04/Amatem_20Softgel_2080-480Mg_20x6_758b1309-a77b-46db-8528-55953c95dac9.jpg,,,,,,,,,0,Elbe,"Amatem Softgel 80/480Mg X6","Amatem Softgel 80/480Mg X6",1,0
20609,simple,SKU-233547,,"Nature's Field Mega Calcium x 100",1,0,visible,,"<p>- Helps to regulate muscle contraction<br>\n- Effective for treating and preventing hypocalcemia<br>\n- Vital for building strong bones and teeth<br>\nNature's Field Mega Calcium contains the daily necessary amount of calcium, as well as magnesium, zinc, copper, and other minerals that promote healthy bone density. Calcium is required by the body to produce and maintain strong bones and teeth. Calcium is required for the formation of strong bones, and the contraction of muscles.</p>",,,none,,1,,,0,0,0,,,,1,,,25920,"Bone & Joints","&, bone, featured, field\,, healthplus\,, joints\,, nature's, otc\,, product\,, supplements",,https://eutawpharmacycare.com/wp-content/uploads/2026/04/Mega_20Calcium_20_28Nature_27S_20Field_29_20X_20100_26e7aeef-d542-4691-9139-260b94f88e4d.jpg,,,,,,,,,0,Sylken,"Nature's Field Mega Calcium x 100","Nature's Field Mega Calcium x 100",1,0
20612,simple,SKU-240441,,"Wellwoman Plus Tablets x56",1,0,visible,,"<p>- Omega 3-6-9 capsule provides evening primrose oil, starflower oil, fish oil and olive oil.<br>\n- Helps maintain general health and vitality<br>\n- Contributes to normal energy release<br>\nWellwoman Plus Omega 3-6-9 contains all the benefits of Wellwoman Original comprehensive nutritional supplement, with the added benefits of Omega 3, 6 and 9 in a handy dual pack. This advanced Wellwoman formula is designed to help support your daily nutritional needs during a hectic life. It includes a wide range of nutrients which give support to the areas of health which are most relevant to women.</p>",,,none,,1,,,0,0,0,,,,1,,,34390,Vitamins,"healthplus\,, multivitamins\,, otc\,, supplements\,, vitabiotics\,, vitamins",,https://eutawpharmacycare.com/wp-content/uploads/2026/04/Wellwoman_20Plus_20Tablets_20x56_28cedf77-3cce-43b2-ad5c-11c76ea8be06.jpg,,,,,,,,,0,Vitabiotics,"Wellwoman Plus Tablets x56","Wellwoman Plus Tablets x56",1,0
20615,simple,SKU-128459,,"Emzor Vitamin B Complex 100mg x100",1,0,visible,,"<p>Emzor Vitamin B Complex Tablets are specially formulated to support children's and adult's health by providing essential nutrients. This includes promoting the healthy formation of blood cells and bolstering the immune system. Additionally, the tablets contain Vitamin C, which aids in collagen production and supports tissue repair throughout the body.</p>",,,none,,1,,,0,0,0,,,,1,,,530,Supplements,"c\,, emzor\,, healthplus\,, otc\,, vitamin, vitamins",,https://eutawpharmacycare.com/wp-content/uploads/2026/04/Emzor_20Vitamin_20B_20Complex_20100mg_20x100_202_d6f3f076-63e8-4fcf-9e9b-42e81c1209c2.png,,,,,,,,,0,"HealthPlus Pharmacy","Emzor Vitamin B Complex 100mg x100","Emzor Vitamin B Complex 100mg x100",1,0
20618,simple,SKU-202530,,"Medica Honey Throat Lozenges 5mg x36",1,0,visible,,"<p>- Provides fast relief from sore throat<br>\n- Soothes sore throat pain</p>",,,none,,1,,,0,0,0,,,,1,,,13250,"Sore Throat","healthplus\,, medica\,, otc\,, others",,https://eutawpharmacycare.com/wp-content/uploads/2026/04/Medica_20Honey_20Throat_20Lozenges_205mg_20x36_6b2a16d5-a349-45ee-9c03-78d426892e6b.jpg,,,,,,,,,0,"HealthPlus Pharmacy","Medica Honey Throat Lozenges 5mg x36","Medica Honey Throat Lozenges 5mg x36",1,0
20621,simple,SKU-202528,,"Medica Menthol Throat Lozenges 5mg x36",1,0,visible,,"<p>- Provides fast relief from sore throat<br>\n- Soothes sore throat pain</p>",,,none,,1,,,0,0,0,,,,1,,,13250,"Sore Throat","healthplus\,, medica\,, only, others\,, prescription",,https://eutawpharmacycare.com/wp-content/uploads/2026/04/Throat_20Lozenges_20-_20Medica-Menthol-_205Mg_20X36_6fbf65cb-c2ec-4a66-bf64-73bf609a3d4e.jpg,,,,,,,,,0,"HealthPlus Pharmacy","Medica Menthol Throat Lozenges 5mg x36","Medica Menthol Throat Lozenges 5mg x36",1,0
20624,simple,SKU-366458,,"Knect KY Lubricant 50ml",1,0,visible,,"<p>Discover enhanced intimacy with Knect's premium water-based lubricant. Formulated to perfectly blend with your natural moisture, Knect provides the confidence and freedom to deepen your connection with your partner.<br>\n Its Easy to rinse off, Non-staining and Perfume free</p>",,,none,,1,,,0,0,0,,,,1,,,22000,Lubricants,"healthplus\,, knect\,, otc\,, others",,https://eutawpharmacycare.com/wp-content/uploads/2026/04/Knect-KY-Jelly-50ml.jpg,,,,,,,,,0,"HealthPlus Pharmacy","Knect KY Lubricant 50ml","Knect KY Lubricant 50ml",1,0
20627,simple,SKU-297930,,"Trevia Sitagliptin 100mg x35",1,0,visible,,"<p>Trevia Sitagliptin 100mg contains sitagliptin as the active substance. It helps improve insulin levels after meals and reduces sugar levels in the body. <br>\n This medication is commonly used to manage blood sugar levels in individuals with type 2 diabetes mellitus.</p>",,,none,,1,,,0,0,0,,,,1,,,20270,Diabetes,"getz, healthplus\,, only, others\,, pharma\,, prescription",,https://eutawpharmacycare.com/wp-content/uploads/2026/04/Trevia_20Sitagliptin_20100mg_20x35_468951ce-48af-4c79-aac1-ca7fc414ebfb.png,,,,,,,,,0,"HealthPlus Pharmacy","Trevia Sitagliptin 100mg x35","Trevia Sitagliptin 100mg x35",1,0
20630,simple,SKU-173101,,"Tobrex Ointment 3.5gm",1,0,visible,,"<p>Tobrex Ointment 3.5gm is an ophthalmic (eye) medication used for treating bacterial eye infections. It contains tobramycin, an antibiotic that works by inhibiting bacterial growth.</p>",,,none,,1,,,0,0,0,,,,1,,,12740,"Eye Care","antibiotics\,, healthplus\,, otc\,, others\,, tobrex",,https://eutawpharmacycare.com/wp-content/uploads/2026/04/Tobrex_20Ointment_203.5gm_13b4a707-2340-468b-b3cb-ca9eb80dd215.jpg,,,,,,,,,0,"HealthPlus Pharmacy","Tobrex Ointment 3.5gm","Tobrex Ointment 3.5gm",1,0
20633,simple,SKU-140340,,"Flucamed Fluconazole 50mg/5ml",1,0,visible,,"<p>Flucamed is an antifungal medication used to treat fungal infections affecting the skin, lungs, mouth, throat, and meninges (the protective layer covering the brain and spinal cord). It functions by inhibiting fungal growth, thereby halting the spread of infections.</p>",,,none,,1,,,0,0,0,,,,1,,,2390,Antifungal,"drugfield\,, healthplus\,, infections\,, only, prescription",,https://eutawpharmacycare.com/wp-content/uploads/2026/04/Flucamed_20Fluconazole_2050mg-5ml.jpg,,,,,,,,,0,"HealthPlus Pharmacy","Flucamed Fluconazole 50mg/5ml","Flucamed Fluconazole 50mg/5ml",1,0
20636,simple,SKU-267287,,"Ocefix Cefixime 100mg/5ml 60ml x1",1,0,visible,,"<p>Ocefix Suspension contains cefixime, which is utilized in the treatment of various severe bacterial infections in children.<br>\n It is effective against conditions such as gonorrhea, infections of the ear, throat, tonsils, and urinary tract infections (UTIs).</p>",,,none,,1,,,0,0,0,,,,1,,,4100,Infections,"healthplus\,, only\,, others\,, prescription, swipha",,https://eutawpharmacycare.com/wp-content/uploads/2026/04/Ocefix_20Cefixime_20100mg-5ml_2060ml_20x1_2244b101-0093-472a-8d05-574b8aed5cae.png,,,,,,,,,0,"HealthPlus Pharmacy","Ocefix Cefixime 100mg/5ml 60ml x1","Ocefix Cefixime 100mg/5ml 60ml x1",1,0
20639,simple,SKU-SKU-NG-85358,,"Fidson Chloramphenicol 0.5% Eyedrops",1,0,visible,,"<p>Fidson Chloramphenicol 0.5% Eyedrops are used to treat bacterial eye infections like conjunctivitis.</p>",,,none,,1,,,0,0,0,,,,1,,,550,"Eye Care","antibiotics\,, fidson\,, healthplus\,, only, others\,, prescription",,https://eutawpharmacycare.com/wp-content/uploads/2026/04/Fidson_20Chloramphenicol_200.5_20Percent_20Eyedrops_1a6e4b5c-1daa-4555-a3f7-31cb6db35415.png,,,,,,,,,0,"HealthPlus Pharmacy","Fidson Chloramphenicol 0.5% Eyedrops","Fidson Chloramphenicol 0.5% Eyedrops",1,0
20642,simple,SKU-229519,,"Erythrokid Erythromycin 250mg/5ml 100ml",1,0,visible,,"<p>Erythrokid suspension contains erythromycin, which is an antibiotic used to treat bacterial infections.</p>",,,none,,1,,,0,0,0,,,,1,,,2340,Infections,"antibacterial\,, fidson\,, healthplus\,, only, prescription",,https://eutawpharmacycare.com/wp-content/uploads/2026/04/Erythrokid_20Erythromycin_20250mg-5ml_20100ml_f73df860-ad95-4c25-b579-1ba1251920de.png,,,,,,,,,0,"HealthPlus Pharmacy","Erythrokid Erythromycin 250mg/5ml 100ml","Erythrokid Erythromycin 250mg/5ml 100ml",1,0
20645,simple,SKU-302556,,"Hexedene 0.1% Mouthwash 100ml",1,0,visible,,"<p>Hexedene mouthwash treats mouth and throat infections as an antibacterial agent, effectively combating plaque, gingivitis, and bad breath.<br>\n It safeguards tooth enamel, including hard-to-reach areas, while providing relief from pain and discomfort associated with mouth and throat infections. It is often used alongside antibiotics and pain relievers for comprehensive treatment.</p>",,,none,,1,,,0,0,0,,,,1,,,2320,"Oral Care","healthplus\,, hexedene\,, only, others\,, prescription",,https://eutawpharmacycare.com/wp-content/uploads/2026/04/Hexedene_200.1percent_20Mouthwash_20100ml_97a13765-23e1-4cd1-9228-b5cc8f45a162.png,,,,,,,,,0,"HealthPlus Pharmacy","Hexedene 0.1% Mouthwash 100ml","Hexedene 0.1% Mouthwash 100ml",1,0
20648,simple,SKU-126741,,"Rocephine Ceftriaxone Injection 1g IV",1,0,visible,,"<p>Ceftriaxone (injection) treats bacterial infections. It's used for serious infections like pneumonia, meningitis, and skin infections, administered intravenously or intramuscularly under medical supervision.</p>",,,none,,1,,,0,0,0,,,,1,,,14670,"Chronic Diseases","healthplus\,, infections\,, only\,, prescription, roche",,https://eutawpharmacycare.com/wp-content/uploads/2026/04/Rocephine_20Ceftriaxone_20-_20Injection_201g_20IV_6961761a-02f7-4159-ab73-264ae4b11999.jpg,,,,,,,,,0,"HealthPlus Pharmacy","Rocephine Ceftriaxone Injection 1g IV","Rocephine Ceftriaxone Injection 1g IV",1,0
20651,simple,SKU-348260,,"Sandoz Bisoprolol Fumerate 2.5mg x28",1,0,visible,,"<p>Bisoprolol is a prescription medication which helps block the effects of certain hormones, thereby reducing the workload on the heart and promoting a more regular heart rhythm.</p>",,,none,,1,,,0,0,0,,,,1,,,4840,"Chronic Diseases","healthplus\,, heart, only\,, others\,, prescription, sandoz, support\,",,https://eutawpharmacycare.com/wp-content/uploads/2026/04/Sandoz_20Bisoprolol_20Fumerate_202.5mg_20x28_8c86bec1-6be6-4b7f-bd5a-07dea3543b9e.jpg,,,,,,,,,0,"HealthPlus Pharmacy","Sandoz Bisoprolol Fumerate 2.5mg x28","Sandoz Bisoprolol Fumerate 2.5mg x28",1,0
20654,simple,SKU-347707,,"Teva Atorvastatin 40mg x28",1,0,visible,,"<p>Teva Atorvastatin 40mg x 28 is a prescribed medication aimed at lowering high cholesterol levels.<br>\n It's used to mitigate the risk of heart attack, stroke, and other cardiovascular issues in individuals with type 2 diabetes, coronary heart disease, or other associated risk factors.</p>",,,none,,1,,,0,0,0,,,,1,,,10720,"Chronic Diseases","cholesterol\,, healthplus\,, high, only\,, prescription, teva",,https://eutawpharmacycare.com/wp-content/uploads/2026/04/Teva_20Atorvastatin_2040mg_20x28_10ac1e86-da39-40d8-bbfc-196be5fafd7f.jpg,,,,,,,,,0,"HealthPlus Pharmacy","Teva Atorvastatin 40mg x28","Teva Atorvastatin 40mg x28",1,0
20657,simple,SKU-128454,,"Bristol Hydroxychloroquine 200mg x60",1,0,visible,,"<p>Bristol Hydroxychloroquine 200mg tablets, quantity 60. This medication is used for treating various conditions, including malaria and autoimmune diseases like rheumatoid arthritis and lupus.</p>",,,none,,1,,,0,0,0,,,,1,,,17320,Malaria,"bristol\,, healthplus\,, malaria, only, others\,, prescription, treatment\,",,https://eutawpharmacycare.com/wp-content/uploads/2026/04/online-pharmacy-product-image-placeholder_7b10e201-90c8-468e-9928-17eb7b408cee.png,,,,,,,,,0,"HealthPlus Pharmacy","Bristol Hydroxychloroquine 200mg x60","Bristol Hydroxychloroquine 200mg x60",1,0
20660,simple,SKU-160118,,"Ceemacin Clarithromycin 500mg x14",1,0,visible,,"<p>Clarithromycin is used in combination with other medications to treat stomach ulcers caused by Helicobacter pylori bacteria.</p>",,,none,,1,,,0,0,0,,,,1,,,6000,"Digestive Care","ceemacin\,, healthplus\,, only, others\,, prescription",,https://eutawpharmacycare.com/wp-content/uploads/2026/04/Ceemacin_20Clarithromycin_20500mg_20x14_a188dd75-8376-4b0c-8d8d-5592114dbbba.jpg,,,,,,,,,0,"HealthPlus Pharmacy","Ceemacin Clarithromycin 500mg x14","Ceemacin Clarithromycin 500mg x14",1,0
20663,simple,SKU-106884,,"Losartan 50mg x30",1,0,visible,,"<p>Losartan (25mg) is an effective antihypertensive medication belonging to the Angiotensin Receptor Blocker (ARB) class. It helps manage both systolic and diastolic blood pressure in hypertensive patients.</p>",,,none,,1,,,0,0,0,,,,1,,,7280,"Chronic Diseases","antihypertensive\,, healthplus\,, losartan\,, only, prescription",,https://eutawpharmacycare.com/wp-content/uploads/2026/04/online-pharmacy-product-image-placeholder_a7c54cd1-7471-4a79-8c2c-74d4f50bfe8c.png,,,,,,,,,0,"HealthPlus Pharmacy","Losartan 50mg x30","Losartan 50mg x30",1,0
20666,simple,SKU-347706,,"Avstat - 20 Atorvastatin 20mg x30",1,0,visible,,"<p>Avstat Tablet is prescribed to lower the risk of heart diseases such as heart attack, chest pain, and stroke. It achieves this by reducing cholesterol and lipoprotein levels in the body, effectively lowering high cholesterol levels in the blood.</p>",,,none,,1,,,0,0,0,,,,1,,,5540,"Chronic Diseases","antihypertensive\,, cholesterol\,, fidson\,, healthplus\,, high, only, prescription",,https://eutawpharmacycare.com/wp-content/uploads/2026/04/Avstat_20-_2020_20Atorvastatin_2020mg_20x30_6de9a8bd-9aa2-454c-8fd3-f383dc52511d.png,,,,,,,,,0,"HealthPlus Pharmacy","Avstat - 20 Atorvastatin 20mg x30","Avstat - 20 Atorvastatin 20mg x30",1,0
20669,simple,SKU-146811,,"Lofnac Diclofenac Suppositories 100mg x10",1,0,visible,,"<p>- Relieves pain in joints and inflammatory conditions.<br>\n- Alleviates pain and inflammation from injuries and diseases affecting mobility.<br>\n- Effective for various painful conditions like fractures, trauma, and dental procedures.<br>\n- Helps manage discomfort from ligament, tendon, and muscle injuries.</p>",,,none,,1,,,0,0,0,,,,1,,,3700,"Pain Management - Others","&, bliss, bone, gvs, healthplus\,, joints\,, muscle, only, pain\,, pharma\,, prescription",,https://eutawpharmacycare.com/wp-content/uploads/2026/04/Lofnac_20Diclofenac_20Suppositories_27_20100mg_20x10_1a18fc09-7bac-45c8-91f4-5568f25c95db.png,,,,,,,,,0,"HealthPlus Pharmacy","Lofnac Diclofenac Suppositories 100mg x10","Lofnac Diclofenac Suppositories 100mg x10",1,0
20672,simple,SKU-123333,,"Losartan 25mg x30",1,0,visible,,"<p>Losartan (25mg) is an effective antihypertensive medication belonging to the Angiotensin Receptor Blocker (ARB) class. It helps manage both systolic and diastolic blood pressure in hypertensive patients.</p>",,,none,,1,,,0,0,0,,,,1,,,5320,"Chronic Diseases","antihypertensive\,, healthplus\,, losartan\,, only, prescription",,https://eutawpharmacycare.com/wp-content/uploads/2026/04/online-pharmacy-product-image-placeholder_4c04b2e9-318a-443b-9845-f6d53d8a6427.png,,,,,,,,,0,"HealthPlus Pharmacy","Losartan 25mg x30","Losartan 25mg x30",1,0
20675,simple,SKU-106535,,"Avstat - 10 Atorvastatin 10mg x30",1,0,visible,,"<p>Avstat Tablet is prescribed to lower the risk of heart diseases such as heart attack, chest pain, and stroke. It achieves this by reducing cholesterol and lipoprotein levels in the body, effectively lowering high cholesterol levels in the blood.</p>",,,none,,1,,,0,0,0,,,,1,,,3950,"Chronic Diseases","antihypertensive\,, fidson\,, healthplus\,, heart, only, prescription, support\,",,https://eutawpharmacycare.com/wp-content/uploads/2026/04/Avstat_20Atorvastatin_2010mg_20x30_2290f217-0e95-4d61-b76d-c24695d38e84.jpg,,,,,,,,,0,"HealthPlus Pharmacy","Avstat - 10 Atorvastatin 10mg x30","Avstat - 10 Atorvastatin 10mg x30",1,0
20678,simple,SKU-146825,,"Cenox Ciprofloxacin 500mg x10",1,0,visible,,"<p>Cenox (Ciprofloxacin 500mg, 10 tablets) is used for treating the following infections caused by susceptible bacteria:</p>\n\n<p>- Respiratory tract infections (such as pneumonia, bronchitis)<br>\n- Urinary tract infections (UTIs)<br>\n- Skin and soft tissue infections<br>\n- Bone and joint infections<br>\n- Gastrointestinal infections (such as infectious diarrhea)<br>\n- Typhoid fever</p>",,,none,,1,,,0,0,0,,,,1,,,1600,Infections,"elbe\,, healthplus\,, immune, only, prescription, support\,",,https://eutawpharmacycare.com/wp-content/uploads/2026/04/Cenox_20Ciprofloxacin_20500mg-500mg_20x10_38a9eaef-441c-4d41-a8c0-70186b593c21.png,,,,,,,,,0,"HealthPlus Pharmacy","Cenox Ciprofloxacin 500mg x10","Cenox Ciprofloxacin 500mg x10",1,0
20681,simple,SKU-387157,,"Norgesic 25/250mg X20",1,0,visible,,"<p>Norgesic (orphenadrine citrate, aspirin, and caffeine) combines a muscle relaxant, pain reliever, and caffeine to enhance pain relief. It is used alongside rest and physical therapy to treat injuries and painful muscular conditions. Norgesic is also available in generic form.</p>",,,none,,1,,,0,0,0,,,,1,,,2460,"Pain Management - Others","eipco\,, healthplus\,, muscle, only, others\,, pain\,, prescription",,https://eutawpharmacycare.com/wp-content/uploads/2026/04/Norgesic-25-250mg-x20.jpg,,,,,,,,,0,"HealthPlus Pharmacy","Norgesic 25/250mg X20","Norgesic 25/250mg X20",1,0
20684,simple,SKU-387149,,"Flamingo Ibuprofen Tab 400mg x84",1,0,visible,,"<p>Ibuprofen 400mg coated tablets offer effective pain relief for various conditions, including:</p>\n\n<p>- Backaches<br>\n- Neuralgia<br>\n- Migraines<br>\n- Headaches<br>\n- Dental pain<br>\n- Period pain<br>\n- Muscular pain<br>\n- Rheumatic pain<br>\n- Feverishness<br>\n- Colds and influenza<br>\n- Non-serious arthritic conditions</p>",,,none,,1,,,0,0,0,,,,1,,,9640,"Pain Management - Others","&, fevers\,, flamingo\,, headache, healthplus\,, migraine\,, otc",,https://eutawpharmacycare.com/wp-content/uploads/2026/04/online-pharmacy-product-image-placeholder_c0bc7e4a-69f3-4012-92a6-a8d89529cf63.png,,,,,,,,,0,"HealthPlus Pharmacy","Flamingo Ibuprofen Tab 400mg x84","Flamingo Ibuprofen Tab 400mg x84",1,0
20687,simple,SKU-106673,,"Micardis 40mg X28",1,0,visible,,"<p>- Micardis effectively manages hypertension.<br>\n- It operates by inhibiting the actions of angiotensin II, a hormone that typically narrows blood vessels and encourages salt and water retention when unopposed.<br>\n- It may be prescribed on its own or in conjunction with other antihypertensive medications like diuretics, which aid in eliminating excess water from the body.</p>",,,none,,1,,,0,0,0,,,,1,,,22750,"Chronic Diseases","antihypertensive\,, healthplus\,, micardis\,, only, prescription",,https://eutawpharmacycare.com/wp-content/uploads/2026/04/Micardis_2040mg_20X28_f90a81cf-64e1-4c6d-822d-3f0e79adeb9f.jpg,,,,,,,,,0,"HealthPlus Pharmacy","Micardis 40mg X28","Micardis 40mg X28",1,0
20690,simple,SKU-SKU-NG-86080,,"Zithromax 250mgs X24",1,0,visible,,"<p>Zithromax is prescribed to treat a wide range of bacterial infections, including respiratory infections, skin infections, ear infections, and STDs.</p>",,,none,,1,,,0,0,0,,,,1,,,40550,Infections,"healthplus\,, only, others\,, pfizer\,, prescription",,https://eutawpharmacycare.com/wp-content/uploads/2026/04/Zithromax_20250mgs_20X24_2d3aa71f-91f8-49c1-bc0f-b88364760a2a.jpg,,,,,,,,,0,"HealthPlus Pharmacy","Zithromax 250mgs X24","Zithromax 250mgs X24",1,0
20693,simple,SKU-106688,,"Norvasc Amlodipine Besylate 10mg x30 Tab",1,0,visible,,"<p>Norvasc (Amlodipine) is a prescription medication used to manage high blood pressure (hypertension) and angina. It can be used independently or in combination with other medications.<br>\n As a calcium channel blocker, Norvasc (Amlodipine) works by relaxing blood vessels, facilitating smoother blood flow.</p>",,,none,,1,,,0,0,0,,,,1,,,31200,"Chronic Diseases","antihypertensive\,, healthplus\,, only, pfizer\,, prescription",,https://eutawpharmacycare.com/wp-content/uploads/2026/04/Norvasc_2010_20Mg_20X30_217e5b4b-83e3-4d14-ae15-6c61b67611aa.jpg,,,,,,,,,0,"HealthPlus Pharmacy","Norvasc Amlodipine Besylate 10mg x30 Tab","Norvasc Amlodipine Besylate 10mg x30 Tab",1,0
20696,simple,SKU-SKU-NG-85715,,"Norflex Orphenadrine 50mg Tablets x20",1,0,visible,,"<p>Norflex tablets are prescribed to relax specific muscles in the body, providing relief from pain and discomfort due to sprains, strains, or muscle injuries.<br>\n Additionally, Norflex is used to treat tension headaches and persistent hiccups.</p>",,,none,,1,,,0,0,0,,,,1,,,2000,"Pain Management - Others","eipico\,, healthplus\,, muscle, otc\,, others, pain\,",,https://eutawpharmacycare.com/wp-content/uploads/2026/04/online-pharmacy-product-image-placeholder_2453eb30-3c4e-4ed7-87aa-ba04c04cb9bc.png,,,,,,,,,0,"HealthPlus Pharmacy","Norflex Orphenadrine 50mg Tablets x20","Norflex Orphenadrine 50mg Tablets x20",1,0
20699,simple,SKU-147347,,"Emprofen Ibuprofen 400mg x100",1,0,visible,,"<p>- Provides relief from mild to moderate pain<br>\n- Helps reduce inflammation and swelling</p>",,,none,,1,,,0,0,0,,,,1,,,15010,"Pain Management - Others","&, emzor\,, fevers\,, headache, healthplus\,, migraine\,, otc",,https://eutawpharmacycare.com/wp-content/uploads/2026/04/Emprofen_20Ibuprofen_20400mg_20x100_035630de-a80d-424b-bf5e-a134be38f8be.jpg,,,,,,,,,0,"HealthPlus Pharmacy","Emprofen Ibuprofen 400mg x100","Emprofen Ibuprofen 400mg x100",1,0
20702,simple,SKU-136930,,"Bonduretic 5/50mg X100",1,0,visible,,"<p>- Bonduretic contains amiloride and hydrochlorothiazide.<br>\n- These medications belong to the group known as diuretics or ""water tablets"".<br>\n- They work by increasing urine production, which helps lower blood pressure and remove excess water from the body.</p>",,,none,,1,,,0,0,0,,,,1,,,1510,Antihypertensive,"bonduretic\,, healthplus\,, only, others\,, prescription",,https://eutawpharmacycare.com/wp-content/uploads/2026/04/Bonduretic_205-50Mg_20X100_6d5aa31f-6fad-4cd8-be93-a98ec1413f65.jpg,,,,,,,,,0,"HealthPlus Pharmacy","Bonduretic 5/50mg X100","Bonduretic 5/50mg X100",1,0
20705,simple,SKU-153876,,"Tagacure Cimetidine 200mg x20",1,0,visible,,"<p>- Cimetidine treats stomach and intestinal ulcers effectively.<br>\n- Prevents recurrence of ulcers after healing.<br>\n- Manages stomach and throat issues caused by excess stomach acid.<br>\n- Relieves symptoms like stomach pain, heartburn, and difficulty swallowing.<br>\n- Reduces the risk of serious acid-related damage to the digestive system, including ulcers and esophageal cancer.</p>",,,none,,1,,,0,0,0,,,,1,,,700,"Chronic Diseases","anti-ulcer\,, care\,, digestive, healthplus\,, only\,, prescription, unicure",,https://eutawpharmacycare.com/wp-content/uploads/2026/04/Tagacure_20Cimetidine_20200mg_20x20_b04cdd11-5e67-4c5d-b7a7-3558ff22794e.png,,,,,,,,,0,"HealthPlus Pharmacy","Tagacure Cimetidine 200mg x20","Tagacure Cimetidine 200mg x20",1,0
20708,simple,SKU-106648,,"Teva Lisinopril 10mg X28",1,0,visible,,"<p>- Lisinopril belongs to the class of medications known as ACE inhibitors.<br>\n- It treats high blood pressure by relaxing blood vessels and reducing the heart's workload.</p>",,,none,,1,,,0,0,0,,,,1,,,3110,Antihypertensive,"healthplus\,, heart, only\,, others\,, prescription, support\,, teva",,https://eutawpharmacycare.com/wp-content/uploads/2026/04/Teva_20Lisinopril_2010mg_20X28_0dad4221-2326-4f65-984e-2ae244a967c2.jpg,,,,,,,,,0,"HealthPlus Pharmacy","Teva Lisinopril 10mg X28","Teva Lisinopril 10mg X28",1,0
20711,simple,SKU-364602,,"Emzor Fluconazole 100mg x100",1,0,visible,,"<p>- EMZOR FLUCONAZOLE 100MG is an azole antifungal medication.<br>\n- Used to prevent and treat fungal and yeast infections.<br>\n- Effective against a variety of fungal infections due to its broad-spectrum action.<br>\n- Helps manage conditions such as candidiasis, cryptococcal meningitis, and other fungal infections.</p>",,,none,,1,,,0,0,0,,,,1,,,17800,Infections,"emzor\,, healthplus\,, infections\,, only, prescription",,https://eutawpharmacycare.com/wp-content/uploads/2026/04/online-pharmacy-product-image-placeholder_db18cebc-c419-482a-a3ce-75bb30bd6d38.png,,,,,,,,,0,"HealthPlus Pharmacy","Emzor Fluconazole 100mg x100","Emzor Fluconazole 100mg x100",1,0
20714,simple,SKU-106520,,"Empirin Aspirin 75 mg X100",1,0,visible,,"<p>Emprin tablets are recommended for alleviating fever and relieving mild to moderate pain associated with headaches, menstrual periods, colds, toothaches, or muscle aches.</p>",,,none,,1,,,0,0,0,,,,1,,,600,"Pain Management - Others","&, emzor\,, fevers\,, headache, healthplus\,, migraine\,, muscle, otc, pain\,",,https://eutawpharmacycare.com/wp-content/uploads/2026/04/online-pharmacy-product-image-placeholder_b8bc4386-a182-45c5-9ec0-afa26f0fcc23.png,,,,,,,,,0,"HealthPlus Pharmacy","Empirin Aspirin 75 mg X100","Empirin Aspirin 75 mg X100",1,0
20717,simple,SKU-186864,,"Felxicam Piroxicam 20mg x100",1,0,visible,,"<p>- Provides symptomatic relief of pain associated with osteoarthritis, rheumatoid arthritis, and ankylosing spondylitis.<br>\n- Reduces inflammation, thereby easing discomfort and improving mobility.<br>\n- Contains piroxicam, a potent nonsteroidal anti-inflammatory drug (NSAID) that targets pain-causing hormones.<br>\n- Helps manage chronic conditions by alleviating swelling and stiffness in affected joints.<br>\n- Offers convenient administration via oral capsules for ease of use and consistent dosing.</p>",,,none,,1,,,0,0,0,,,,1,,,4980,"Pain Management - Others","&, bone, healthplus\,, hovid\,, joints\,, otc",,https://eutawpharmacycare.com/wp-content/uploads/2026/04/Felxicam_20Piroxicam_2020mg_20x100_24cdf538-7d10-45ac-9ce5-0563a94efc9c.jpg,,,,,,,,,0,"HealthPlus Pharmacy","Felxicam Piroxicam 20mg x100","Felxicam Piroxicam 20mg x100",1,0
20720,simple,SKU-182156,,"Emcap Extra 500/30Mg x100",1,0,visible,,"<p>- Emcap Extra Tablet combines Paracetamol 500mg with Caffeine.<br>\n- Treats mild to moderate pain, including headaches (including migraines), toothaches, and backaches.<br>\n- Effectively relieves pain and inflammation in joints (rheumatic pain).<br>\n- Alleviates discomfort from painful menstrual cycles (dysmenorrhoea).<br>\n- Also effective in reducing fever.</p>",,,none,,1,,,0,0,0,,,,1,,,3420,"Pain Management - Others","&, emzor\,, fevers\,, headache, healthplus\,, migraine\,, otc",,https://eutawpharmacycare.com/wp-content/uploads/2026/04/Emcap_20Extra_20500-30Mg_20X100_c5b9c4a0-962c-40fa-ab28-26f3af0b54c7.jpg,,,,,,,,,0,"HealthPlus Pharmacy","Emcap Extra 500/30Mg x100","Emcap Extra 500/30Mg x100",1,0
20723,simple,SKU-110558,,"Maxidex 5ml Eye Drop",1,0,visible,,"<p>Maxidex eye drop solution, containing dexamethasone, effectively reduces itching and swelling in the eyes due to its powerful anti-inflammatory and anti-allergic properties. It provides prolonged relief with minimal impact on sodium retention, making it a reliable choice for treating various inflammatory eye conditions.</p>",,,none,,1,,,0,0,0,,,,1,,,6720,"Eye Care","alcori\,, eye, healthplus\,, otc\,, others, support\,",,https://eutawpharmacycare.com/wp-content/uploads/2026/04/Maxidex_205ml_20Eye_20Drop.jpg,,,,,,,,,0,"HealthPlus Pharmacy","Maxidex 5ml Eye Drop","Maxidex 5ml Eye Drop",1,0
20726,simple,SKU-148549,,"Tribotan Baby 20g",1,0,visible,,"<p>Tribotan Baby 20g is used to relieve nappy rash, sweat itch, and other skin irritations in children.</p>",,,none,,1,,,0,0,0,,,,1,,,2070,Infections,"baby, care\,, fidson\,, healthplus\,, otc",,https://eutawpharmacycare.com/wp-content/uploads/2026/04/Tribotan_20Baby_2020g.jpg,,,,,,,,,0,"HealthPlus Pharmacy","Tribotan Baby 20g","Tribotan Baby 20g",1,0
20729,simple,SKU-215234,,"Avipol Syrup 60ml",1,0,visible,,"<p>Avipol Syrup 60ml contains paracetamol, which is used to relieve mild to moderate pain such as sore throat, headaches, migraines, neuralgia (nerve pain), and toothache in children.</p>",,,none,,1,,,0,0,0,,,,1,,,900,"Pain Management - Others","children's, fidson\,, healthplus\,, management\,, otc\,, pain, sore, throat",,https://eutawpharmacycare.com/wp-content/uploads/2026/04/Avipol_20Syrup_2060ml_0b6f5f96-914b-4038-a037-c976b3bf1a20.jpg,,,,,,,,,0,"HealthPlus Pharmacy","Avipol Syrup 60ml","Avipol Syrup 60ml",1,0
20732,simple,SKU-342809,,"Cow & Gate Baby First Infant Milk",1,0,visible,,"<p>Cow &amp; Gate Milk 1 First Infant Formula is specially formulated for babies from birth to 6 months, providing complete nutrition inspired by breastmilk. It supports healthy growth and development with each 800g tub offering a nutritionally complete breast milk substitute.<br>\n Crafted with over 100 years of expertise, it provides a balanced mix of skimmed milk and essential nutrients necessary from birth, including DHA for crucial developmental support.</p>",,,none,,1,,,0,0,0,,,,1,,,33000,"Baby Care","&, baby, cow, diet, food\,, gate\,, healthplus\,, nutrition\,, otc",,https://eutawpharmacycare.com/wp-content/uploads/2026/04/Cow_20and_20Gate_20Baby_20First_20Infant_20Milk_b23ffca7-2d83-487e-a825-2b2fd73d2f59.jpg,,,,,,,,,0,"HealthPlus Pharmacy","Cow & Gate Baby First Infant Milk","Cow & Gate Baby First Infant Milk",1,0
20735,simple,SKU-365691,,"Ultimate Maca Curvy Powder 454g",1,0,visible,,"<p>Ultimate Maca Curvy Powder features ingredients scientifically proven to stimulate fat and muscle cells, enhance collagen production, and promote the growth of new cells and muscles in targeted areas.<br>\n It works to visibly plump and tighten outer skin layers when applied topically.</p>",,,none,,1,,,0,0,0,,,,1,,,31820,Supplements,"healthplus\,, maca, otc\,, others\,, ultimate",,https://eutawpharmacycare.com/wp-content/uploads/2026/04/Ultimate_20Maca_20Curvy_20Powder_20454g.jpg,,,,,,,,,0,"HealthPlus Pharmacy","Ultimate Maca Curvy Powder 454g","Ultimate Maca Curvy Powder 454g",1,0
20738,simple,SKU-338031,,"Montiget Montelukast Sodium 10mg X28",1,0,visible,,"<p>Montiget (Montelukast Sodium) is used for:<br>\n- Prophylaxis and chronic treatment of asthma<br>\n- Prevents day and night symptoms<br>\n- Treats aspirin-sensitive asthma<br>\n- Prevents exercise-induced bronchoconstriction</p>",,,none,,1,,,0,0,0,,,,1,,,7630,Asthma,"getz, healthplus\,, otc\,, others, pharma\,",,https://eutawpharmacycare.com/wp-content/uploads/2026/04/online-pharmacy-product-image-placeholder_3b08cec3-619f-47e0-8e32-ac4460b1abe2.png,,,,,,,,,0,"HealthPlus Pharmacy","Montiget Montelukast Sodium 10mg X28","Montiget Montelukast Sodium 10mg X28",1,0
20741,simple,SKU-106509,,"Asomex Amlodipine 5mg x30",1,0,visible,,"<p>Asomex is the S-enantiomer salt of Amlodipine besylate, a calcium channel blocker of the dihydropyridine class.<br>\n It selectively acts on vascular smooth muscle to lower peripheral resistance and prevent constriction in coronary vessels, offering benefits in cardiovascular health.</p>",,,none,,1,,,0,0,0,,,,1,,,10100,Antihypertensive,"fidson\,, healthplus\,, only, others\,, prescription",,https://eutawpharmacycare.com/wp-content/uploads/2026/04/Asomex_20Amlodipine_205mg_20x30_b48d1e17-105c-4963-97ae-3c58672e9f06.png,,,,,,,,,0,"HealthPlus Pharmacy","Asomex Amlodipine 5mg x30","Asomex Amlodipine 5mg x30",1,0
20744,simple,SKU-SKU-NG-85883,,"Safetelmi Telmisartan 40mg X30",1,0,visible,,"<p>- Safetelmi 40 MG Tablet effectively treats high blood pressure.<br>\n- It reduces the risk of heart attack and stroke by lowering blood pressure.<br>\n- Beneficial for diabetics, it protects kidney function and prevents damage.<br>\n- Works by relaxing blood vessels, ensuring improved blood flow.</p>",,,none,,1,,,0,0,0,,,,1,,,14640,"Chronic Diseases","antihypertensive\,, healthplus\,, msn\,, only, prescription",,https://eutawpharmacycare.com/wp-content/uploads/2026/04/Safetelmi_20_5BTelmisartan_5D_2040mg_20Tablets_20x30_e5a31791-a7b7-4e6b-8558-8e1b401ff9e5.png,,,,,,,,,0,"HealthPlus Pharmacy","Safetelmi Telmisartan 40mg X30","Safetelmi Telmisartan 40mg X30",1,0
20747,simple,SKU-SKU-NG-85628,,"Teva Lisinopril  5mg x28",1,0,visible,,"<p>- Lisinopril belongs to the class of medications known as ACE inhibitors.<br>\n- It treats high blood pressure by relaxing blood vessels and reducing the heart's workload.</p>",,,none,,1,,,0,0,0,,,,1,,,1380,"Chronic Diseases","antihypertensive\,, healthplus\,, only\,, prescription, teva",,https://eutawpharmacycare.com/wp-content/uploads/2026/04/Teva_20Lisinopril_20_205mg_20x28_f1898971-0fbf-4d4c-a9bd-faa51e112430.jpg,,,,,,,,,0,"HealthPlus Pharmacy","Teva Lisinopril  5mg x28","Teva Lisinopril 5mg x28",1,0
20750,simple,SKU-300433,,"Lozatan-H 50mg/12.5mg x30",1,0,visible,,"<p>Losartan is prescribed for:</p>\n\n<p>- Treating high blood pressure (hypertension).<br>\n- Protecting the kidneys from damage caused by diabetes.</p>",,,none,,1,,,0,0,0,,,,1,,,6520,"Chronic Diseases","antihypertensive\,, ethics\,, healthplus\,, only, pharma, prescription",,https://eutawpharmacycare.com/wp-content/uploads/2026/04/online-pharmacy-product-image-placeholder_56ffa625-830b-4b38-8804-de8f18a2513a.png,,,,,,,,,0,"HealthPlus Pharmacy","Lozatan-H 50mg/12.5mg x30","Lozatan-H 50mg/12.5mg x30",1,0
20753,simple,SKU-365185,,"Crescent Atenolol 25mg x28",1,0,visible,,"<p>Atenolol 25mg x28 tablets (Crescent) is a beta blocker medication primarily used for:</p>\n\n<p>- Treating high blood pressure (hypertension)<br>\n- Managing chest pain associated with heart conditions</p>",,,none,,1,,,0,0,0,,,,1,,,3520,"Chronic Diseases","antihypertensive\,, crescent\,, healthplus\,, only, prescription",,https://eutawpharmacycare.com/wp-content/uploads/2026/04/Crescent_20Atenolol_2025mg_20x28-2.jpg,,,,,,,,,0,"HealthPlus Pharmacy","Crescent Atenolol 25mg x28","Crescent Atenolol 25mg x28",1,0
20756,simple,SKU-106670,,"Metap Xl Metoprolol 25mg x30",1,0,visible,,"<p>Metapro XL 25 MG Tablet:</p>\n\n<p>- Slows down heart activity to prevent abnormally fast heartbeats.<br>\n- Reduces the forcefulness of heart contractions.<br>\n- Lowers blood pressure in the body.</p>",,,none,,1,,,0,0,0,,,,1,,,3840,"Chronic Diseases","healthplus\,, heart, metap, only, others\,, prescription, support\,, xl\,",,https://eutawpharmacycare.com/wp-content/uploads/2026/04/online-pharmacy-product-image-placeholder_37c97069-9856-4346-a515-a1abaad7ebfa.png,,,,,,,,,0,"HealthPlus Pharmacy","Metap Xl Metoprolol 25mg x30","Metap Xl Metoprolol 25mg x30",1,0
20759,simple,SKU-270375,,"Treviamet 50mg +1000mg x35",1,0,visible,,"<p>Treviamet is used:</p>\n\n<p>- Initially to improve glycemic control in type 2 diabetes when diet and exercise are insufficient.<br>\n- As an adjunct with diet and exercise for those not adequately controlled on Metformin HCl or Sitagliptin alone, or in combination with Sitagliptin and Metformin HCl.</p>",,,none,,1,,,0,0,0,,,,1,,,20700,"Chronic Diseases","diabetes\,, getz, healthplus\,, only, pharma\,, prescription",,https://eutawpharmacycare.com/wp-content/uploads/2026/04/online-pharmacy-product-image-placeholder_63cb531f-4e0d-4e47-80c6-7e0a14ef31d7.png,,,,,,,,,0,"HealthPlus Pharmacy","Treviamet 50mg +1000mg x35","Treviamet 50mg +1000mg x35",1,0
20762,simple,SKU-230001,,"Viedilol Carvedilol 25mg x28",1,0,visible,,"<p>Carvedilol tablets are used to:</p>\n\n<p>- Treat high blood pressure and heart failure.<br>\n- Improve survival chances after a heart attack if the heart is not pumping well.<br>\n- Lower high blood pressure to prevent strokes, heart attacks, and kidney problems.<br>\n- Works by blocking natural substances like epinephrine, reducing heart rate, blood pressure, and heart strain.</p>",,,none,,1,,,0,0,0,,,,1,,,1500,"Chronic Diseases","antihypertensive\,, healthplus\,, heart, only\,, prescription, support\,, viedilol",,https://eutawpharmacycare.com/wp-content/uploads/2026/04/online-pharmacy-product-image-placeholder_48716f18-b9ba-4d45-b453-f8bcceaf6f52.png,,,,,,,,,0,"HealthPlus Pharmacy","Viedilol Carvedilol 25mg x28","Viedilol Carvedilol 25mg x28",1,0
20765,simple,SKU-106511,,"Emzovasc - 5 Amlodipine 5mg x28",1,0,visible,,"<p>Amlodipine is used for:</p>\n\n<p>- Treating hypertension (high blood pressure).<br>\n- Addressing myocardial ischemia associated with angina pectoris.</p>",,,none,,1,,,0,0,0,,,,1,,,660,"Chronic Diseases","antihypertensive\,, emzor\,, healthplus\,, only, prescription",,https://eutawpharmacycare.com/wp-content/uploads/2026/04/Emzovasc_20-_205_20Amlodipine_205mg_20x28_004ad602-5585-4293-ab22-fe394d58d710.png,,,,,,,,,0,"HealthPlus Pharmacy","Emzovasc - 5 Amlodipine 5mg x28","Emzovasc - 5 Amlodipine 5mg x28",1,0
20768,simple,SKU-106875,,"Teva Carvedilol 6.25 mg x28",1,0,visible,,"<p>Carvedilol 6.25mg Tablet is used for:</p>\n\n<p>- Treatment of hypertension (high blood pressure).<br>\n- Treatment of angina (heart-related chest pain).<br>\n- Treatment of heart failure.</p>",,,none,,1,,,0,0,0,,,,1,,,9250,"Chronic Diseases","antihypertensive\,, healthplus\,, heart, only\,, prescription, support\,, teva",,https://eutawpharmacycare.com/wp-content/uploads/2026/04/Teva_20Carvedilol_206.25_20mg_20x28_054f4681-8dea-4c4b-8673-e311f02aab71.jpg,,,,,,,,,0,"HealthPlus Pharmacy","Teva Carvedilol 6.25 mg x28","Teva Carvedilol 6.25 mg x28",1,0
20771,simple,SKU-182315,,"Sanofi Aprovasc 150/5mg x28",1,0,visible,,"<p>Aprovasc is a fixed combination medication containing amlodipine and irbesartan. It is used to treat hypertension (high blood pressure) and to lower blood pressure effectively.</p>",,,none,,1,,,0,0,0,,,,1,,,33830,"Chronic Diseases","antihypertensive\,, healthplus\,, only\,, prescription, sanofi",,https://eutawpharmacycare.com/wp-content/uploads/2026/04/Sanofi_20Aprovasc_20150-5mg_20x28_a05b373a-9ef1-44f6-90bb-1faf24770c8b.jpg,,,,,,,,,0,"HealthPlus Pharmacy","Sanofi Aprovasc 150/5mg x28","Sanofi Aprovasc 150/5mg x28",1,0
20774,simple,SKU-307921,,"Jardiance Empagliflozin 10Mg X30",1,0,visible,,"<p>Jardiance 10mg Tablet is used alone or in combination with other medications to treat type 2 diabetes mellitus.<br>\n It helps regulate high blood sugar levels associated with diabetes, thereby reducing the risk of serious diabetes complications and preventing heart disease.</p>",,,none,,1,,,0,0,0,,,,1,,,95000,"Chronic Diseases","diabetes\,, healthplus\,, jardiance\,, only, prescription",,https://eutawpharmacycare.com/wp-content/uploads/2026/04/Jardiance_20Empagliflozin_2010Mg_20X30_b1165b1f-f073-4baa-b509-4d40c3619277.jpg,,,,,,,,,0,"HealthPlus Pharmacy","Jardiance Empagliflozin 10Mg X30","Jardiance Empagliflozin 10Mg X30",1,0
20777,simple,SKU-117981,,"Cefadox-200 Cefpodoxime 200mg x10",1,0,visible,,"<p>Cefadox 200mg Tablet is an antibiotic medication used to treat bacterial infections.</p>",,,none,,1,,,0,0,0,,,,1,,,6090,Infections,"antibiotics\,, cefadox\,, healthplus\,, only, others\,, prescription",,https://eutawpharmacycare.com/wp-content/uploads/2026/04/online-pharmacy-product-image-placeholder_da43a025-a839-49f0-a3ec-55898985881a.png,,,,,,,,,0,"HealthPlus Pharmacy","Cefadox-200 Cefpodoxime 200mg x10","Cefadox-200 Cefpodoxime 200mg x10",1,0
20780,simple,SKU-246755,,"Ornilox 500mg/200mg X10",1,0,visible,,"<p>Ornilox 500mg/200mg X10 (Ornidazole + Ofloxacin) is an antibiotic combination used to treat a variety of infections including:</p>\n\n<p>- Bacterial infections of the urinary tract<br>\n- Peritoneal inflammation caused by bacterial infections<br>\n- Eye and ear infections<br>\n- Skin and soft tissue infections<br>\n- Sexually transmitted infections<br>\n- Respiratory infections<br>\n- Vaginal infections<br>\n- Protozoan infections<br>\n- Intra-abdominal infections<br>\n- Infections during surgical procedures</p>",,,none,,1,,,0,0,0,,,,1,,,4640,"Chronic Diseases","antibiotics\,, healthplus\,, infections\,, only, ornilox\,, prescription",,https://eutawpharmacycare.com/wp-content/uploads/2026/04/Ornilox_20500mg-200mg_20X10_2b34fe81-38a0-439b-8c5b-9a9dc7153ae4.png,,,,,,,,,0,"HealthPlus Pharmacy","Ornilox 500mg/200mg X10","Ornilox 500mg/200mg X10",1,0
20783,simple,SKU-346228,,"Teva Gliclazide 80mg x28",1,0,visible,,"<p>Gliclazide tablets are prescribed to regulate blood sugar (glucose) levels in patients diagnosed with Type 2 diabetes amongst others</p>",,,none,,1,,,0,0,0,,,,1,,,2460,"Chronic Diseases","diabetes, diabetes\,, healthplus\,, medication\,, only\,, prescription, support\,, teva",,https://eutawpharmacycare.com/wp-content/uploads/2026/04/Teva_20Gliclazide_2080mg_20x28_e96104a0-95e6-4fae-a1ad-c5d69fc5fe1a.jpg,,,,,,,,,0,"HealthPlus Pharmacy","Teva Gliclazide 80mg x28","Teva Gliclazide 80mg x28",1,0
20786,simple,SKU-255079,,"Teva Escitalopram 20mg x28",1,0,visible,,"<p>- Treats major depressive disorder effectively.<br>\n- Effective in managing anxiety disorders such as generalized anxiety disorder (GAD), panic disorder, amongst others.</p>",,,none,,1,,,0,0,0,,,,1,,,12340,"Chronic Diseases","healthplus\,, only\,, others\,, prescription, teva",,https://eutawpharmacycare.com/wp-content/uploads/2026/04/Teva_20Escitalopram_2020mg_20x28_43f66685-4d41-4ce7-9222-d8d34dfa9db4.jpg,,,,,,,,,0,"HealthPlus Pharmacy","Teva Escitalopram 20mg x28","Teva Escitalopram 20mg x28",1,0
20789,simple,SKU-271452,,"Shal'Artem Artemether 20mg + Lumefantrine 120mg x12 Tablets",1,0,visible,,"<p>This is used for:</p>\n\n<p>- Treating acute Malaria</p>",,,none,,1,,,0,0,0,,,,1,,,930,Malaria,"healthplus\,, malaria, only\,, others\,, prescription, shalina, treatment\,",,https://eutawpharmacycare.com/wp-content/uploads/2026/04/online-pharmacy-product-image-placeholder_da2b1ce3-1581-439a-9e14-a3c66f2b2799.png,,,,,,,,,0,"HealthPlus Pharmacy","Shal'Artem Artemether 20mg + Lumefantrine 120mg x12 Tablets","Shal'Artem Artemether 20mg + Lumefantrine 120mg x12 Tablets",1,0
20792,simple,SKU-106619,,"Mepiryl Glimepiride 4mg x30",1,0,visible,,"<p>Glimepiride is prescribed for individuals with type 2 diabetes mellitus  amongst others.</p>",,,none,,1,,,0,0,0,,,,1,,,5840,"Chronic Diseases","&, baker\,, diabetes\,, healthplus\,, may, only, prescription",,https://eutawpharmacycare.com/wp-content/uploads/2026/04/Mepiryl_20Glimepiride_204mg_20x30_20Success_78fdfc0e-4a82-4b27-9a8b-ece078d52cb2.png,,,,,,,,,0,"HealthPlus Pharmacy","Mepiryl Glimepiride 4mg x30","Mepiryl Glimepiride 4mg x30",1,0
20795,simple,SKU-106618,,"Mepiryl Glimepiride 2mg x30",1,0,visible,,"<p>Glimepiride is prescribed for individuals with type 2 diabetes mellitus mongst others</p>",,,none,,1,,,0,0,0,,,,1,,,3840,"Chronic Diseases","&, baker\,, diabetes, diabetes\,, healthplus\,, may, only, prescription, support\,",,https://eutawpharmacycare.com/wp-content/uploads/2026/04/Mepiryl_20Glimepiride_202mg_20x30_8a66fd66-12ef-4286-a2cd-2a959737dc98.png,,,,,,,,,0,"HealthPlus Pharmacy","Mepiryl Glimepiride 2mg x30","Mepiryl Glimepiride 2mg x30",1,0
20798,simple,SKU-123316,,"Fidson Cefuroxime 250mg x10",1,0,visible,,"<p>Cefuroxime is an antibiotic used to treat bacterial infections</p>",,,none,,1,,,0,0,0,,,,1,,,6970,Infections,"antibiotics\,, fidson\,, healthplus\,, only, others\,, prescription",,https://eutawpharmacycare.com/wp-content/uploads/2026/04/Fidson_20Cefuroxime_20250mg_20x10_ade26084-7398-4ed4-ac90-c3a9aa2f0d82.png,,,,,,,,,0,"HealthPlus Pharmacy","Fidson Cefuroxime 250mg x10","Fidson Cefuroxime 250mg x10",1,0
20801,simple,SKU-106668,,"Betaloc Zok 25mg x14",1,0,visible,,"<p>Betaloc ZOK 25mg is used in treatment of hypertension, angina amongs others</p>",,,none,,1,,,0,0,0,,,,1,,,9000,"Chronic Diseases","antihypertensive\,, astrazeneca\,, healthplus\,, heart, only, prescription, support\,",,https://eutawpharmacycare.com/wp-content/uploads/2026/04/Betaloc_20Zok_2025mg_20x14_250dc21a-a2e3-4b97-8530-4c436c6f8ead.png,,,,,,,,,0,"HealthPlus Pharmacy","Betaloc Zok 25mg x14","Betaloc Zok 25mg x14",1,0
20804,simple,SKU-190148,,"Viedilol Carvedilol 12.5mg x28",1,0,visible,,"<p>Carvedilol is a medicationused in treatment of hypertension, angina, amogst others</p>",,,none,,1,,,0,0,0,,,,1,,,2170,"Chronic Diseases","antihypertensive\,, healthplus\,, only\,, prescription, viedilol",,https://eutawpharmacycare.com/wp-content/uploads/2026/04/online-pharmacy-product-image-placeholder_c6809f5f-2534-453f-ac49-b7598b8f75ab.png,,,,,,,,,0,"HealthPlus Pharmacy","Viedilol Carvedilol 12.5mg x28","Viedilol Carvedilol 12.5mg x28",1,0
20807,simple,SKU-347217,,"Amatem Forte Softgel 20/120Mg X18",1,0,visible,,"<p>Amatem Softgel by 18, a potent and effective medication tailored for combating malaria in children. Specifically designed for children weighing 25kg to less than 35kg, each pack of Amatem Softgel by 18 contains artemether and lumefantrine, providing comprehensive treatment for malaria.</p>",,,none,,1,,,0,0,0,,,,1,,,2130,Malaria,"elbe\,, healthplus\,, malaria, only, others\,, prescription, prevention\,, treatment\,",,https://eutawpharmacycare.com/wp-content/uploads/2026/04/Amatem_20Forte_20Softgel_2020-120Mg_20X18_88baa077-c928-4328-8f1e-b8d0a0e1b196.jpg,,,,,,,,,0,"HealthPlus Pharmacy","Amatem Forte Softgel 20/120Mg X18","Amatem Forte Softgel 20/120Mg X18",1,0
20810,simple,SKU-106654,,"Teva Losartan 100mg x28",1,0,visible,,"<p>Losartan is used  in management of Hypertension amongst other chronic conditions</p>",,,none,,1,,,0,0,0,,,,1,,,5340,"Chronic Diseases","antihypertensive\,, healthplus\,, only\,, prescription, teva",,https://eutawpharmacycare.com/wp-content/uploads/2026/04/Teva_20-_20Losartan_20100mg_20x28_8f77fe36-453f-4bfe-8856-5e00f0675b9c.jpg,,,,,,,,,0,"HealthPlus Pharmacy","Teva Losartan 100mg x28","Teva Losartan 100mg x28",1,0
20813,simple,SKU-224236,,"Bromex Elixir Bromhexine 4mg/5ml",1,0,visible,,"<p>Bromex syrup contains bromhexine, a mucolytic agent that acts directly on the bronchi to break down phlegm. It is non-drowsy, non-addictive suitable for managing acute and chronic cough conditions in all age groups.</p>",,,none,,1,,,0,0,0,,,,1,,,870,Cough,"bromex, elixir\,, healthplus\,, only, others\,, prescription",,https://eutawpharmacycare.com/wp-content/uploads/2026/04/Bromex_20Elixir_20Bromhexine_204mg-5ml_11c371b6-9637-4af0-aa04-83086cd9c874.jpg,,,,,,,,,0,"HealthPlus Pharmacy","Bromex Elixir Bromhexine 4mg/5ml","Bromex Elixir Bromhexine 4mg/5ml",1,0
20816,simple,SKU-106637,,"Isordil - 10 Isosorbid Dinitrate 10mg x50",1,0,visible,,"<p>Isordil 10mg is used in management of Angina</p>",,,none,,1,,,0,0,0,,,,1,,,8520,"Chronic Diseases","antihypertensive\,, healthplus\,, heart, ipca\,, only, prescription, support\,",,https://eutawpharmacycare.com/wp-content/uploads/2026/04/Isordil_20Isosorbid_20Dinitrate_2010mg_20x50_aaa0fe5a-4257-4710-9313-b36bc4a12eb3.jpg,,,,,,,,,0,"HealthPlus Pharmacy","Isordil - 10 Isosorbid Dinitrate 10mg x50","Isordil - 10 Isosorbid Dinitrate 10mg x50",1,0
20819,simple,SKU-110456,,"Axacef Cefuroxime 250mg X10",1,0,visible,,"<p>Axacef Cefuroxime 250mg is an antibiotic containing cefuroxime, used in the treatment of bacterial imfections</p>",,,none,,1,,,0,0,0,,,,1,,,3000,Infections,"antibiotics\,, axacef\,, healthplus\,, only, others\,, prescription",,https://eutawpharmacycare.com/wp-content/uploads/2026/04/Cefuroxime-Axacef-250Mg-10.png,,,,,,,,,0,"HealthPlus Pharmacy","Axacef Cefuroxime 250mg X10","Axacef Cefuroxime 250mg X10",1,0
20822,simple,SKU-106569,,"Teva Carvedilol 3.125 mg x28",1,0,visible,,"<p>Carvedilol is a medication used  in Management of Hypertension,amongst other chronic conditions</p>",,,none,,1,,,0,0,0,,,,1,,,9170,Antihypertensive,"healthplus\,, only\,, others\,, prescription, teva",,https://eutawpharmacycare.com/wp-content/uploads/2026/04/online-pharmacy-product-image-placeholder_ccfae9e1-fb2f-47e9-be15-0a04e4747e3a.png,,,,,,,,,0,"HealthPlus Pharmacy","Teva Carvedilol 3.125 mg x28","Teva Carvedilol 3.125 mg x28",1,0
20825,simple,SKU-216032,,"Cotozal-Plus 150mg/1g x4",1,0,visible,,"<p>COTOZAL TZ PLUS tablets are a combination medication containing antibiotics used to treat mixed infections caused by bacteria and fungi.</p>",,,none,,1,,,0,0,0,,,,1,,,5000,Others,"antibiotics\,, cotozal-plus\,, healthplus\,, only, others\,, prescription",,https://eutawpharmacycare.com/wp-content/uploads/2026/04/Cotozal-Plus_20150mg_20x4_86a4efd9-8c04-49d6-86c8-b8e81e21ea63.png,,,,,,,,,0,"HealthPlus Pharmacy","Cotozal-Plus 150mg/1g x4","Cotozal-Plus 150mg/1g x4",1,0
20828,simple,SKU-265018,,"Forxiga Dapagliflozin 10mg x28",1,0,visible,,"<p>Dapagliflozin is used in Management ofType 2 Diabetes i.</p>",,,none,,1,,,0,0,0,,,,1,,,58340,Diabetes,"astrazeneca\,, healthplus\,, only, others\,, prescription",,https://eutawpharmacycare.com/wp-content/uploads/2026/04/Forxiga_20Dapagliflozin_2010mg_20x28_1d29e6a6-431b-4819-b668-593479f8e1ea.jpg,,,,,,,,,0,"HealthPlus Pharmacy","Forxiga Dapagliflozin 10mg x28","Forxiga Dapagliflozin 10mg x28",1,0
20831,simple,SKU-387116,,"Contiflo Tamsulosin Xl 400mcg x30",1,0,visible,,"<p>Contiflo XL is used in management of benign prostatic hyperplasia as well as other conditions</p>",,,none,,1,,,0,0,0,,,,1,,,4580,"Urinary Health","healthplus\,, only\,, others\,, prescription, sunpharma",,https://eutawpharmacycare.com/wp-content/uploads/2026/04/Contiflo_20Tamsulosin_20Xl_20400mcg_20x30_44cf69e6-b985-41f8-b3fa-89c344a51e35.png,,,,,,,,,0,"HealthPlus Pharmacy","Contiflo Tamsulosin Xl 400mcg x30","Contiflo Tamsulosin Xl 400mcg x30",1,0
20834,simple,SKU-348259,,"Sandoz Bisoprolol Fumerate 1.25Mg X 28",1,0,visible,,"<p>Bisoprolol is used in Mangement of Hypertension, Angina and other chronic conditions</p>",,,none,,1,,,0,0,0,,,,1,,,3000,Antihypertensive,"healthplus\,, heart, only\,, others\,, prescription, sandoz, support\,",,https://eutawpharmacycare.com/wp-content/uploads/2026/04/online-pharmacy-product-image-placeholder_f650db58-84b9-47ed-a595-f3365726e918.png,,,,,,,,,0,"HealthPlus Pharmacy","Sandoz Bisoprolol Fumerate 1.25Mg X 28","Sandoz Bisoprolol Fumerate 1.25Mg X 28",1,0
20856,simple,SKU-106533,,"Tenoric 100/25Mg X28",1,0,visible,,"<p>Tenoric is a combination medication, used in management of Hypertension</p>",,,none,,1,,,0,0,0,,,,1,,,10840,Antihypertensive,"healthplus\,, heart, ipca\,, only, others\,, prescription, support\,",,https://eutawpharmacycare.com/wp-content/uploads/2026/04/online-pharmacy-product-image-placeholder_99db1108-216f-431a-8cb3-d6e702c25e5f.png,,,,,,,,,0,"HealthPlus Pharmacy","Tenoric 100/25Mg X28","Tenoric 100/25Mg X28",1,0
20859,simple,SKU-224244,,"Mixagrip Cold Tablet x4",1,0,visible,,"<p>Mixagrip Cold Tablet is utilized for management of conditions including common cold , pain and flu symptoms</p>",,,none,,1,,,0,0,0,,,,1,,,400,Cold,"&, fevers\,, headache, healthplus\,, migraine\,, mixagrip\,, otc",,https://eutawpharmacycare.com/wp-content/uploads/2026/04/Mixagrip_20Cold_20Tablet_20x4_95ab93b3-127a-4963-851d-daa02d05ab29.jpg,,,,,,,,,0,"HealthPlus Pharmacy","Mixagrip Cold Tablet x4","Mixagrip Cold Tablet x4",1,0
20862,simple,SKU-201297,,"Vastarel Mr 35mg x30",1,0,visible,,"<p>Vastarel Mr 35mg x30 is  used in management angina pectoris amongst other onditions</p>",,,none,,1,,,0,0,0,,,,1,,,23340,Antihypertensive,"healthplus\,, heart, mr, only\,, others\,, prescription, support\,, vastarel",,https://eutawpharmacycare.com/wp-content/uploads/2026/04/Vastarel_20Mr_2035mg_20x30_5286c5c7-e14a-4e93-8bee-5893e37dc504.jpg,,,,,,,,,0,"HealthPlus Pharmacy","Vastarel Mr 35mg x30","Vastarel Mr 35mg x30",1,0
20865,simple,SKU-165277,,"Medreich Terbinafine 250mg x28",1,0,visible,,"<p>Terbinafine tablet 250mg is prescribed for the treatment of fungal infections .</p>",,,none,,1,,,0,0,0,,,,1,,,5400,Infections,"antifungal\,, healthplus\,, medreich\,, only, others\,, prescription",,https://eutawpharmacycare.com/wp-content/uploads/2026/04/Medreich_20Terbinafine_20250mg_20x28_caa84e86-a82b-4f0a-bbb2-3f53f9361278.jpg,,,,,,,,,0,"HealthPlus Pharmacy","Medreich Terbinafine 250mg x28","Medreich Terbinafine 250mg x28",1,0
20868,simple,SKU-267281,,"Mycoten Clotrimazole Vaginal 35g",1,0,visible,,"<p>Mycoten cream (clotrimazole 1%)  is used in the treatment of fungal infections.</p>",,,none,,1,,,0,0,0,,,,1,,,2850,"Feminine Hygiene","drugfield\,, healthplus\,, infections\,, only, prescription",,https://eutawpharmacycare.com/wp-content/uploads/2026/04/Mycoten-Clotrimazole-Vaginal-35g.jpg,,,,,,,,,0,"HealthPlus Pharmacy","Mycoten Clotrimazole Vaginal 35g","Mycoten Clotrimazole Vaginal 35g",1,0
20871,simple,SKU-314975,,"Libre Tizanidine 2mg x10",1,0,visible,,"<p>- LIBRE 2mg contains Tizanidine for muscle relaxation, easing spasms and pain.<br>\n- Improves mobility by reducing muscle spasms, enhancing movement and function.<br>\n- Effective for managing spasticity in conditions like multiple sclerosis and spinal cord injuries, improving daily comfort.</p>",,,none,,1,,,0,0,0,,,,1,,,7790,"Muscle Relaxant","healthplus\,, muscle, only\,, others\,, pain\,, pharma, prescription, ralphones",,https://eutawpharmacycare.com/wp-content/uploads/2026/04/Libre_20Tizanidine_202mg_20x10_ba1d939e-ef66-436e-95f3-e302596b07a7.jpg,,,,,,,,,0,"HealthPlus Pharmacy","Libre Tizanidine 2mg x10","Libre Tizanidine 2mg x10",1,0
20874,simple,SKU-159522,,"Zerodol Aceclofenac 100mg x10",1,0,visible,,"<p>Zerodol Aceclofenac 100mg x10 is used to relieve pain and inflammation</p>",,,none,,1,,,0,0,0,,,,1,,,2020,"Pain Management - Others","healthplus\,, ipca\,, otc\,, others",,https://eutawpharmacycare.com/wp-content/uploads/2026/04/online-pharmacy-product-image-placeholder_aad5a490-8389-4968-9de5-c9a49f235dff.png,,,,,,,,,0,"HealthPlus Pharmacy","Zerodol Aceclofenac 100mg x10","Zerodol Aceclofenac 100mg x10",1,0
20877,simple,SKU-126740,,"Rocephin ceftriaxone1g",1,0,visible,,"<p>Rocephin 1g is an antibiotic used in treatment of bacterial infections</p>",,,none,,1,,,0,0,0,,,,1,,,14670,Infections,"healthplus\,, only\,, others\,, prescription, roche",,https://eutawpharmacycare.com/wp-content/uploads/2026/04/Rocephin_20ceftriaxone-1g_9643ecfe-66e6-4fc2-9d04-fdc46f668dc5.jpg,,,,,,,,,0,"HealthPlus Pharmacy","Rocephin ceftriaxone1g","Rocephin ceftriaxone1g",1,0
20880,simple,SKU-114972,,"Izole Itraconazole 100mg x28",1,0,visible,,"<p>Itraconazole (Izole) 100mg x 28 capsules is used in treatment of fungal infections.</p>",,,none,,1,,,0,0,0,,,,1,,,18100,Antifungal,"healthplus\,, infections\,, izole\,, only, prescription",,https://eutawpharmacycare.com/wp-content/uploads/2026/04/online-pharmacy-product-image-placeholder_6e0a1b27-4a33-4f1b-a36f-33337a439339.png,,,,,,,,,0,"HealthPlus Pharmacy","Izole Itraconazole 100mg x28","Izole Itraconazole 100mg x28",1,0
20883,simple,SKU-387650,,"Ethirab-D Domperidone/Rabeprazole 30Mg+20Mg x10 Capsules",1,0,visible,,"<p>Ethirab D 30mg/20mg Capsule SR is a combination of two medicines: Domperidone and Rabeprazole prescribed in management ofgastroesophageal reflux disease (acid reflux) and peptic ulcer disease.</p>",,,none,,1,,,0,0,0,,,,1,,,3600,"Digestive Care","ethirab-d\,, healthplus\,, only, others\,, prescription",,https://eutawpharmacycare.com/wp-content/uploads/2026/04/online-pharmacy-product-image-placeholder_c9df4fa4-028e-4101-97ac-a4480fc76ad0.png,,,,,,,,,0,"HealthPlus Pharmacy","Ethirab-D Domperidone/Rabeprazole 30Mg+20Mg x10 Capsules","Ethirab-D Domperidone/Rabeprazole 30Mg+20Mg x10 Capsules",1,0
20886,simple,SKU-387207,,"Mylan Nitrofurantoin Hard 100mg x30",1,0,visible,,"<p>Nitrofurantoin is an antibiotic medication used in treatment of bacterial infections.</p>",,,none,,1,,,0,0,0,,,,1,,,23280,Infections,"antibiotics\,, healthplus\,, mylan\,, only, others\,, prescription",,https://eutawpharmacycare.com/wp-content/uploads/2026/04/online-pharmacy-product-image-placeholder_508580e1-ffc2-4d59-9661-bcf4f633e9f4.png,,,,,,,,,0,"HealthPlus Pharmacy","Mylan Nitrofurantoin Hard 100mg x30","Mylan Nitrofurantoin Hard 100mg x30",1,0
20889,simple,SKU-152475,,"Gauze Bandage 6"" X12",1,0,visible,,"<p>12 Sterile 6 inch gauze bandages, flexible and breathable medical wrap</p>",,,none,,1,,,0,0,0,,,,1,,,200,"First Aid","bandages\,, healthplus\,, nil\,, otc\,, others",,https://eutawpharmacycare.com/wp-content/uploads/2026/04/online-pharmacy-product-image-placeholder_8bf008fa-db69-407e-95ee-6bef318f1932.png,,,,,,,,,0,"HealthPlus Pharmacy","Gauze Bandage 6"" X12","Gauze Bandage 6"" X12",1,0
20892,simple,SKU-269697,,"Azopt Eye Drops Brinzolamide 1%",1,0,visible,,"<p>Azopt eye drops are prescribed to treat high intraocular pressure, a condition that can contribute to glaucoma development.</p>",,,none,,1,,,0,0,0,,,,1,,,22590,"Eye Care","antihypertensive\,, azopt\,, healthplus\,, only, others\,, prescription",,https://eutawpharmacycare.com/wp-content/uploads/2026/04/online-pharmacy-product-image-placeholder_f4957525-46c1-4d65-aa3a-1bd8253f80f0.png,,,,,,,,,0,"HealthPlus Pharmacy","Azopt Eye Drops Brinzolamide 1%","Azopt Eye Drops Brinzolamide 1%",1,0
20895,simple,SKU-SKU-NG-85338,,"Candesartan Teva 4mg x28",1,0,visible,,"<p>Candesartan Teva 4mg is used to manage high blood pressure and heart failure. It helps relax blood vessels and improve blood flow, which can lower blood pressure and reduce the workload on the heart.</p>",,,none,,1,,,0,0,0,,,,1,,,3340,Hypertension,"healthplus\,, only\,, others\,, prescription, teva",,https://eutawpharmacycare.com/wp-content/uploads/2026/04/Candesartan_20Teva_204mg_20x28_bdf92dfb-1eb9-4899-a04e-f9970f0a7f4d.png,,,,,,,,,0,"HealthPlus Pharmacy","Candesartan Teva 4mg x28","Candesartan Teva 4mg x28",1,0
20898,simple,SKU-106649,,"Lisinopril Teva 20 mg x28",1,0,visible,,"<p>- Lisinopril belongs to the class of medications known as ACE inhibitors.<br>\n- It treats high blood pressure by relaxing blood vessels and reducing the heart's workload.</p>",,,none,,1,,,0,0,0,,,,1,,,2050,"Chronic Diseases","antihypertensive\,, healthplus\,, only\,, prescription, teva",,https://eutawpharmacycare.com/wp-content/uploads/2026/04/Lisinopril_20Teva_2020_20mg_20x28_1b051da8-d74b-4713-b0ac-8f0425c996d0.jpg,,,,,,,,,0,"HealthPlus Pharmacy","Lisinopril Teva 20 mg x28","Lisinopril Teva 20 mg x28",1,0
20901,simple,SKU-270209,,"Beechams All In One Tablets X 16",1,0,visible,,"<p>Beechams® All-in-One Tablets provide relief for colds, flu, and chesty coughs.</p>\n\n<p>It contains three ingredients—paracetamol, phenylephrine, and guaifenesin—to provide effective relief that fights eight symptoms of the cold and flu.</p>",,,none,,1,,,0,0,0,,,,1,,,18190,"Allergies (Cough & Cold)","(cough, &, allergies, beechams\,, cold)\,, healthplus\,, otc",,https://eutawpharmacycare.com/wp-content/uploads/2026/04/Beechams_20All_20In_20One_20Tablets_20X_2016.jpg,,,,,,,,,0,Beechams,"Beechams All In One Tablets X 16","Beechams All In One Tablets X 16",1,0
20904,simple,SKU-SKU-NG-85557,,"Haliborange Mr. Men Little Miss Calium & Vitamin D x30 Strawberry Softies",1,0,visible,,"<p>Haliborange Softies Calcium &amp; Vitamin D Strawberry provides essential calcium and vitamin D in a tasty, chewable form. These nutrients support bone health, aid in calcium absorption, and contribute to overall bone strength and growth.</p>",,,none,,1,,,0,0,0,,,,1,,,12000,Supplements,"&, bone, haliborange\,, healthplus\,, joints\,, otc\,, vitamins",,https://eutawpharmacycare.com/wp-content/uploads/2026/04/Haliborange_20Softies_20Calium_20and_20Vitamin_20D_20Strawberry_20x30_f6f6ac57-e4a1-450d-ac41-474a8cb6b386.jpg,,,,,,,,,0,"HealthPlus Pharmacy","Haliborange Mr. Men Little Miss Calium & Vitamin D x30 Strawberry Softies","Haliborange Mr. Men Little Miss Calium & Vitamin D x30 Strawberry Softies",1,0
20907,simple,SKU-118053,,"Emvite Multivitamin 100Mg X100",1,0,visible,,"<p>Emvite-Multivitamins Tablet for Children is a vitamin supplement designed to enhance children's health, growth, and development. It addresses vitamin deficiencies and offers the following benefits:</p>\n\n<p>- Supports immune defense<br>\n- Promotes healthy bones and teeth<br>\n- Boosts vitality<br>\n- Enhances brain function and mental alertness</p>\n\n<p>This supplement treats, controls, prevents, and improves various health conditions and symptoms in children.</p>",,,none,,1,,,0,0,0,,,,1,,,950,Vitamins,"children's, emvite\,, health\,, healthplus\,, multivitamins\,, otc",,https://eutawpharmacycare.com/wp-content/uploads/2026/04/Multivitamin_20_28Emvite_29_20100Mg_20X100_d9196f43-f2c7-4b09-a5e1-f8d591b5112a.jpg,,,,,,,,,0,Emzor,"Emvite Multivitamin 100Mg X100","Emvite Multivitamin 100Mg X100",1,0
20910,simple,SKU-336310,,"Jointace Max X84",1,0,visible,,"<p>Alongside trace minerals, Jointace MAX features the Jointace Original tablet, containing Glucosamine in the preferred potassium form and high-quality LMW (low molecular weight) Chondroitin, as well as extracts of Ginger Root and Turmeric, renowned botanical ingredients. Additionally, Jointace MAX offers super strength Omega-3 fish oil capsules and Jointace Collagen tablets.</p>\n\n<p>Super Strength Omega-3 Fish Oil:</p>\n\n<p>The Jointace Max Omega-3 capsule is a potent source of DHA (Docosahexaenoic Acid), manufactured according to the highest quality and purity standards. The fish oil used is certified sustainable by Friend of the Sea.</p>\n\n<p>Collagen (Type II):</p>\n\n<p>Jointace Collagen tablets deliver premium-grade collagen hydrolyzed to enhance absorption.</p>\n\n<p>Trace Minerals and Vitamins:</p>\n\n<p>Copper aids in maintaining normal connective tissues, benefiting cartilage composition.<br>\nVitamin D, zinc, and manganese support the maintenance of normal bones. Vitamin D3 is provided in its Cholecalciferol form, naturally produced by the body upon exposure to sunlight.<br>\nVitamin C contributes to normal collagen formation, supporting the proper function of bones and cartilage.</p>",,,none,,1,,,0,0,0,,,,1,,,57060,"Bone & Joints","healthplus\,, jointace\,, multivitamins\,, otc\,, vitamins",,https://eutawpharmacycare.com/wp-content/uploads/2026/04/tjhdijl4bobzc4msy4uj.png,,,,,,,,,0,"HealthPlus Pharmacy","Jointace Max X84","Jointace Max X84",1,0
20913,simple,SKU-349224,,"Cardioace Max (Vitabiotics) X84",1,0,visible,,"<p>Cardioace Max is a cutting-edge, dual capsule formula designed to provide comprehensive nutritional support for individuals seeking to bolster heart health within the Cardioace range. It incorporates plant sterols and specific nutrients tailored for this purpose.</p>\n\n<p>The Advanced Micronutrient Capsule comprises a specialized blend of nutrients, including:</p>\n\n<p>-Over 0.8g of plant sterols, which play a role in maintaining normal blood cholesterol levels.<br>\n-Thiamin (Vitamin B1), supporting the heart's normal function.<br>\n-Vitamin B12 and folate, contributing to normal homocysteine metabolism.<br>\n-The High-Purity Red Krill Oil Capsule delivers premium-quality Red Krill Oil, a unique source of easily absorbed DHA &amp; EPA fatty acids.</p>\n\n<p>DHA &amp; EPA in the Red Krill Oil contribute to the normal function of the heart, while DHA also aids in maintaining normal vision and brain function.</p>",,,none,,1,,,0,0,0,,,,1,,,79640,Vitamins,"brand\,, healthplus\,, heart, otc\,, supplements\,, support\,, top, vitabiotics",,https://eutawpharmacycare.com/wp-content/uploads/2026/04/Cardioace_20Max_20_28Vitabiotics_29_20X84_b1ae4bfa-ea41-474b-a8b5-1265a1d65241.png,,,,,,,,,0,"HealthPlus Pharmacy","Cardioace Max (Vitabiotics) X84","Cardioace Max (Vitabiotics) X84",1,0
20916,simple,SKU-235118,,"Shaltoux Throat Lozenges 39Mg X 200",1,0,visible,,"<p>Shaltoux Lozenges Jar contains 200 pastilles designed to provide immediate relief for sore throats. These natural cough lozenges are formulated specifically to alleviate sore throat discomfort.</p>",,,none,,1,,,0,0,0,,,,1,,,14670,"Sore Throat","healthplus\,, otc\,, others\,, shaltoux",,https://eutawpharmacycare.com/wp-content/uploads/2026/04/Shaltoux_20Throat_20Lozenges_2039Mg_20X_20200_522d34cd-e79e-454c-8164-4ffe1c4824e2.jpg,,,,,,,,,0,Shalina,"Shaltoux Throat Lozenges 39Mg X 200","Shaltoux Throat Lozenges 39Mg X 200",1,0
20919,simple,SKU-138555,,"Cenocide Diethylcarbamazinde 50Mg X100",1,0,visible,,"<p>Diethylcarbamazine (DEC) is utilized to treat specific parasitic diseases caused by certain types of roundworms. These include lymphatic filariasis caused by Wuchereria bancrofti, Brugia malayi, or Brugia timori; tropical pulmonary eosinophilia; and loiasis. DEC works by eliminating the worms responsible for these infections.</p>",,,none,,1,,,0,0,0,,,,1,,,1520,Infections,"healthplus\,, only\,, others\,, prescription, skg",,https://eutawpharmacycare.com/wp-content/uploads/2026/04/Diethylcarbamazine_20_28Cenocide_29_2050Mg_20X100_85448ad5-ae88-49a6-93ed-1721bec156c1.png,,,,,,,,,0,SKG,"Cenocide Diethylcarbamazinde 50Mg X100","Cenocide Diethylcarbamazinde 50Mg X100",1,0
20922,simple,SKU-SKU-NG-85617,,"Levofem 0.15Mg/0.03Mg X84",1,0,visible,,"<p>About Levofem<br>\nLevofem is a reliable contraceptive pill that effectively prevents pregnancy.<br>\nIt is a combination pill which releases both the hormones estrogen and progestin.</p>\n\n<p>How it works:<br>\nThis combination prevents pregnancy by stopping your ovaries from releasing eggs and thickens your cervical mucus to keep sperm from reaching an egg. You should take the pill at the same time each day, whether or not you have sex.</p>",,,none,,1,,,0,0,0,,,,1,,,1600,"Sexual Health","contraceptives\,, family, healthplus\,, levofem\,, only, oral, planning\,, prescription",,https://eutawpharmacycare.com/wp-content/uploads/2026/04/Levofem_200.15mg-0.03mg_20x84_20_283_20months_29_debfe7fd-69fb-4f7b-aaaf-95b96bc438a6.png,,,,,,,,,0,"DKT International","Levofem 0.15Mg/0.03Mg X84","Levofem 0.15Mg/0.03Mg X84",1,0
20925,simple,SKU-165295,,"Lonart X24 Tablets",1,0,visible,,"<p>Lonart Tablets are a potent antimalarial solution designed to swiftly combat malaria and alleviate its symptoms. Each pack contains 24 tablets, featuring a combination of Artemether 20mg and Lumefantrine 120mg, which work together effectively to eradicate malaria-causing parasites from the body.</p>\n\n<p>Key Features:<br>\n1. Fast-Acting Relief: Lonart Tablets act quickly to relieve malaria symptoms and eliminate parasites, providing rapid relief.</p>\n\n<p>2. Proven Effectiveness: Endorsed by healthcare professionals and supported by extensive research, Lonart Tablets are highly effective in treating malaria infections.</p>\n\n<p>3. Generous Supply: The pack includes 24 tablets, ensuring an ample and reliable antimalarial defense when needed.</p>\n\n<p>Lonart Tablets offer a robust solution for combating malaria, trusted for their rapid action and proven efficacy in treating the infection.</p>",,,none,,1,,,0,0,0,,,,1,,,1000,Malaria,"healthcare, healthplus\,, lonart\,, malaria, otc\,, others, prevention\,, seller\,, top, treatment\,",,https://eutawpharmacycare.com/wp-content/uploads/2026/04/Lonart_20X24_20Tablets_1cb047fd-577b-4c08-9060-17ccf638c1ed.jpg,,,,,,,,,0,"Bliss GVS Pharma LTD.","Lonart X24 Tablets","Lonart X24 Tablets",1,0
20928,simple,SKU-110409,,"Allopurinol Teva 100mg x28",1,0,visible,,"<p>Allopurinol 100mg is prescribed to lower uric acid levels in conditions like gout, kidney stones, and as a preventive measure in certain cancer treatments.</p>",,,none,,1,,,0,0,0,,,,1,,,1920,"Chronic Diseases","Health, healthplus\,, only\,, prescription, teva\,, urinary",,https://eutawpharmacycare.com/wp-content/uploads/2026/04/Allopurinol_20Teva_20100mg_20x28_841c7908-3ff8-4af6-a175-e9254d25fc85.jpg,,,,,,,,,0,"HealthPlus Pharmacy","Allopurinol Teva 100mg x28","Allopurinol Teva 100mg x28",1,0
20931,simple,SKU-SKU-NG-91119,,"Vitabiotic Osteocare Original 25Ug X90",1,0,visible,,"<p>Developed on the basis of the very latest research, it provides a rich source of calcium and co-factors, including vitamin D.<br>\nIncludes calcium, magnesium, vitamin D, and zinc, which contribute to the maintenance of normal bones.</p>\n\n<p>Formulated with an optimum level of 25µg vitamin D3, based on the latest research.</p>\n\n<p>Suitable for vegans.</p>",,,none,,1,,,0,0,0,,,,1,,,24520,Vitamins,"brand\,, healthplus\,, otc\,, top, vitabiotics\,, vitamins",,https://eutawpharmacycare.com/wp-content/uploads/2026/04/Vitabiotic_20Osteocare_20Original_2025Ug_20X90_acb2c34b-d120-42ba-83e9-812c9077d92a.png,,,,,,,,,0,Vitabiotics,"Vitabiotic Osteocare Original 25Ug X90","Vitabiotic Osteocare Original 25Ug X90",1,0
20934,simple,SKU-SKU-NG-86027,,"Vamiron Multivitamin Capsule X30",1,0,visible,,"<p>Vamiron multivitamin capsule is formulated with ferric ammonium citrate, folic acid and vitamin b12. It helps boost immune system and replenish lost nutrients.</p>",,,none,,1,,,0,0,0,,,,1,,,590,Vitamins,"healthplus\,, multivitamins\,, otc\,, others\,, vamiron",,https://eutawpharmacycare.com/wp-content/uploads/2026/04/online-pharmacy-product-image-placeholder_c73ed630-634e-410d-8eb7-bab71e51f217.png,,,,,,,,,0,Vamiron,"Vamiron Multivitamin Capsule X30","Vamiron Multivitamin Capsule X30",1,0
20937,simple,SKU-367884,,"Nutrify Nourish Collagen Beauty Formular X30",1,0,visible,,"<p>NUTRIFY Beauty Formula enhances the health of hair, skin, and nails. Its active ingredients include Collagen, Boron, Alpha Lipoic Acid, L-Cysteine, Grape Seed Extract, Zeaxanthin, Resveratrol, Lutemax, L-Methionine, Hyaluronic Acid, and Citrus Bioflavonoid.<br>\n It also contains essential vitamins and minerals.</p>",,,none,,1,,,0,0,0,,,,1,,,16950,Supplements,"&, brand, hair\,, healthplus\,, nails\,, nutrify\,, otc\,, skin, top",,https://eutawpharmacycare.com/wp-content/uploads/2026/04/Nutrify-Nourish-Collagen-Beauty-Formular-x30.png,,,,,,,,,0,Nutrify,"Nutrify Nourish Collagen Beauty Formular X30","Nutrify Nourish Collagen Beauty Formular X30",1,0
20940,simple,SKU-110355,,"Warfarin Teva 5mg x28",1,0,visible,,"<p>Warfarin Teva 5mg is an anticoagulant medication that helps to prevent and treat blood clots. It works by inhibiting the production of clotting factors in the liver, which helps reduce the risk of strokes, heart attacks, and other complications related to abnormal blood clotting.</p>",,,none,,1,,,0,0,0,,,,1,,,9000,"Chronic Diseases","antihypertensive\,, healthplus\,, heart, only\,, others\,, prescription, support\,, teva",,https://eutawpharmacycare.com/wp-content/uploads/2026/04/Warfarin_20Teva_205mg_20x28_b4fb8c6d-6635-4d05-85cf-e7ae8b16c459.jpg,,,,,,,,,0,"HealthPlus Pharmacy","Warfarin Teva 5mg x28","Warfarin Teva 5mg x28",1,0
20943,simple,SKU-367880,,"Nutrify Multivitamin For Women with Probiotics x30",1,0,visible,,"<p>Nutrify Multivitamin for Women with Probiotics supports anti-aging, bone health, strength, and immunity. It features Panax Ginseng, Soy Isoflavones, Ginkgo Biloba, Cranberry, Grape Seed Extract, Lycopene, and a probiotic blend of Lactobacillus Acidophilus and Rhamnosus.<br>\n It also includes vitamins (C, D3, B-complex, K1, A, E, Biotin) and minerals (Magnesium, Phosphorus, Zinc, Selenium, Manganese, Calcium, Copper, Iron, Iodine).</p>",,,none,,1,,,0,0,0,,,,1,,,16370,Supplements,"&, bone, brand, healthplus\,, immune, joints\,, nutrify\,, otc\,, support\,, top",,https://eutawpharmacycare.com/wp-content/uploads/2026/04/Nutrify_20Multivitamin_20For_20Women_20with_20Probiotics_20x30_e59e25ce-7f21-42b6-8f3f-21d08f618e74.png,,,,,,,,,0,Nutrify,"Nutrify Multivitamin For Women with Probiotics x30","Nutrify Multivitamin For Women with Probiotics x30",1,0
20946,simple,SKU-387176,,"Aspirin (Aspa) 75Mg X100",1,0,visible,,"<p>Aspirin Dispersible 75mg 100-Tablets are specifically formulated to address blood clotting issues, which can lead to serious conditions like stroke or heart attack. Each tablet contains aspirin, a widely recognized pain-relieving ingredient also used in various medical treatments. These tablets are particularly beneficial in post-heart attack or stroke care, as they help dilate blood vessels to prevent further clotting.<br>\n It's crucial to emphasize that while aspirin provides pain relief, these tablets should not be used solely for pain management. It's advisable to consult a healthcare professional or pharmacist from the Medicine marketplace for proper guidance before starting any treatment.</p>",,,none,,1,,,0,0,0,,,,1,,,4500,"Pain Management - Others","&, bayer\,, fevers\,, headache, healthplus\,, migraine\,, otc",,https://eutawpharmacycare.com/wp-content/uploads/2026/04/Aspirin_20_28Aspa_29_2075Mg_20X100_54958308-7874-4bd3-882b-5340b7fd8144.jpg,,,,,,,,,0,Bayer,"Aspirin (Aspa) 75Mg X100","Aspirin (Aspa) 75Mg X100",1,0
20949,simple,SKU-215389,,"Osteocare Original X30",1,0,visible,,"<p>Osteocare Original  contributes to the maintenance of normal bone health. it provides a concentrated source of calcium and co-factors, including vitamin D, which aids in the body's normal absorption of calcium</p>",,,none,,1,,,0,0,0,,,,1,,,9590,Vitamins,"&, bone, healthplus\,, joints\,, nutrition\,, otc\,, sports, vitabiotics",,https://eutawpharmacycare.com/wp-content/uploads/2026/04/Osteocare_20Original_20X30_ebd843b3-00ca-459f-b024-ad65c5496b16.png,,,,,,,,,0,"HealthPlus Pharmacy","Osteocare Original X30","Osteocare Original X30",1,0
20952,simple,SKU-365261,,"Getryl Glimepiride 4mg x30",1,0,visible,,"<p>Getryl (Glimepiride) 4 mg is a medication used to manage blood sugar levels in people with type 2 diabetes.<br>\n It works by stimulating the pancreas to release more insulin and helping the body use insulin more effectively.</p>",,,none,,1,,,0,0,0,,,,1,,,3490,Diabetes,"diabetes, getz, healthplus\,, medication\,, only, others\,, pharma\,, prescription",,https://eutawpharmacycare.com/wp-content/uploads/2026/04/Getryl_20Glimepiride_204mg_20x30_25d9e060-c91f-4342-9947-e0f15ef50262.jpg,,,,,,,,,0,"HealthPlus Pharmacy","Getryl Glimepiride 4mg x30","Getryl Glimepiride 4mg x30",1,0
20955,simple,SKU-367881,,"Nutrify Multivitamin For Men with Probiotics x30",1,0,visible,,"<p>Nutrify Multivitamin for Men with Probiotics boosts stamina, strength, and immunity. It includes Panax Ginseng Extract, a probiotic blend (Lactobacillus Acidophilus, Lactobacillus Rhamnosus, Bifidobacterium Bifidum), and essential vitamins (C, B-complex, A, D3, E, K1, Biotin) along with key minerals (Magnesium, Chromium, Zinc, Selenium, Manganese, Calcium, Copper, Iron, Iodine) and L-Carnitine.</p>",,,none,,1,,,0,0,0,,,,1,,,15000,Supplements,"brand, healthplus\,, immune, nutrify\,, otc\,, support\,, top",,https://eutawpharmacycare.com/wp-content/uploads/2026/04/nutrify-multivitamin-for-men_90ff6517-d2bd-44ca-9fa7-93f8cea0b4e6.png,,,,,,,,,0,Nutrify,"Nutrify Multivitamin For Men with Probiotics x30","Nutrify Multivitamin For Men with Probiotics x30",1,0
20958,simple,SKU-344326,,"Durex Performa Condoms x3",1,0,visible,,"<p>Durex Performa Condoms are designed to help prolong sexual activity by featuring a special lubricant that helps delay ejaculation. Each pack contains 3 condoms, offering both comfort and protection while aiming to enhance sexual experience for both partners.</p>",,,none,,1,,,0,0,0,,,,1,,,8780,"Sexual Health","condoms\,, contraceptives\,, durex\,, family, healthplus\,, otc, planning\,",,https://eutawpharmacycare.com/wp-content/uploads/2026/04/Durex_20Performa_20Condoms_20x3_eca3d47c-9d33-46af-ae57-9b5e3a45c568.jpg,,,,,,,,,0,"HealthPlus Pharmacy","Durex Performa Condoms x3","Durex Performa Condoms x3",1,0
20961,simple,SKU-140361,,"Zyncet Cetrizine 10Mg X50",1,0,visible,,"<p>Zyncet Cetrizine 10 MG Tablet is used to treat allergies like sneezing, runny nose, itchy throat, watery eyes, and skin rash by blocking allergic symptoms. It may cause side effects such as sleepiness, diarrhea, nausea, dry mouth, dizziness, and headache.</p>",,,none,,1,,,0,0,0,,,,1,,,8730,"Fevers, Headache & Migraine","(cough, &, allergies, allergies\,, cold)\,, healthplus\,, otc\,, other, zyncet",,https://eutawpharmacycare.com/wp-content/uploads/2026/04/Cetrizine_20_28Zyncet_29_2010Mg_20X50_92f5520f-8224-4746-bff8-5af81d0e3fb3.jpg,,,,,,,,,0,Zyncet,"Zyncet Cetrizine 10Mg X50","Zyncet Cetrizine 10Mg X50",1,0
20964,simple,SKU-270251,,"Ginkgo Biloba (Naturesfield) 500Mg X90",1,0,visible,,"<p>Nature's Field Ginkgo Biloba is an all-natural daily supplement that helps boost memory, mental clarity, and focus.<br>\nThis herb improves oxygenated blood supply to your brain, increases nerve cell impulse frequency, and improves your brain cells ability to utilize glucose.<br>\nAll of these functions are critical to your memory and concentration.</p>",,,none,,1,,,0,0,0,,,,1,,,10090,Vitamins,"brand\,, field\,, healthplus\,, nature's, otc\,, top, vitamins",,https://eutawpharmacycare.com/wp-content/uploads/2026/04/Ginkgo_20Biloba_20_28Naturesfield_29_20500Mg_20X90_017289af-f2a9-483d-8eb3-c122bcc5ba8b.png,,,,,,,,,0,"Nature's Field","Ginkgo Biloba (Naturesfield) 500Mg X90","Ginkgo Biloba (Naturesfield) 500Mg X90",1,0
20967,simple,SKU-130147,,"Wellwoman Original Vitabiotics Capsules x30",1,0,visible,,"<p>Wellwoman Original by Vitabiotics is a dietary supplement designed to support women's health. Each pack contains 30 capsules, which provide a balanced blend of vitamins and minerals to support overall health, energy, and vitality.<br>\n The formulation includes essential nutrients like vitamins C, D, E, and B-complex, as well as iron and zinc.</p>",,,none,,1,,,0,0,0,,,,1,,,19800,Supplements,"brand\,, healthplus\,, otc\,, top, vitabiotics\,, vitamins",,https://eutawpharmacycare.com/wp-content/uploads/2026/04/Wellwoman_20Original_20Vitabiotics_20Capsules_20x30_11243aa8-d04b-45fd-9868-7077c24c7ba7.jpg,,,,,,,,,0,"HealthPlus Pharmacy","Wellwoman Original Vitabiotics Capsules x30","Wellwoman Original Vitabiotics Capsules x30",1,0
20970,simple,SKU-271118,,"Questra Cholestyramine 5g X 10",1,0,visible,,"<p>Cholestyramine is prescribed primarily to lower cholesterol levels. Additionally, it is utilized to alleviate itching caused by blockage in the bile ducts. Common side effects of this medication include constipation, gas, and stomach discomfort, which are primarily related to gastrointestinal issues.</p>",,,none,,1,,,0,0,0,,,,1,,,10500,"High Cholesterol","healthplus\,, otc\,, others\,, questra",,https://eutawpharmacycare.com/wp-content/uploads/2026/04/Questra_20Cholestyramine_205g_20X_2010_e577516c-5e50-49f9-bf4d-8f9299989e14.png,,,,,,,,,0,"HealthPlus Pharmacy","Questra Cholestyramine 5g X 10","Questra Cholestyramine 5g X 10",1,0
20973,simple,SKU-387649,,"Pharma Ethic Lycofer Capsule X30",1,0,visible,,"<p>Lycofer is a medicinal formulation prescribed for various conditions including increased folate requirement during pregnancy, anemia caused by folic acid deficiency, inadequate diet, poor food absorption, folate deficiency, and vitamin B12 deficiency. Its active ingredients include Folic Acid, Sodium Feredetate, Vitamin B12, and Zinc Sulphate.</p>\n\n<p>For further details, it's advisable to seek advice from your pharmacist or healthcare provider.</p>",,,none,,1,,,0,0,0,,,,1,,,2500,Supplements,"brand, ethic\,, healthplus\,, immune, otc\,, pharma, support\,, top",,https://eutawpharmacycare.com/wp-content/uploads/2026/04/Pharma_20Ethic_20Lycofer_20Capsule_20X30_086fbc21-213a-4034-8a16-9014f871a6bc.png,,,,,,,,,0,"Pharma Ethic","Pharma Ethic Lycofer Capsule X30","Pharma Ethic Lycofer Capsule X30",1,0
20976,simple,SKU-365972,,"Accu-Chek Intant Strip X50",1,0,visible,,"<p>Accu Chek Instant Strips feature improved trusted technology with safety checks for temperature, humidity, and damage, ensuring consistent accuracy. They offer a highly visible and large dosing area with a digit display type. These strips require a minimum blood sample of 0.5 mg/dL and can measure a range of 10 to 600 mg/dL.</p>\n\n<p>Key features include:<br>\n- Expiry 18 months after production date; strips remain stable even after opening until the expiry date printed on the vial.<br>\n- Compact size with the capability to sample all types of blood (neonatal, capillary, venous, and arterial).</p>",,,none,,1,,,0,0,0,,,,1,,,21000,"Tests & Diagnostics","accu-chek\,, brand, healthplus\,, otc\,, others\,, strips\,, test, top",,https://eutawpharmacycare.com/wp-content/uploads/2026/04/Accu-Chek_20Intant_20Strip_20X50_aa16555c-b0fe-4765-bd45-75abf3575a8c.png,,,,,,,,,0,Accu-Chek,"Accu-Chek Intant Strip X50","Accu-Chek Intant Strip X50",1,0
20979,simple,SKU-127007,,"Mycoten Clotrimazole-Vag-Tab 100Mg X 6",1,0,visible,,"<p>Vaginal clotrimazole treats yeast infections in adults and children over 12. It's an antifungal tablet inserted into the vagina once daily at bedtime for 3 or 7 days.<br>\n Follow package or doctor's instructions carefully and avoid using more or less than directed.</p>",,,none,,1,,,0,0,0,,,,1,,,2400,"Feminine Hygiene","brand, healthplus\,, infections\,, mycoten\,, only\,, prescription, top",,https://eutawpharmacycare.com/wp-content/uploads/2026/04/Clotrimazole_20_28Mycoten_29_20100Mg_20X6_d8c5b9d8-3da5-4bd8-a635-2efbd4c80d10.jpg,,,,,,,,,0,Mycoten,"Mycoten Clotrimazole-Vag-Tab 100Mg X 6","Mycoten Clotrimazole-Vag-Tab 100Mg X 6",1,0
20982,simple,SKU-132137,,"Virest Aciclovir 200Mg X25",1,0,visible,,"<p>Virest Aciclovir 200Mg is prescription medication for the management of viral infections like Human Immuno-deficiency virus (HIV) and Hepatitis B Virus (HBV) by supressing its replication and spread.</p>",,,none,,1,,,0,0,0,,,,1,,,6970,"Chronic Diseases","healthplus\,, hiv, medication\,, only\,, others\,, prescription, virest",,https://eutawpharmacycare.com/wp-content/uploads/2026/04/Aciclovir_20_28Virest_29_20200Mg_20X25_4a814b12-8074-4c3c-a5c6-f78ec746be57.jpg,,,,,,,,,0,Hovid,"Virest Aciclovir 200Mg X25","Virest Aciclovir 200Mg X25",1,0
20985,simple,SKU-334850,,"Panadol Cold + Flu X24",1,0,visible,,"<p>Panadol Cold + Flu X24 caplets (Blister) is a medication combining an analgesic (paracetamol), a nasal decongestant (Pseudoephedrine hydrochloride), and an antihistamine (chlorpheniramine maleate). It is used to treat symptoms associated with colds and influenza.</p>",,,none,,1,,,0,0,0,,,,1,,,15840,"Fevers, Headache & Migraine","body, brand, healthplus\,, otc\,, pain\,, panadol\,, top",,https://eutawpharmacycare.com/wp-content/uploads/2026/04/Panadol_20Cold_20Flu_20X24-2_5563ff2a-b03b-467e-a3a3-7996de0d7767.jpg,,,,,,,,,0,Glaxosmithkline,"Panadol Cold + Flu X24","Panadol Cold + Flu X24",1,0
20988,simple,SKU-337202,,"Lycoset Capsule X30",1,0,visible,,"<p>Lycoset Capsule X30 is formulated with lycopene as its primary active ingredient, this product functions as an antioxidant and aids in maintaining healthy blood pressure levels.<br>\n Take as prescribed by a Doctor or Pharmacist.</p>",,,none,,1,,,0,0,0,,,,1,,,6170,Hypertension,"antioxidants\,, brand, ethics\,, healthplus\,, heart, otc\,, pharma, support\,, top",,https://eutawpharmacycare.com/wp-content/uploads/2026/04/online-pharmacy-product-image-placeholder_02e42f02-f42d-44cf-bb67-a116969f760b.png,,,,,,,,,0,"Pharma Ethics","Lycoset Capsule X30","Lycoset Capsule X30",1,0
20991,simple,SKU-173539,,"Arenax Plus Forte 80mg/480mg x6",1,0,visible,,"<p>Arenax Plus Forte combines 80mg of artemether and 480mg of lumefantrine to effectively treat malaria. This combination targets and clears the parasites responsible for the infection.</p>",,,none,,1,,,0,0,0,,,,1,,,2420,Malaria,"healthplus\,, malaria, otc\,, others\,, swipha, treatment\,",,https://eutawpharmacycare.com/wp-content/uploads/2026/04/Arenax_20Plus_20Forte_2080mg-480mg_20x6_1786d6ce-d2f6-44b9-99dd-260fdf996cbd.png,,,,,,,,,0,"HealthPlus Pharmacy","Arenax Plus Forte 80mg/480mg x6","Arenax Plus Forte 80mg/480mg x6",1,0
20994,simple,SKU-106534,,"Tenoric 50/12.5mg x28",1,0,visible,,"<p>Tenoric 50/12.5 is a combination medication prescribed for managing hypertension (high blood pressure) and preventing angina (chest pain).</p>",,,none,,1,,,0,0,0,,,,1,,,4750,Antihypertensive,"brand, healthplus\,, heart, ipca\,, only\,, others\,, prescription, support\,, top",,https://eutawpharmacycare.com/wp-content/uploads/2026/04/online-pharmacy-product-image-placeholder_8d73a801-9737-44c4-925e-d582e89e65c8.png,,,,,,,,,0,"HealthPlus Pharmacy","Tenoric 50/12.5mg x28","Tenoric 50/12.5mg x28",1,0
20997,simple,SKU-215400,,"Super Apeti Cyproheptadine 4mg x20",1,0,visible,,"<p>Super Apetite Cyproheptadinehelps in treating conditions like antihistamines for allergies (rhinitis, conjunctivitis, urticaria, angioedema), and it also acts as a supplement or appetite stimulants for loss of appetite and convalescence.</p>",,,none,,1,,,0,0,0,,,,1,,,260,Allergies,"allergies\,, apetite\,, healthplus\,, otc\,, other, super, supplements",,https://eutawpharmacycare.com/wp-content/uploads/2026/04/Super_20Apeti_20Cyproheptadine_204mg_20x20_fc5cf348-d584-4c01-9b36-73c827059048.png,,,,,,,,,0,"Super Apetite","Super Apeti Cyproheptadine 4mg x20","Super Apeti Cyproheptadine 4mg x20",1,0
21000,simple,SKU-300440,,"Efamol Evening Primrose Oil 1000mg x30 Caps",1,0,visible,,"<p>Efamol Evening Primrose Oil is derived from specially cultivated Rigel Evening Primrose seeds, known for containing up to 33% more GLA than other varieties. its carefully maintain the oil's natural properties through precise extraction processes which makes it beneficial to those who love beautifully smooth and nourished looking skin.<br>\n Grown to our specifications in the Netherlands and New Zealand by trusted partners of 40 years, our oil is rigorously tested to ensure potency and has been validated in numerous human trials for its benefits.</p>",,,none,,1,,,0,0,0,,,,1,,,28320,Supplements,"brand, efamol\,, healthplus\,, otc\,, skincare\,, top",,https://eutawpharmacycare.com/wp-content/uploads/2026/04/Efamol_20Evening_20Primrose_20Oil_201000mg.png,,,,,,,,,0,Efamol,"Efamol Evening Primrose Oil 1000mg x30 Caps","Efamol Evening Primrose Oil 1000mg x30 Caps",1,0
21003,simple,SKU-SKU-NG-92739,,"Renzo's Picky Eater Multi x60",1,0,visible,,"<p>Renzo's Picky Eaters Vitamins for Kids offer a convenient way to ensure your child gets essential nutrients daily. These fast-dissolving cherry-flavored tablets contain 18 key vitamins and minerals including A, C, D3, iron, and zinc.<br>\n They support immune function, bone health, and overall growth, without artificial colors or flavors. Vegan, allergen-free, gluten-free, and dairy-free, they're sweetened with monkfruit and xylitol for a tooth-friendly, sugar-free option. Perfect for busy parents looking to boost their child's nutrition effortlessly.</p>",,,none,,1,,,0,0,0,,,,1,,,16340,Supplements,"healthplus\,, multivitamins\,, otc\,, renzo\,, vitamins",,https://eutawpharmacycare.com/wp-content/uploads/2026/04/Renzo_27s_20Picky-Eater_20Multi_20x60_d4f1caf8-7907-4e86-9102-bf44a8863631.png,,,,,,,,,0,Renzo,"Renzo's Picky Eater Multi x60","Renzo's Picky Eater Multi x60",1,0
21006,simple,SKU-297931,,"Trevia Sitagliptin 50mg x35",1,0,visible,,"<p>Trevia 50mg x35 contains sitagliptin, which is prescribed as an adjunct to diet and exercise for patients with type 2 diabetes mellitus.<br>\n It helps manage blood sugar levels by increasing insulin production after meals and decreasing sugar production by the liver.</p>",,,none,,1,,,0,0,0,,,,1,,,15670,Diabetes,"brand, getz, healthplus\,, only\,, others\,, pharma\,, prescription, top",,https://eutawpharmacycare.com/wp-content/uploads/2026/04/Trevia_20Sitagliptin_2050mg_20x35_0051a5a4-f97e-4062-9374-3f857b272180.jpg,,,,,,,,,0,"HealthPlus Pharmacy","Trevia Sitagliptin 50mg x35","Trevia Sitagliptin 50mg x35",1,0
21009,simple,SKU-255102,,"Meconerve Forte 500Mg X30",1,0,visible,,"<p>Meconerv Forte capsules are prescribed for diabetic neuropathy, nephropathy, retinopathy, cardiovascular disease (CVD), and alcoholic neuropathy. <br>\n They contain Vitamin B12 and other essential B vitamins crucial for nerve health, kidney function, eye health, and heart health. Always use under medical supervision as part of a treatment plan tailored by a healthcare provider.</p>",,,none,,1,,,0,0,0,,,,1,,,11920,"Chronic Diseases","brand, diabetes\,, forte\,, healthplus\,, meconerv, otc\,, top",,https://eutawpharmacycare.com/wp-content/uploads/2026/04/Meconerve_20Forte_20500Mg_20X30_5c9b66d6-4049-4cd8-9f3d-f49246675d96.jpg,,,,,,,,,0,"Meconerv Forte","Meconerve Forte 500Mg X30","Meconerve Forte 500Mg X30",1,0
21012,simple,SKU-363703,,"Move Free Ultra X75",1,0,visible,,"<p>Schiff's Move Free Ultra Triple Action provides potent triple action support for joints, bones, and cartilage. Packed into each small pill are quality ingredients including type-II Collagen and boron.<br>\n Type-II collagen aids in maintaining healthy cartilage, while boron contributes to bone health by supporting optimal levels of vitamin D, calcium, and magnesium.</p>\n\n<p>- Adults (18 years of age) take one (1) tablet daily or as prescribed by physician.<br>\n- Keep out of reach of children.</p>",,,none,,1,,,0,0,0,,,,1,,,55990,Supplements,"&, bone, d, diet, free\,, healthcare, healthplus\,, joints\,, move, nutrition\,, otc\,, schiff, seller\,, top, vitamin",,https://eutawpharmacycare.com/wp-content/uploads/2026/04/Schiff-Move-Free-Ultra-X75_1a860ab4-1002-4046-aef5-a233ec0b6895.jpg,,,,,,,,,0,Schiff,"Move Free Ultra X75","Move Free Ultra X75",1,0
21015,simple,SKU-114724,,"Tuxil-D Expectorant For Adult Cough & Cold Syrup 100ml",1,0,visible,,"<p>Tuxil D is a cough syrup designed to relieve symptoms associated with chesty coughs. It works quickly to penetrate and loosen phlegm, aiding in the clearance of bronchial congestion and promoting a more productive cough.<br>\n This non-sedative preparation effectively thins mucus, helping to alleviate congestion and improve breathing.</p>",,,none,,1,,,0,0,0,,,,1,,,1290,"Allergies (Cough & Cold)","brand\,, cough\,, d, healthplus\,, otc\,, others\,, top, tuxil",,https://eutawpharmacycare.com/wp-content/uploads/2026/04/Tuxil-D_20Expectorant_20For_20Adult_20Cough_20and_20Cold_20Syrup_20100ml_93f18533-0dda-4d6b-89b9-be8704dfb850.png,,,,,,,,,0,"HealthPlus Pharmacy","Tuxil-D Expectorant For Adult Cough & Cold Syrup 100ml","Tuxil-D Expectorant For Adult Cough & Cold Syrup 100ml",1,0
21018,simple,SKU-154752,,"Nectranox Itraconazole 100Mg X28",1,0,visible,,"<p>Itraconazole is an antifungal medication prescribed for adults to treat infections caused by fungi. This includes fungal infections affecting various parts of the body such as the lungs, mouth, and other areas. Itraconazole is most effective when taken with food to enhance absorption and reduce gastrointestinal discomfort. <br>\nCommon side effects include nausea, diarrhea, abdominal pain, rash, and headache.</p>",,,none,,1,,,0,0,0,,,,1,,,9990,"Digestive Care","&, antifungal\,, bone, healthplus\,, joints\,, nectranox\,, only, prescription",,https://eutawpharmacycare.com/wp-content/uploads/2026/04/Nectranox_20Itraconazole_20100Mg_20X28_0de8a9e3-612b-436e-918e-d95b4b9bf92d.png,,,,,,,,,0,Nectranox,"Nectranox Itraconazole 100Mg X28","Nectranox Itraconazole 100Mg X28",1,0
21021,simple,SKU-182148,,"Pharmamax Lisinopril 10Mg X 28",1,0,visible,,"<p>Lisinopril is prescribed to treat high blood pressure (hypertension) in adults and children aged 6 and older. It is also used for managing congestive heart failure in adults and improving survival rates following a heart attack.<br>\n Seek immediate medical attention if you experience signs of an allergic reaction or side effects to lisinopril.<br>\nTake as prescribed by your Doctor or Healthcare professional.</p>",,,none,,1,,,0,0,0,,,,1,,,1210,Hypertension,"antihypertensive\,, brand, children's, health\,, healthplus\,, only\,, pharmamax\,, prescription, top",,https://eutawpharmacycare.com/wp-content/uploads/2026/04/online-pharmacy-product-image-placeholder_6cadc767-0b92-4d4d-8c6d-4a4a51474926.png,,,,,,,,,0,Pharmamax,"Pharmamax Lisinopril 10Mg X 28","Pharmamax Lisinopril 10Mg X 28",1,0
21024,simple,SKU-345011,,"Evergreen Joint Care X60",1,0,visible,,"<p>Evergreen Joint Care supports  joint health by repairing cartilage, boosting mobility, and increasing flexibility.</p>",,,none,,1,,,0,0,0,,,,1,,,14460,"Bone & Joints","&, bone, brand, care\,, evergreen, healthplus\,, joint, joints\,, otc\,, pain\,, top",,https://eutawpharmacycare.com/wp-content/uploads/2026/04/Evergreen_20Joint_20Care_20X60_7c9f6b20-9dad-4658-a028-beb432565bcf.jpg,,,,,,,,,0,Evergreen,"Evergreen Joint Care X60","Evergreen Joint Care X60",1,0
21027,simple,SKU-366274,,"Benylin Mucus Night 150ml",1,0,visible,,"<p>Benylin Mucus Cough Night thins and loosens chest mucus, aiding in its removal through coughing.reducing chest discomfort.</p>",,,none,,1,,,0,0,0,,,,1,,,17100,"Allergies (Cough & Cold)","aid\,, benylin\,, brand, healthplus\,, otc\,, sleep, top",,https://eutawpharmacycare.com/wp-content/uploads/2026/04/Benylin_20Mucus_20Night-150ml_35460c13-9343-423b-a29a-cc9f17fbc859.png,,,,,,,,,0,"HealthPlus Pharmacy","Benylin Mucus Night 150ml","Benylin Mucus Night 150ml",1,0
21030,simple,SKU-366272,,"Benylin Dry Cough Night 150ml",1,0,visible,,"<p>Benylin Dry Coughs Night Syrup helps alleviate cough and runny nose</p>",,,none,,1,,,0,0,0,,,,1,,,11870,"Allergies (Cough & Cold)","benylin\,, cough\,, healthplus\,, otc\,, others",,https://eutawpharmacycare.com/wp-content/uploads/2026/04/Benylin_20Dry_20Cough_20Night_20150ml_4bd07267-6ce6-4b20-9021-dc101f314ebe.png,,,,,,,,,0,"Johnson &amp; Johnson","Benylin Dry Cough Night 150ml","Benylin Dry Cough Night 150ml",1,0
21033,simple,SKU-173092,,"Lyrica Pregabalin 25mg X28",1,0,visible,,"<p>Lyrica i an anticonvulsant medication prescribed in management epilepsy, neuropathy, amongst others</p>",,,none,,1,,,0,0,0,,,,1,,,21560,"Pain Management - Others","brand, healthplus\,, nerve, only\,, pain, pfizer\,, prescription, top, treatment\,",,https://eutawpharmacycare.com/wp-content/uploads/2026/04/Lyrica-Pregabalin-25mg-28_e1155d34-1b79-44a8-b38b-0caa6ab8a4c1.jpg,,,,,,,,,0,"HealthPlus Pharmacy","Lyrica Pregabalin 25mg X28","Lyrica Pregabalin 25mg X28",1,0
21036,simple,SKU-182323,,"Tuxil- N Expectorant For Adults  Cough & Cold 100ml",1,0,visible,,"<p>Tuxil N is a cough suppressant helps to provide relief from coughing .It  also alleviate symptoms such as runny nose, sneezing, coughing, and catarrh.</p>",,,none,,1,,,0,0,0,,,,1,,,1080,"Allergies (Cough & Cold)","brand, cough\,, fidson\,, healthplus\,, otc\,, top",,https://eutawpharmacycare.com/wp-content/uploads/2026/04/Tuxil-_20N_20Expectorant_20For_20Adults_20_20Cough_20and_20Cold_20100ml_686cb34a-ea8a-4588-aa1b-0f115a266cf5.png,,,,,,,,,0,Fidson,"Tuxil- N Expectorant For Adults  Cough & Cold 100ml","Tuxil- N Expectorant For Adults Cough & Cold 100ml",1,0
21039,simple,SKU-SKU-NG-86012,,"Tuxil-N Children's Expectorant - Intensive Care 100ml",1,0,visible,,"<p>Tuxil-N Expectorant Cough, Cold &amp; Allergy For Children helps provide releif for coughs, colds, and allergies.</p>",,,none,,1,,,0,0,0,,,,1,,,1080,"Baby Care","(cough, &, allergies, children's, cold\,, cold)\,, cough, health\,, healthplus\,, otc\,, tuxil-n",,https://eutawpharmacycare.com/wp-content/uploads/2026/04/Tuxil-N_20Expectorant_20Intensive_20Care_20100ml_ee0af2d6-1f62-4c72-bcaf-8f7c4528dc96.png,,,,,,,,,0,Fidson,"Tuxil-N Children's Expectorant - Intensive Care 100ml","Tuxil-N Children's Expectorant - Intensive Care 100ml",1,0
21042,simple,SKU-363936,,"Uni Nature’s Pride Calcium Magnesium Zinc with Vitamin D x100 Tablets",1,0,visible,,"<p>The Calcium Magnesium Zinc with Vitamin D3 supplement helps support bone, muscle and nerve health</p>",,,none,,1,,,0,0,0,,,,1,,,15840,Vitamins,"&, bone, contraceptives\,, d, healthplus\,, joints\,, nature, otc\,, pride\,, vitamin",,https://eutawpharmacycare.com/wp-content/uploads/2026/04/Nature_E2_80_99s_20Pride_20Calcium_20Magnesium_20Zinc_20x100_20Tablets_29d514c6-902b-43d2-a783-ca19631ba065.jpg,,,,,,,,,0,"HealthPlus Pharmacy","Uni Nature’s Pride Calcium Magnesium Zinc with Vitamin D x100 Tablets","Uni Nature’s Pride Calcium Magnesium Zinc with Vitamin D x100 Tablets",1,0
21045,simple,SKU-340793,,"Trojan Pleasure Pack X3",1,0,visible,,"<p>The Trojan Pleasure Pack 3 Condoms features Twisted, Sensations, Ultra Ribbed condoms</p>",,,none,,1,,,0,0,0,,,,1,,,7150,"Sexual Health","condoms\,, contraceptives\,, family, healthplus\,, otc\,, planning\,, trojan",,https://eutawpharmacycare.com/wp-content/uploads/2026/04/Trojan_20Pleasure_20Pack_20X3_d55d2960-3b5c-49aa-b168-be6f343265c0.jpg,,,,,,,,,0,Trojan,"Trojan Pleasure Pack X3","Trojan Pleasure Pack X3",1,0
21048,simple,SKU-309566,,"Flagyl Metronidazole 125mg/5ml -100ml",1,0,visible,,"<p>Metronidazole suspension is an antibiotic used in bacterial infections</p>",,,none,,1,,,0,0,0,,,,1,,,2450,Infections,"antibiotics\,, brand, flagyl\,, healthplus\,, only\,, others\,, prescription, top",,https://eutawpharmacycare.com/wp-content/uploads/2026/04/Flagyl_20125Mg_205Ml_20X1_7dcebb42-3258-45c2-b45a-23f75c12ac2e.jpg,,,,,,,,,0,"HealthPlus Pharmacy","Flagyl Metronidazole 125mg/5ml -100ml","Flagyl Metronidazole 125mg/5ml -100ml",1,0
21051,simple,SKU-158278,,"M&B Paracetamol 500Mg X96",1,0,visible,,"<p>M &amp; B Paracetamol Tablet is used to alleviate mild to moderate pain</p>",,,none,,1,,,0,0,0,,,,1,,,3600,"Fevers, Headache & Migraine","'-, &, baker\,, healthplus\,, management, may, muscle, otc\,, others, others\,, pain, pain\,",,https://eutawpharmacycare.com/wp-content/uploads/2026/04/Paracetamol_20_28M-B_29_20500Mg_20X96_77bb5fd6-ea7f-4027-800c-0556e02d887c.jpg,,,,,,,,,0,"May &amp; Baker","M&B Paracetamol 500Mg X96","M&B Paracetamol 500Mg X96",1,0
21054,simple,SKU-270282,,"Mega C (Naturesfield) 1000Mg Blisterx100",1,0,visible,,"<p>Vitamin c is useful as It strengthens iron absorption, strengthens the heart, increases immunity, an important ingredient for tissue growth, development, and repair</p>",,,none,,1,,,0,0,0,,,,1,,,14990,Supplements,"children's, field\,, health\,, healthplus\,, nat's, otc\,, supplements",,https://eutawpharmacycare.com/wp-content/uploads/2026/04/Mega_20C_20_28Naturesfield_29_201000Mg_20Blisterx100_f187b81e-a320-4e6a-a34a-eada29e8b1ae.png,,,,,,,,,0,"HealthPlus Pharmacy","Mega C (Naturesfield) 1000Mg Blisterx100","Mega C (Naturesfield) 1000Mg Blisterx100",1,0
21057,simple,SKU-357011,,"Benylin Children's Dry & Sore Throat Syrup 125ml",1,0,visible,,"<p>The Benylin Children’s Dry Cough and Sore Throat Syrup contains a mixture of glycerol and sugar that helps soothe inflamed areas especially the breathing passages in your child's throat.</p>",,,none,,1,,,0,0,0,,,,1,,,8540,"Allergies (Cough & Cold)","&, benylin\,, children's, cold\,, cough, healthplus\,, otc\,, sore, throat",,https://eutawpharmacycare.com/wp-content/uploads/2026/04/Benylin_20Children_27s_20Dry_20and_20Sore_20Throat_20Syrup_20125ml_6c9704f9-a7ea-4056-8310-87bcc995e180.jpg,,,,,,,,,0,"HealthPlus Pharmacy","Benylin Children's Dry & Sore Throat Syrup 125ml","Benylin Children's Dry & Sore Throat Syrup 125ml",1,0
21060,simple,SKU-365817,,"Pocari Sweat Small Pet 350ml",1,0,visible,,"<p>Pocari Sweat is an ion Supply Drink designed to rapidly replenish water and ions lost preventing dehydration It helps maintain muscle and nerve functions to keep you performing at your best.</p>",,,none,,1,,,0,0,0,,,,1,,,1130,"Diet & Nutrition","brand, energy, healthplus\,, otc\,, pocari, support\,, sweat\,, top",,https://eutawpharmacycare.com/wp-content/uploads/2026/04/Pocari_20Sweat_20Small_20Pet_20350ml.jpg,,,,,,,,,0,"HealthPlus Pharmacy","Pocari Sweat Small Pet 350ml","Pocari Sweat Small Pet 350ml",1,0
21063,simple,SKU-365971,,"Accu-Chek Instant Strip X25",1,0,visible,,"<p>Accu-Chek Instant Blood Glucose Strips are specifically designed for use with the Accu-Chek Instant Blood Glucose Meter.They are used to measure and determine blood glucose levels accurately  and are  intended for self-testing, allowing users to monitor their blood glucose levels conveniently.</p>",,,none,,1,,,0,0,0,,,,1,,,15470,"Tests & Diagnostics","accu-chek\,, blood, glucose, healthplus\,, monitor\,, otc\,, others\,, weightloss",,https://eutawpharmacycare.com/wp-content/uploads/2026/04/Accu-Chek_20Instant_20Strip_20X25_cedc99bd-98fd-4c99-9359-55c45f694f2a.jpg,,,,,,,,,0,"HealthPlus Pharmacy","Accu-Chek Instant Strip X25","Accu-Chek Instant Strip X25",1,0
21066,simple,SKU-387190,,"Pure Essence Life Essence Women Multivitamin X120",1,0,visible,,"<p>LifeEssence Women is a comprehensive nutritional supplement designed to provide vitamins, minerals, organic SuperFoods. It enhance immune health, vision health, cellular health, and bone health.</p>",,,none,,1,,,0,0,0,,,,1,,,70190,Supplements,"&, brand\,, diet, essence\,, healthplus\,, nutrition\,, otc\,, pure, top, vitamins",,https://eutawpharmacycare.com/wp-content/uploads/2026/04/Pure_20Essence_20Life_20Essence_20Women_20Multivitamin_20X120_4c63db8c-153e-4a6c-bb1b-7fd34874bad0.jpg,,,,,,,,,0,"Pure Essence","Pure Essence Life Essence Women Multivitamin X120","Pure Essence Life Essence Women Multivitamin X120",1,0
21069,simple,SKU-SKU-NG-85599,,"Kiss Condom X3",1,0,visible,,"<p>KISS CONDOM X3 offers premium quality condoms with gentle lubrication for enhanced pleasure and sensitivity. They provide reliable protection without compromising intimate moments.</p>",,,none,,1,,,0,0,0,,,,1,,,580,"Sexual Health","condoms\,, contraceptives\,, family, healthplus\,, kiss\,, otc, planning\,",,https://eutawpharmacycare.com/wp-content/uploads/2026/04/Kiss_20Condom_20X3_5accae07-0fd0-4244-82ac-7becd50290bb.jpg,,,,,,,,,0,"DKT International","Kiss Condom X3","Kiss Condom X3",1,0
21072,simple,SKU-364736,,"Buscopan Ibs Relief 10Mg X20",1,0,visible,,"<p>Buscopan Tablets relieve abdominal cramps and discomfort by soothing muscles and promoting normal digestive function.</p>",,,none,,1,,,0,0,0,,,,1,,,24650,"Digestive Care","'-, buscopan\,, healthplus\,, management, otc\,, others, others\,, pain",,https://eutawpharmacycare.com/wp-content/uploads/2026/04/Buscopan_20Ibs_20Relief_2010Mg_20X20_e3247ee0-2a6c-47b0-8e45-d4c8c68129e6.jpg,,,,,,,,,0,Buscopan,"Buscopan Ibs Relief 10Mg X20","Buscopan Ibs Relief 10Mg X20",1,0
21075,simple,SKU-215411,,"Daravit Multivitamins X 30 Capsules",1,0,visible,,"<p>Daravit Capsules are enriched with a balanced blend of vital vitamins, essential minerals, which enhances overall vitality and increases cellular energy</p>",,,none,,1,,,0,0,0,,,,1,,,2680,Supplements,"brand, daravit\,, healthplus\,, immune, multivitamins\,, otc\,, support\,, top",,https://eutawpharmacycare.com/wp-content/uploads/2026/04/Daravit_20Multivitamins_20X_2030_20Capsules.jpg,,,,,,,,,0,Daravit,"Daravit Multivitamins X 30 Capsules","Daravit Multivitamins X 30 Capsules",1,0
21078,simple,SKU-338717,,"Shooot Condoms  Ribbed X 3",1,0,visible,,"<p>The Shooot Ribbed Condom is specially designed to enhance sexual sensation .</p>",,,none,,1,,,0,0,0,,,,1,,,1050,"Sexual Health","condoms\,, contraceptives\,, family, healthplus\,, otc\,, planning\,, shooot",,https://eutawpharmacycare.com/wp-content/uploads/2026/04/Shooot_20Condoms_20_20Ribbed_20X_203_ed1c11c8-b62e-4fcb-af8e-90624f9376b9.jpg,,,,,,,,,0,Shooot,"Shooot Condoms  Ribbed X 3","Shooot Condoms Ribbed X 3",1,0
21081,simple,SKU-110685,,"Biopentin (Gabapentin 300mg/Methylcobalamin 500mcg) x100 Tablets",1,0,visible,,"<p>Biopentin is effective in preventing pain responses associated with neuropathic pain, including postherpetic neuralgia ad other conditions</p>",,,none,,1,,,0,0,0,,,,1,,,39200,"Pain Management - Others","biopentin\,, healthplus\,, nerve, only, pain, prescription, treatment\,",,https://eutawpharmacycare.com/wp-content/uploads/2026/04/online-pharmacy-product-image-placeholder_92040b7d-81b5-4842-abc8-9ebe818320c8.png,,,,,,,,,0,Biopentin,"Biopentin (Gabapentin 300mg/Methylcobalamin 500mcg) x100 Tablets","Biopentin (Gabapentin 300mg/Methylcobalamin 500mcg) x100 Tablets",1,0
21084,simple,SKU-128457,,"E-Mal Arteether 50mg/2ml x3",1,0,visible,,"<p>Emal Arteether Injection 150mg/2ml is used in the treatment of malaria. .</p>",,,none,,1,,,0,0,0,,,,1,,,6640,Malaria,"brand, emal\,, healthplus\,, malaria, only\,, others\,, prescription, prevention\,, top, treatment\,",,https://eutawpharmacycare.com/wp-content/uploads/2026/04/online-pharmacy-product-image-placeholder_7844d70e-24f8-43ed-8a05-ad970da7a0f3.png,,,,,,,,,0,"HealthPlus Pharmacy","E-Mal Arteether 50mg/2ml x3","E-Mal Arteether 50mg/2ml x3",1,0
21087,simple,SKU-142931,,"Fidson Zetgel Emulgel Triple Action - 35g",1,0,visible,,"<p>Zetgel is an effective topical pain reliever ointment used to alleviate joint and muscle pain associated with conditions like osteoarthritis, rheumatoid arthritis, and other conditions.</p>",,,none,,1,,,0,0,0,,,,1,,,1710,Skincare,"'-, care, fidson\,, healthplus\,, joint, management, others\,, pain, pain\,, personal",,https://eutawpharmacycare.com/wp-content/uploads/2026/04/Zetgel_2035G_20X1_9d2a2cd0-5036-4b15-83cd-877bcb85fb6f.jpg,,,,,,,,,0,Fidson,"Fidson Zetgel Emulgel Triple Action - 35g","Fidson Zetgel Emulgel Triple Action - 35g",1,0
21090,simple,SKU-114713,,"Maxitrol Eye Drop 5ml",1,0,visible,,"<p>Maxitrol eye drops are  an antibiotic eyedrops</p>",,,none,,1,,,0,0,0,,,,1,,,9250,"Eye Care","'-, chronic, diseases, healthplus\,, maxitrol\,, only, others\,, prescription",,https://eutawpharmacycare.com/wp-content/uploads/2026/04/Maxitrol_20Eye_20Drop_205ml.jpg,,,,,,,,,0,"HealthPlus Pharmacy","Maxitrol Eye Drop 5ml","Maxitrol Eye Drop 5ml",1,0
21093,simple,SKU-229529,,"Ascorex 4Mg/5Ml Syrup",1,0,visible,,"<p>Ascorex is used to relieve symptoms of a productive cough associated with respiratory disorders such as bronchial asthma and other conditions.</p>",,,none,,1,,,0,0,0,,,,1,,,1640,"Allergies (Cough & Cold)","ascorex\,, brand, cough\,, healthplus\,, otc\,, others\,, top",,https://eutawpharmacycare.com/wp-content/uploads/2026/04/Ascorex_204Mg-5Ml_20Syrup_326a0776-8a07-4f04-a531-1a8ec954d65e.png,,,,,,,,,0,"HealthPlus Pharmacy","Ascorex 4Mg/5Ml Syrup","Ascorex 4Mg/5Ml Syrup",1,0
21096,simple,SKU-158274,,"May & Baker Paracetamol Syrup Pineapple Flavour 60ml",1,0,visible,,"<p>It effectively treats headaches, toothaches, and minor bodily aches.</p>",,,none,,1,,,0,0,0,,,,1,,,840,"Pain Management - Others","&, baker\,, children's, fevers\,, headache, health\,, healthplus\,, may, migraine\,, otc",,https://eutawpharmacycare.com/wp-content/uploads/2026/04/May_20and_20Baker_20Paracetamol_20Syrup_20Pineapple_20Flavour_2060ml_ca51f872-9e30-446a-b29a-1312a3fe391a.png,,,,,,,,,0,"HealthPlus Pharmacy","May & Baker Paracetamol Syrup Pineapple Flavour 60ml","May & Baker Paracetamol Syrup Pineapple Flavour 60ml",1,0
21099,simple,SKU-225198,,"Fiesta Extra Strong Condom X3",1,0,visible,,"<p>Fiesta Extra Strong Premium Condoms x3is used  for protection and additional sensation during intimacy.</p>",,,none,,1,,,0,0,0,,,,1,,,630,"Sexual Health","condoms\,, contraceptives\,, family, fiesta\,, healthplus\,, otc, planning\,",,https://eutawpharmacycare.com/wp-content/uploads/2026/04/Fiesta_20Extra_20Strong_20Condom_20X3_1e682332-b5a4-46a1-ba4b-f1cb1229219d.jpg,,,,,,,,,0,Fiesta,"Fiesta Extra Strong Condom X3","Fiesta Extra Strong Condom X3",1,0
21102,simple,SKU-236901,,"Proxeed Women Sachets x30",1,0,visible,,"<p>Proxeed Women is a  fertility supplement specifically formulated to support women in enhancing their fertility and reproductive health.</p>",,,none,,1,,,0,0,0,,,,1,,,164840,"Fertility Support","brand, fertility, healthplus\,, otc\,, sigma-tao\,, support\,, top",,https://eutawpharmacycare.com/wp-content/uploads/2026/04/Proxeed_20Women_20X_2030_62a4f851-7a06-41aa-96fa-fea25cab86df.jpg,,,,,,,,,0,Sigma-Tao,"Proxeed Women Sachets x30","Proxeed Women Sachets x30",1,0
21105,simple,SKU-261083,,"Bunto Multivitamin & Mineral Capsules X30",1,0,visible,,"<p>Bunto Multivitamin &amp; Mineral Capsule is helps address  vitamin deficiencies as well as in the treatment of aneamic conditions</p>",,,none,,1,,,0,0,0,,,,1,,,1100,Supplements,"brand\,, bunto\,, healthplus\,, multivitamins\,, otc\,, top, vitamins",,https://eutawpharmacycare.com/wp-content/uploads/2026/04/Bunto_20Multivitamin_20-_20Mineral_20Capsules_20X30_1c93d542-1705-4b3e-b6a9-ad093600a7c1.jpg,,,,,,,,,0,"HealthPlus Pharmacy","Bunto Multivitamin & Mineral Capsules X30","Bunto Multivitamin & Mineral Capsules X30",1,0
21108,simple,SKU-SKU-NG-91946,,"Mixtard 30 Flexpen 100IU/ml 3ml x5",1,0,visible,,"<p>Mixtard 30 Flexpen (3ml) combines insulin to manage blood sugar levels in people with type 1 and type 2 diabetes.</p>",,,none,,1,,,0,0,0,,,,1,,,14570,"Chronic Diseases","diabetes\,, healthplus\,, nordisk\,, novo, only, prescription",,https://eutawpharmacycare.com/wp-content/uploads/2026/04/Mixtard-30-Flexpen-100IU-ml-3ml-x5.jpg,,,,,,,,,0,"HealthPlus Pharmacy","Mixtard 30 Flexpen 100IU/ml 3ml x5","Mixtard 30 Flexpen 100IU/ml 3ml x5",1,0
21111,simple,SKU-365184,,"Alendronic Acid Relon Chem 70mg x4",1,0,visible,,"<p>Alendronic acid is prescribed to treat osteoporosis and other disease conditions</p>",,,none,,1,,,0,0,0,,,,1,,,7340,"Chronic Diseases","&, chem, children's, cold\,, cough, healthplus\,, only\,, osteoporosis\,, others\,, prescription, relon",,https://eutawpharmacycare.com/wp-content/uploads/2026/04/Alendronic-Acid-Relon-Chem-70mg-x4_273f1ded-5c9c-4b15-bede-06f67f69286c.jpg,,,,,,,,,0,"HealthPlus Pharmacy","Alendronic Acid Relon Chem 70mg x4","Alendronic Acid Relon Chem 70mg x4",1,0
21114,simple,SKU-137081,,"Babyrex Baby Mixture 126.1mg",1,0,visible,,"<p>It provides relief from symptoms associated with colds and flu, such as fever, cough, and runny nose.</p>",,,none,,1,,,0,0,0,,,,1,,,500,"Pain Management - Others","baby, babyrex\,, care\,, congestion\,, healthplus\,, nasal, otc",,https://eutawpharmacycare.com/wp-content/uploads/2026/04/online-pharmacy-product-image-placeholder_329669f7-f469-4884-8411-91ea0604ee2b.png,,,,,,,,,0,"HealthPlus Pharmacy","Babyrex Baby Mixture 126.1mg","Babyrex Baby Mixture 126.1mg",1,0
21117,simple,SKU-142930,,"Chemiron Blood tonic 200ml",1,0,visible,,"<p>Boost your vitality with Chemiron Blood Tonic! This powerful liquid supplement is specially formulated to support healthy blood production and enhance overall well-being. Enriched with iron, vitamins, and essential nutrients, it helps combat fatigue and improve energy levels, making it an ideal choice for those feeling tired or low on energy. With its easy-to-take liquid form, Chemiron ensures optimal absorption, so you can feel your best every day. <br>\n Perfect for individuals looking to support their iron levels, this tonic promotes a healthier lifestyle and revitalizes your body from within. Experience the benefits of Chemiron Blood Tonic today!</p>",,,none,,1,,,0,0,0,,,,1,,,1670,Supplements,"brand, chemiron\,, healthplus\,, hematinics\,, otc\,, top",,https://eutawpharmacycare.com/wp-content/uploads/2026/04/Blood_20tonic_20Chemiron_20200ml_635b80ab-967e-44ac-9ff8-b08c38f86b07.jpg,,,,,,,,,0,"HealthPlus Pharmacy","Chemiron Blood tonic 200ml","Chemiron Blood tonic 200ml",1,0
21120,simple,SKU-126224,,"Zyncet Cetrizine Syrup 5mg/5ml",1,0,visible,,"<p>Zyncet Cetirizine Syrup is your reliable solution for allergy relief! Formulated with 5mg of cetirizine per 5ml, this effective syrup alleviates symptoms of hay fever, seasonal allergies, and cold-related discomfort.<br>\n Its fast-acting formula helps reduce sneezing, itching, runny nose, and watery eyes, making it ideal for both children and adults. With a pleasant taste and easy dosing, Zyncet provides soothing relief so you can enjoy life without allergy interruptions. Keep Zyncet Cetirizine Syrup on hand for quick, effective relief whenever you need it!</p>",,,none,,1,,,0,0,0,,,,1,,,4660,"Allergies (Cough & Cold)","&, children's, cold\,, cough, health\,, healthplus\,, otc\,, unichem",,https://eutawpharmacycare.com/wp-content/uploads/2026/04/Cetrizine_20_28Zyncet_29_205mg-5ml_20x1_276f8cbf-c75d-4475-94cb-c13953c18ca3.jpg,,,,,,,,,0,"HealthPlus Pharmacy","Zyncet Cetrizine Syrup 5mg/5ml","Zyncet Cetrizine Syrup 5mg/5ml",1,0
21123,simple,SKU-110465,,"Ciloxan Drops 0.3% 5ml",1,0,visible,,"<p>Ciloxan Drops are a powerful solution for treating eye infections! Formulated with 0.3% ciprofloxacin, these antibacterial drops effectively combat bacterial conjunctivitis and corneal ulcers.<br>\n Designed for easy application, Ciloxan provides targeted relief, helping to reduce redness, swelling, and discomfort. Perfect for individuals seeking fast-acting, reliable treatment for their eye conditions, these drops promote healing and restore comfort to your eyes. Keep Ciloxan Drops on hand for quick relief and to maintain healthy vision!</p>",,,none,,1,,,0,0,0,,,,1,,,7090,"Chronic Diseases","alcori\,, care\,, eye, healthplus\,, only, prescription",,https://eutawpharmacycare.com/wp-content/uploads/2026/04/Ciloxan_20Drops_200.3-_205ml.jpg,,,,,,,,,0,"HealthPlus Pharmacy","Ciloxan Drops 0.3% 5ml","Ciloxan Drops 0.3% 5ml",1,0
21126,simple,SKU-345693,,"Gaviscon Peppermint 200ml",1,0,visible,,"<p>- For the relief of heartburn and indigestion due to gastric reflux.<br>\n- Relieves in just 3 minutes.<br>\n- Long-lasting relief up to 4 hours.<br>\nGaviscon Peppermint Liquid Relief brings fast, soothing and long lasting relief from the pain and discomfort of heartburn and acid indigestion. It can be used to treat gastric reflux (a condition in which the acid stomach contents flow upwards into the foodpipe) and flatulence caused by gastric reflux.</p>",,,none,,1,,,0,0,0,,,,1,,,12750,"Allergies (Cough & Cold)","antacids\,, gaviscon\,, healthcare, healthplus\,, otc, seller\,, top",,https://eutawpharmacycare.com/wp-content/uploads/2026/04/Gaviscon_20Peppermint_20200ml.jpg,,,,,,,,,0,"Reckitt Benckiser","Gaviscon Peppermint 200ml","Gaviscon Peppermint 200ml",1,0
21129,simple,SKU-215739,,"Woodward's Gripe Water 100ml",1,0,visible,,"<p>Woodward's Gripe Water relieves pain and reduces stomach bubbles caused by trapped air in babies, providing quick comfort and easing discomfort.</p>",,,none,,1,,,0,0,0,,,,1,,,2160,"Digestive Care","healthplus\,, otc\,, others\,, woodward",,https://eutawpharmacycare.com/wp-content/uploads/2026/04/Woodward_27s_20Gripe_20Water_20-_20100ml_69742540-1a7a-498b-acb6-a2eba1e47ef0.png,,,,,,,,,0,"HealthPlus Pharmacy","Woodward's Gripe Water 100ml","Woodward's Gripe Water 100ml",1,0
21132,simple,SKU-216034,,"Supermag Antacid Suspension 100ml",1,0,visible,,"<p>Experience quick and effective relief from heartburn, acid reflux, and indigestion with Supermag Antacid Suspension 100ml. This gentle yet powerful formula neutralizes excess stomach acid, providing instant comfort.<br>\n Enriched with magnesium and other soothing ingredients, Supermag helps alleviate discomfort while promoting digestive health. Ideal for those who seek fast relief without harsh side effects, this easy-to-take suspension ensures you can enjoy your meals worry-free. Choose Supermag Antacid Suspension for a calm and comfortable stomach!</p>",,,none,,1,,,0,0,0,,,,1,,,820,"Digestive Care","antacids\,, healthplus\,, mopson\,, otc",,https://eutawpharmacycare.com/wp-content/uploads/2026/04/Supermag_20Antacid_20Suspension_20100ml.png,,,,,,,,,0,"HealthPlus Pharmacy","Supermag Antacid Suspension 100ml","Supermag Antacid Suspension 100ml",1,0
21135,simple,SKU-215401,,"Vigor Chocolate x1",1,0,visible,,"<p>Vigor Chocolate provides antioxidants, boosts mood, supports heart health, enhances energy, sharpens focus, and helps reduce stress.</p>",,,none,,1,,,0,0,0,,,,1,,,4130,"Libido Enhancer","healthcare, healthplus\,, otc\,, others\,, seller\,, top, vigor",,https://eutawpharmacycare.com/wp-content/uploads/2026/04/Vigor_20Chocolate_20a_20bar_ffc0a711-149b-4e96-b00d-d14ab2394878.png,,,,,,,,,0,"HealthPlus Pharmacy","Vigor Chocolate x1","Vigor Chocolate x1",1,0
21138,simple,SKU-152493,,"Meprasil Omeprazole 20mg x200",1,0,visible,,"<p>Meprasil contains Omeprazole which is a medication used to treat the symptoms of GERD and other illnesses caused by too much stomach acid. It's also used to help with erosive esophagitis recovery (damage to your esophagus caused by stomach acid).</p>",,,none,,1,,,0,0,0,,,,1,,,13710,"Digestive Care","fidson\,, healthplus\,, only\,, others\,, prescription, ulcer",,https://eutawpharmacycare.com/wp-content/uploads/2026/04/online-pharmacy-product-image-placeholder_e0028250-0cf3-4962-a0d6-1e669ff041ed.png,,,,,,,,,0,"HealthPlus Pharmacy","Meprasil Omeprazole 20mg x200","Meprasil Omeprazole 20mg x200",1,0
21141,simple,SKU-117982,,"Panadol Extra 500mg/30mg x100",1,0,visible,,"<p>Panadol Extra Tablets are formulated to provide effective pain relief and help to reduce fever. Panadol Extra Tablets contain caffeine which acts to further amplify the pain relieving effect of paracetamol.</p>",,,none,,1,,,0,0,0,,,,1,,,6800,"Fevers, Headache & Migraine","'-, brand, glaxosmithkline\,, healthcare, healthplus\,, management, otc\,, others\,, pain, seller\,, top",,https://eutawpharmacycare.com/wp-content/uploads/2026/04/Panadol_20Extra_20500mg-30mg_20x100_3f6d3289-b5c8-42d0-b63f-9db6c67d24cb.png,,,,,,,,,0,"HealthPlus Pharmacy","Panadol Extra 500mg/30mg x100","Panadol Extra 500mg/30mg x100",1,0
21144,simple,SKU-109716,,"Aldactone Spironolactone 25mg x100",1,0,visible,,"<p>Aldactone is used for the treatment of high blood pressure and heart failure. Lowering high blood pressure helps prevent strokes, heart attacks, and kidney problems. This is a pack containing 10 Blisters of the drug.</p>",,,none,,1,,,0,0,0,,,,1,,,33340,Hypertension,"antihypertensive\,, healthplus\,, only, pfizer\,, prescription",,https://eutawpharmacycare.com/wp-content/uploads/2026/04/Aldactone_20Spironolactone_2025mg_20x100_6ded8441-4ba0-400b-9d53-d891e79b6a45.jpg,,,,,,,,,0,Pfizer,"Aldactone Spironolactone 25mg x100","Aldactone Spironolactone 25mg x100",1,0
21147,simple,SKU-132399,,"Amlovar Amlodipine 10mg x100",1,0,visible,,"<p>Amlovar Amlodipine is a calcium channel blocker that dilates (widens) blood vessels and improves blood flow. Norvasc is used to treat chest pain (angina) and other conditions caused by coronary artery disease. It is also used to treat high blood pressure (hypertension). This is a pack containing 10 blisters.</p>",,,none,,1,,,0,0,0,,,,1,,,7670,Antihypertensive,"healthplus\,, hypertension\,, only, pfizer\,, prescription",,https://eutawpharmacycare.com/wp-content/uploads/2026/04/Amlovar_2010mg_20x10_20Tabs.jpg,,,,,,,,,0,"HealthPlus Pharmacy","Amlovar Amlodipine 10mg x100","Amlovar Amlodipine 10mg x100",1,0
21150,simple,SKU-344744,,"Emgyl Metronidazole 400mg x100",1,0,visible,,"<p>Emgyl is an antibiotic that is used to treat a wide variety of infections. It works by stopping the growth of certain bacteria and parasites.This antibiotic treats only certain bacterial and parasitic infections</p>",,,none,,1,,,0,0,0,,,,1,,,3170,Infections,"antibiotics\,, emzor\,, healthplus\,, only, others\,, prescription",,https://eutawpharmacycare.com/wp-content/uploads/2026/04/Emgyl_20Metronidazole_20400mg_20x100_54d57457-a386-4f05-8826-d9af98f18598.jpg,,,,,,,,,0,Emzor,"Emgyl Metronidazole 400mg x100","Emgyl Metronidazole 400mg x100",1,0
21153,simple,SKU-123326,,"Dalacin-C Clindamycin 150mg x100 Blister Pack",1,0,visible,,"<p>Clindamycin is a lincosamide antibiotic, and is used in the treatment of bacterial or other infections caused by microorganisms. The drug is mainly used to treat oral infections, dental diseases, abscesses, deep wounds, and bone infections.</p>",,,none,,1,,,0,0,0,,,,1,,,48240,Infections,"antibiotics\,, healthplus\,, only, others\,, pfizer\,, prescription",,https://eutawpharmacycare.com/wp-content/uploads/2026/04/Dalacin-C_20Clindamycin_20150mg_20x100_20Blister_20Pack_06e8d31c-a73a-4f2d-a54c-22c6f6462b1c.jpg,,,,,,,,,0,"HealthPlus Pharmacy","Dalacin-C Clindamycin 150mg x100 Blister Pack","Dalacin-C Clindamycin 150mg x100 Blister Pack",1,0
21156,simple,SKU-110550,,"Lonart 20/120 Oral Suspension 60ml",1,0,visible,,"<p>Lonart Suspension is used to treat acute and uncomplicated malarial infections in patients weighing 5 kg (11 lb) and above.</p>",,,none,,1,,,0,0,0,,,,1,,,3840,Malaria,"healthplus\,, lonart\,, malaria, only, others\,, prescription, treatment\,",,https://eutawpharmacycare.com/wp-content/uploads/2026/04/Lonart_2020-120_20Oral_20Suspension_2060ml_1af0946c-2b45-4e72-869f-0d1cb48ed10f.jpg,,,,,,,,,0,"Bliss GVS","Lonart 20/120 Oral Suspension 60ml","Lonart 20/120 Oral Suspension 60ml",1,0
21159,simple,SKU-347374,,"Anorol 485mg x100",1,0,visible,,"<p>Anorol tablet is used for the relief of mild to moderate musculoskeletal pain. Anorol contains Orphenadrine and Paracetamol as active ingredients.</p>",,,none,,1,,,0,0,0,,,,1,,,6900,"Pain Management - Others","healthplus\,, hovid\,, muscle, only, others\,, pain\,, prescription",,https://eutawpharmacycare.com/wp-content/uploads/2026/04/Anorol_20485mg_20x100_e5df38a4-4abb-4237-adca-ecea852b9e65.jpg,,,,,,,,,0,Hovid,"Anorol 485mg x100","Anorol 485mg x100",1,0
21162,simple,SKU-110339,,"Cataflam Diclofenac 50mg x100 Blister Pack",1,0,visible,,"<p>- It is used to treat mild to moderate pain or signs and symptoms of osteoarthritis or rheumatoid arthritis.<br>\n- Cataflam is used to relieve pain and inflammation</p>\n\n<p>Cataflam (Diclofenac) is a nonsteroidal anti-inflammatory drug (NSAID). Diclofenac is used to relieve pain and swelling (inflammation) from various mild to moderate painful conditions. It is used to treat muscle aches, backaches, dental pain, menstrual cramps, and sports injuries. It also reduces pain, swelling, and joint stiffness caused by arthritis.</p>",,,none,,1,,,0,0,0,,,,1,,,44750,Anti-inflammatory,"'-, healthplus\,, joint, management, novartis\,, otc\,, others, pain, pain\,",,https://eutawpharmacycare.com/wp-content/uploads/2026/04/Cataflam_20_28Diclofenac_29_2050mg_20Tabs_20Blister_20x10_f6b44d03-beb8-47b4-a10f-5d259e5ad5fe.jpg,,,,,,,,,0,"HealthPlus Pharmacy","Cataflam Diclofenac 50mg x100 Blister Pack","Cataflam Diclofenac 50mg x100 Blister Pack",1,0
21165,simple,SKU-110502,,"Dolo-Meta B 50mg x100",1,0,visible,,"<p>- Relieves pain, reduce swelling and ease inflammation in conditions affecting the joints, muscles<br>\nand tendons<br>\n- Relieves painful conditions resulting from trauma, including fracture, sprains, strains, dislocations etc<br>\nDolo-Meta B is one of a group of medicines called Non-steroidal anti-inflammatory drugs (NSAIDs). NSAIDs reduce pain and inflammation. It also provides effective relief from back pain, sprains and strains, dental and joint pains.</p>",,,none,,1,,,0,0,0,,,,1,,,6850,Anti-inflammatory,"'-, healthplus\,, joint, management, only\,, others\,, pain, pain\,, pharma, prescription, vixa",,https://eutawpharmacycare.com/wp-content/uploads/2026/04/DOLO-META_20B_2050mg_20x100_5f360afb-c10b-4ae4-acd4-f3a2e64b0fe4.jpg,,,,,,,,,0,"HealthPlus Pharmacy","Dolo-Meta B 50mg x100","Dolo-Meta B 50mg x100",1,0
21168,simple,SKU-261330,,"Dolo-Meta B-Forte x100",1,0,visible,,"<p>- Relieves pain, reduce swelling and ease inflammation in conditions affecting the joints, muscles<br>\nand tendons<br>\n- Relieves painful conditions resulting from trauma, including fracture, sprains, strains, dislocations etc<br>\nDolo-Meta B is one of a group of medicines called Non-steroidal anti-inflammatory drugs (NSAIDs). NSAIDs reduce pain and inflammation. It also provides effective relief from back pain, sprains and strains, dental and joint pains.</p>",,,none,,1,,,0,0,0,,,,1,,,6500,Anti-inflammatory,"'-, healthplus\,, management, only\,, others\,, pain, pharma, prescription, vixa",,https://eutawpharmacycare.com/wp-content/uploads/2026/04/Dolo_20Meta_20B_20Forte_20X100_e100292e-5683-4d30-823a-e88e8ffbe83b.jpg,,,,,,,,,0,"HealthPlus Pharmacy","Dolo-Meta B-Forte x100","Dolo-Meta B-Forte x100",1,0
21171,simple,SKU-SKU-NG-85345,,"Vitabiotics Cardioace Heart Support x30",1,0,visible,,"<p>- Supports cardiovascular health<br>\n- Maintains normal circulation<br>\n- Maintenance of normal red blood cell formation</p>",,,none,,1,,,0,0,0,,,,1,,,20650,Supplements,"&, diet, healthplus\,, heart, nutrition\,, otc\,, others\,, support\,, vitabiotics",,https://eutawpharmacycare.com/wp-content/uploads/2026/04/Vitabiotics_20Cardioace_20Original_20x30_20Tablets.jpg,,,,,,,,,0,"HealthPlus Pharmacy","Vitabiotics Cardioace Heart Support x30","Vitabiotics Cardioace Heart Support x30",1,0
21174,simple,SKU-110336,,"Arthrotec 75mg (Diclofenac/Misoprostol) Tabs x100",1,0,visible,,"<p>Arthrotec 75 is used to reduce pain, swelling, and joint stiffness from arthritis. It contains Diclofenac a known nonsteroidal anti-inflammatory drug (NSAID) and Misoprostol which protects the stomach from diclofenac's irritating effects.<br>\n This combination medication is used to treat arthritis in people at high risk of getting stomach/intestinal ulcers and complications from the ulcers (such as bleeding).</p>",,,none,,1,,,0,0,0,,,,1,,,34990,Anti-inflammatory,"'-, healthplus\,, management, otc\,, others\,, pain, pfizer",,https://eutawpharmacycare.com/wp-content/uploads/2026/04/Arthrotec_2075mg_20_28Diclofenac-Misoprostol_29_20Tabs_20Blister_20x10_2f21ed4d-5f19-4385-a36c-1d9eca529a88.jpg,,,,,,,,,0,"HealthPlus Pharmacy","Arthrotec 75mg (Diclofenac/Misoprostol) Tabs x100","Arthrotec 75mg (Diclofenac/Misoprostol) Tabs x100",1,0
21177,simple,SKU-240643,,"Adalat LA 30 mg x30",1,0,visible,,"<p>Adalat LA is used to treat high blood pressure or angina (chest pain). It works by relaxing and expanding the blood vessels. This makes the blood flow more easily and lowers blood pressure.</p>",,,none,,1,,,0,0,0,,,,1,,,15840,Hypertension,"antihypertensive\,, bayer\,, healthplus\,, only, prescription",,https://eutawpharmacycare.com/wp-content/uploads/2026/04/Adalat_20LA_2030_20mg_20x30_d6d27908-bdf7-4491-a898-086905d62f95.jpg,,,,,,,,,0,"HealthPlus Pharmacy","Adalat LA 30 mg x30","Adalat LA 30 mg x30",1,0
21180,simple,SKU-125450,,"Emmox (Amoxicillin) 500mg Capsules x100",1,0,visible,,"<p>Emmox 500mg is used to treat a wide variety of bacterial infections. This medication is a penicillin-type antibiotic. It works by stopping the growth of bacteria.</p>",,,none,,1,,,0,0,0,,,,1,,,12600,Infections,"antibiotics\,, emzor\,, healthplus\,, only, others\,, prescription",,https://eutawpharmacycare.com/wp-content/uploads/2026/04/Amoxicillin_20_28Emmox_29_20500Mg_20X100_f74ba687-1cad-4372-96c6-c5beb2c2f7b9.png,,,,,,,,,0,Emzor,"Emmox (Amoxicillin) 500mg Capsules x100","Emmox (Amoxicillin) 500mg Capsules x100",1,0
21183,simple,SKU-336927,,"Lemsip Max Day and Night Capsules x16",1,0,visible,,"<p>- For the symptomatic relief of colds and flu<br>\n- Helps with reducing fever and body aches<br>\n- Helps treat headaches, blocked nose and sore throat</p>",,,none,,1,,,0,0,0,,,,1,,,21090,Cold,"benckiser, congestion\,, healthplus\,, nasal, otc\,, reckitt",,https://eutawpharmacycare.com/wp-content/uploads/2026/04/Lemsip_20Max_20Day_20and_20Night_20Capsules_20x16_2f6abd67-9ae4-492a-99b5-5f4e122c0cef.jpg,,,,,,,,,0,"HealthPlus Pharmacy","Lemsip Max Day and Night Capsules x16","Lemsip Max Day and Night Capsules x16",1,0
21186,simple,SKU-344493,,"Efalex Brain Formula Capsules x 60",1,0,visible,,"<p>- Supports normal brain function<br>\n- Contribute to the normal function of the heart<br>\n- Contributes to the protection of cells from oxidative stress</p>",,,none,,1,,,0,0,0,,,,1,,,18010,Supplements,"brain, efalex\,, family, Health, health\,, healthplus\,, kid's, support\,",,https://eutawpharmacycare.com/wp-content/uploads/2026/04/pusfzq4pdn8hfbjer4sy.jpg,,,,,,,,,0,Efalex,"Efalex Brain Formula Capsules x 60","Efalex Brain Formula Capsules x 60",1,0
21189,simple,SKU-238891,,"Ashton & Parsons Powders x20",1,0,visible,,"<p>- Traditional herbal medicinal product used for the teething pain relief <br>\n- Suitable for babies and infants over 3 months of age</p>",,,none,,1,,,0,0,0,,,,1,,,18150,"Mother & Child","&, ashton, children's, healthplus\,, management\,, otc, pain, parsons\,",,https://eutawpharmacycare.com/wp-content/uploads/2026/04/Ashton_20-_20Parsons_20Powders_20x20_8b38eea2-73e9-4580-bd6e-34949c55d1bc.jpg,,,,,,,,,0,"HealthPlus Pharmacy","Ashton & Parsons Powders x20","Ashton & Parsons Powders x20",1,0
21192,simple,SKU-254265,,"Advantec 16 mg/12.5 mg x28",1,0,visible,,"<p>Advantec 16 mg/12.5 mg is used to treat high blood pressure.</p>",,,none,,1,,,0,0,0,,,,1,,,10000,"Chronic Diseases","antihypertensive\,, getz, healthplus\,, hypertension\,, only, pharma\,, prescription",,https://eutawpharmacycare.com/wp-content/uploads/2026/04/Advantec_2016_20mg-12.5_20mg_20x28_53a95246-fb12-43a2-95b7-6ec6b19af6d2.jpg,,,,,,,,,0,"HealthPlus Pharmacy","Advantec 16 mg/12.5 mg x28","Advantec 16 mg/12.5 mg x28",1,0
21195,simple,SKU-147399,,"Ocefix Cefixime 200mg x10",1,0,visible,,"<p>Ocefix Cefixime 200 mg is an antibiotic used to treat bacterial infections .</p>",,,none,,1,,,0,0,0,,,,1,,,5000,"Chronic Diseases","antibiotics\,, healthplus\,, infections\,, only\,, prescription, swipha",,https://eutawpharmacycare.com/wp-content/uploads/2026/04/Cefixime_20Ocefix_20200mg_20x10_3dccfcc0-7267-4c9b-8f42-bb83abc302c0.jpg,,,,,,,,,0,"HealthPlus Pharmacy","Ocefix Cefixime 200mg x10","Ocefix Cefixime 200mg x10",1,0
21198,simple,SKU-114709,,"Keppra Levetiracetam 500mg x60",1,0,visible,,"<p>Keppra Levetiracetam 500 mg is an anticonvulsant used to treat epilepsy amongst other conditions..</p>",,,none,,1,,,0,0,0,,,,1,,,47560,"Chronic Diseases","glaxosmithkline\,, healthplus\,, only, others\,, prescription",,https://eutawpharmacycare.com/wp-content/uploads/2026/04/Keppra_20Levetiracetam_20500mg_20x60_3f38a060-8403-4c36-9ac5-f50c367c6da4.jpg,,,,,,,,,0,"HealthPlus Pharmacy","Keppra Levetiracetam 500mg x60","Keppra Levetiracetam 500mg x60",1,0
21201,simple,SKU-228343,,"Olfen-50 Diclofenac 50mg x20",1,0,visible,,"<p>Olfen-50 (Diclofenac) 50 mg is a nonsteroidal anti-inflammatory drug (NSAID) used to relieve pain and reduce inflammation.</p>",,,none,,1,,,0,0,0,,,,1,,,4100,"Chronic Diseases","'-, acino\,, healthplus\,, management, only, others\,, pain, prescription",,https://eutawpharmacycare.com/wp-content/uploads/2026/04/Olfen-50_20Diclofenac_2050mg_20x20_d298c789-aa5b-4556-b7b9-c465677ce274.png,,,,,,,,,0,"HealthPlus Pharmacy","Olfen-50 Diclofenac 50mg x20","Olfen-50 Diclofenac 50mg x20",1,0
21204,simple,SKU-265023,,"P-Alaxin TS Dihydroartemisin + Piperaquine Phoshate 120/960mg x3",1,0,visible,,"<p>P-Alaxin is a combination medication containing dihydroartemisinin and piperaquine phosphate, used to treat malaria.</p>",,,none,,1,,,0,0,0,,,,1,,,2170,Malaria,"bliss, gvs\,, healthplus\,, malaria, only, others\,, prescription, treatment\,",,https://eutawpharmacycare.com/wp-content/uploads/2026/04/P-Alaxin_20Dihydroartemisin-Piperaquine_20Phoshate_20120-960mg_20x3_47eda9cc-3af8-411d-8919-4f0e4ed00d22.jpg,,,,,,,,,0,"HealthPlus Pharmacy","P-Alaxin TS Dihydroartemisin + Piperaquine Phoshate 120/960mg x3","P-Alaxin TS Dihydroartemisin + Piperaquine Phoshate 120/960mg x3",1,0
21207,simple,SKU-177483,,"DGF Gentamicin skin Ointment 15g",1,0,visible,,"<p>Gentamicin Sulfate Cream is an antibiotic cream used topically.</p>",,,none,,1,,,0,0,0,,,,1,,,870,Skincare,"allergies\,, antibiotics\,, brand, dgf\,, healthplus\,, otc\,, other, top",,https://eutawpharmacycare.com/wp-content/uploads/2026/04/DGF_20Gentamicin_20skin_20Ointment_2015g_2b81fb33-918b-4df8-b62d-e9b15f312996.jpg,,,,,,,,,0,DGF,"DGF Gentamicin skin Ointment 15g","DGF Gentamicin skin Ointment 15g",1,0
21210,simple,SKU-271355,,"Ovumine 50 Clomiphene 50Mg X10",1,0,visible,,"<p>Ovumine 50 is a prescription medication used specifically to treat anovulation a,mongst other conditions</p>",,,none,,1,,,0,0,0,,,,1,,,5550,"Chronic Diseases","50\,, fertility, healthplus\,, only, ovumine, prescription, therapy\,",,https://eutawpharmacycare.com/wp-content/uploads/2026/04/Clomiphen_20_28Ovumine_2050_29_2050Mg_20X10_e85201ef-8a92-438f-b0ea-a17cb33dc83c.jpg,,,,,,,,,0,"HealthPlus Pharmacy","Ovumine 50 Clomiphene 50Mg X10","Ovumine 50 Clomiphene 50Mg X10",1,0
21213,simple,SKU-284716,,"Panadol Night X24 Tablets",1,0,visible,,"<p>It provides rapid relief from headaches, migraines, tension headaches, toothaches, backaches, rheumatic and muscle pain</p>",,,none,,1,,,0,0,0,,,,1,,,21170,"Pain Management - Others","&, brand, fevers\,, headache, healthplus\,, migraine\,, otc\,, panadol\,, relief\,, stress, top",,https://eutawpharmacycare.com/wp-content/uploads/2026/04/Panadol_20Night_20X24_20Tablets.jpg,,,,,,,,,0,Panadol,"Panadol Night X24 Tablets","Panadol Night X24 Tablets",1,0
21216,simple,SKU-215423,,"Nectallin Cough Syrup 100ml",1,0,visible,,"<p>Nectallin Cough Syrup 100ml helps effectively combat coughs, colds, allergies, and other discomforts.</p>",,,none,,1,,,0,0,0,,,,1,,,1460,"Allergies (Cough & Cold)","cough\,, healthplus\,, nectallin\,, otc\,, others",,https://eutawpharmacycare.com/wp-content/uploads/2026/04/Cough_20Syrup_20_28Nectallin_29_20100Ml_20X1_f91e9b36-ace2-42fd-9611-fbab68a30b2e.jpg,,,,,,,,,0,"HealthPlus Pharmacy","Nectallin Cough Syrup 100ml","Nectallin Cough Syrup 100ml",1,0
21219,simple,SKU-165437,,"Fidson Vitamin C Syrup 100mg/5ml",1,0,visible,,"<p>- It helps promote wound healing and boost immunity</p>",,,none,,1,,,0,0,0,,,,1,,,900,Supplements,"c\,, fidson\,, healthplus\,, otc\,, vitamin, vitamins",,https://eutawpharmacycare.com/wp-content/uploads/2026/04/Fidson_20Vitamin_20C_20Syrup_20100mg-5ml_3389f90f-c206-4f7d-87bd-14317afaf1ae.png,,,,,,,,,0,"HealthPlus Pharmacy","Fidson Vitamin C Syrup 100mg/5ml","Fidson Vitamin C Syrup 100mg/5ml",1,0
21222,simple,SKU-387178,,"Teva Telmisartan 40mg x28",1,0,visible,,"<p>- Effectively lowers high blood pressure<br>\n- relaxes blood vessels<br>\n- Provides cardiovascular protection.</p>",,,none,,1,,,0,0,0,,,,1,,,6750,Antihypertensive,"healthplus\,, heart, only\,, others\,, prescription, support\,, teva",,https://eutawpharmacycare.com/wp-content/uploads/2026/04/online-pharmacy-product-image-placeholder_da63b5a1-f93f-45e2-80b0-9a363822d3b8.png,,,,,,,,,0,"HealthPlus Pharmacy","Teva Telmisartan 40mg x28","Teva Telmisartan 40mg x28",1,0
21225,simple,SKU-235131,,"Fidson Ferobin Plus 200ml",1,0,visible,,"<p>Ferobin Blood Tonic is a supplement designed to support red blood cell formation and treat anemia. It contains vitamins and minerals that aid in creating healthy red blood cells, improving oxygen delivery throughout the body.</p>",,,none,,1,,,0,0,0,,,,1,,,2700,Supplements,"brand, fidson\,, healthplus\,, hematinics\,, otc\,, top",,https://eutawpharmacycare.com/wp-content/uploads/2026/04/Fidson_20Ferobin_20Plus_20200ml_09c3ee7a-8f53-4212-9685-61f94a17ce8e.png,,,,,,,,,0,"HealthPlus Pharmacy","Fidson Ferobin Plus 200ml","Fidson Ferobin Plus 200ml",1,0
21228,simple,SKU-365559,,"Benylin Infant's Cough 125ml",1,0,visible,,"<p>Benylin Infant’s Cough Syrup is formulated with glycerol and is free from sugar. It helps against Coughing in children, which typically begins due to inflammation or irritation in their respiratory passages.</p>",,,none,,1,,,0,0,0,,,,1,,,7880,"Allergies (Cough & Cold)","&, benylin\,, children's, cold\,, cough, health\,, healthplus\,, otc",,https://eutawpharmacycare.com/wp-content/uploads/2026/04/Benylin_20Infant_27s_20Cough_20Syrup_20125ml.jpg,,,,,,,,,0,Benylin,"Benylin Infant's Cough 125ml","Benylin Infant's Cough 125ml",1,0
21231,simple,SKU-365017,,"Gold Collagen Forte 40+ Multivitamin Liquid 50ml",1,0,visible,,"<p>Gold Collagen® Forte is a liquid supplement designed for women over 40. It targets aging skin concerns by providing 2x more hyaluronic acid for hydration, collagen for elasticity, and antioxidants for protection against oxidative stress.<br>\n With daily use, it helps reduce wrinkles, improve skin suppleness, and promote healthier hair and nails.</p>",,,none,,1,,,0,0,0,,,,1,,,13230,Supplements,"&, beauty, brand, collagen, forte\,, gold, grooming\,, hair\,, healthplus\,, nails\,, otc\,, skin, top",,https://eutawpharmacycare.com/wp-content/uploads/2026/04/Gold_20Collagen_20Forte_2040_2B_20Multivitamin_20Liquid_2050ml_40465865-a3d5-460c-b5d5-298827ee7666.jpg,,,,,,,,,0,"Gold Collagen","Gold Collagen Forte 40+ Multivitamin Liquid 50ml","Gold Collagen Forte 40+ Multivitamin Liquid 50ml",1,0
21234,simple,SKU-268946,,"Antalgex-T 362.50mg x20",1,0,visible,,"<p>Antalgex-T 362.50mg is a medication that contains a combination of ingredients, often including an analgesic (pain reliever) and sometimes other substances like muscle relaxants or anti-inflammatory agents.</p>",,,none,,1,,,0,0,0,,,,1,,,10670,"Pain Management - Others","healthplus\,, nil\,, only, others\,, prescription",,https://eutawpharmacycare.com/wp-content/uploads/2026/04/online-pharmacy-product-image-placeholder_e7eb1a65-3fa6-4467-a040-cffc966af2e9.png,,,,,,,,,0,"HealthPlus Pharmacy","Antalgex-T 362.50mg x20","Antalgex-T 362.50mg x20",1,0
21237,simple,SKU-137500,,"Clotriderm Clotrimazole 1%",1,0,visible,,"<p>Clotriderm is a broad-spectrum antifungal cream designed to treat a range of skin infections, including athlete's foot, jock itch, ringworm, rashes, and other fungal infections such as candidiasis.</p>",,,none,,1,,,0,0,0,,,,1,,,1000,Antifungal,"fidson\,, healthplus\,, infections\,, otc",,https://eutawpharmacycare.com/wp-content/uploads/2026/04/Clotriderm_20Clotrimazole_201.png,,,,,,,,,0,"HealthPlus Pharmacy","Clotriderm Clotrimazole 1%","Clotriderm Clotrimazole 1%",1,0
21240,simple,SKU-225235,,"Shaltoux Cough Syrup",1,0,visible,,"<p>- Effective for bronchial asthma, emphysema, acute and chronic bronchitis<br>\n- Helps alleviate broncho-spastic conditions linked to mucus secretion</p>",,,none,,1,,,0,0,0,,,,1,,,1360,Cough,"brand, healthplus\,, otc\,, others\,, shaltoux\,, top",,https://eutawpharmacycare.com/wp-content/uploads/2026/04/online-pharmacy-product-image-placeholder_751ad8c1-6d75-466f-a35c-ff8f2eeb08a6.png,,,,,,,,,0,"HealthPlus Pharmacy","Shaltoux Cough Syrup","Shaltoux Cough Syrup",1,0
21243,simple,SKU-136949,,"Maldox 500/25mg x3",1,0,visible,,"<p>Maldox Tablet is used for the intermittent preventive treatment of malaria in pregnant women during their first and second trimesters, as part of antenatal care.</p>",,,none,,1,,,0,0,0,,,,1,,,660,Malaria,"&, breastfeeding, emzor\,, healthplus\,, otc\,, pregnancy",,https://eutawpharmacycare.com/wp-content/uploads/2026/04/Maldox-500-25Mg-x3_4c45e992-2870-4ebe-8633-aa606213d161.jpg,,,,,,,,,0,"HealthPlus Pharmacy","Maldox 500/25mg x3","Maldox 500/25mg x3",1,0
21246,simple,SKU-110579,,"Opatanol 1mg/5ml",1,0,visible,,"<p>Opatanol (Olopatadine 1mg/ml) eye drops are used to treat the signs and symptoms of seasonal allergic conjunctivitis.</p>",,,none,,1,,,0,0,0,,,,1,,,10940,"Eye Care","allergies\,, healthplus\,, novaritis\,, only, prescription",,https://eutawpharmacycare.com/wp-content/uploads/2026/04/Opatanol_201mg-5ml_f5c168a9-e0f8-4cc0-88e1-bf7de179a0dc.jpg,,,,,,,,,0,"HealthPlus Pharmacy","Opatanol 1mg/5ml","Opatanol 1mg/5ml",1,0
21249,simple,SKU-151274,,"Ampiclox 90mg/0.6ml",1,0,visible,,"<p>Ampiclox is a penicillin-based antibiotic combining ampicillin and cloxacillin. It is used to treat bacterial infections in the ear, nose, throat, bones, lungs, and post-operative wounds.</p>",,,none,,1,,,0,0,0,,,,1,,,1780,Infections,"antibiotics\,, glaxosmithkline\,, healthplus\,, only, others\,, prescription",,https://eutawpharmacycare.com/wp-content/uploads/2026/04/Ampiclox-90mg-0.6ml.jpg,,,,,,,,,0,"HealthPlus Pharmacy","Ampiclox 90mg/0.6ml","Ampiclox 90mg/0.6ml",1,0
21252,simple,SKU-109726,,"Glanil Glibenclamide 5mg x100",1,0,visible,,"<p>Glanil (Glibenclamide 5mg), or glyburide, treats type 2 diabetes by increasing insulin production in the pancreas, lowering blood glucose levels.</p>",,,none,,1,,,0,0,0,,,,1,,,4280,Diabetes,"glanil\,, healthplus\,, only, others\,, prescription",,https://eutawpharmacycare.com/wp-content/uploads/2026/04/Glanil_20Glibenclamide_205mg_20x100_4696a2da-ac6c-49ba-91dd-e0fbff4c4b79.jpg,,,,,,,,,0,"HealthPlus Pharmacy","Glanil Glibenclamide 5mg x100","Glanil Glibenclamide 5mg x100",1,0
21255,simple,SKU-268619,,"Zetro Azithromycin 250mg x10",1,0,visible,,"<p>Zetro 250mg Capsule is used to treat bacterial infections, particularly respiratory and sinus infections. Its active ingredient, azithromycin, is an antibiotic that belongs to a class of drugs known as macrolides.</p>",,,none,,1,,,0,0,0,,,,1,,,5460,Antibacterial,"getz, healthplus\,, infections\,, only, pharma\,, prescription",,https://eutawpharmacycare.com/wp-content/uploads/2026/04/Zetro_20Azithromycin_20250mg_20x10_0e9717e8-ee89-42b9-bddd-b15855ed2a3a.jpg,,,,,,,,,0,"HealthPlus Pharmacy","Zetro Azithromycin 250mg x10","Zetro Azithromycin 250mg x10",1,0
21258,simple,SKU-306424,,"Arenax Plus 20/120mg x6",1,0,visible,,"<p>Arenax Plus is an effective antimalarial treatment featuring a potent combination of Artemether (20 mg) and Lumefantrine (120 mg). Designed for the treatment of uncomplicated malaria, this medication provides rapid action against malaria parasites and helps prevent recurrence.<br>\n Each pack contains six doses, making it convenient for malaria management. Trust Arenax Plus for effective relief and protection against malaria.</p>",,,none,,1,,,0,0,0,,,,1,,,500,Malaria,"healthplus\,, malaria, otc\,, others\,, prevention\,, swipha, treatment\,",,https://eutawpharmacycare.com/wp-content/uploads/2026/04/Arenax_20Plus_2020-120mg_20x6_22238ae5-d7fd-4faf-97ce-28bb12168a61.png,,,,,,,,,0,"HealthPlus Pharmacy","Arenax Plus 20/120mg x6","Arenax Plus 20/120mg x6",1,0
21261,simple,SKU-306425,,"Arenax Plus 20/120mg x12",1,0,visible,,"<p>Arenax Plus is a powerful antimalarial medication combining Artemether (20 mg) and Lumefantrine (120 mg) to effectively treat uncomplicated malaria. This fast-acting formula targets malaria parasites quickly, while its long-lasting action helps prevent recurrence. Ideal for malaria management, Arenax Plus ensures effective relief and is essential for those at risk.</p>",,,none,,1,,,0,0,0,,,,1,,,750,Malaria,"brand, healthplus\,, malaria, otc\,, others\,, prevention\,, swipha\,, top, treatment\,",,https://eutawpharmacycare.com/wp-content/uploads/2026/04/Arenax_20Plus_2020-120mg_20x12_3950ae07-cdd6-4a9b-b245-e03ef1930f8b.png,,,,,,,,,0,"HealthPlus Pharmacy","Arenax Plus 20/120mg x12","Arenax Plus 20/120mg x12",1,0
21264,simple,SKU-126248,,"Rophegan Promethazine Syrup 5mg/5ml",1,0,visible,,"<p>Rophegan Elixir is an oral solution antihistamine traditionally used for various conditions:<br>\n- Treats allergies and hay fever, relieves symptoms such as nausea, vomitting, motion sickness watery eyes, sneezing, and itchy throat.</p>",,,none,,1,,,0,0,0,,,,1,,,530,"Allergies (Cough & Cold)","&, bayer\,, brand, congestion\,, healthplus\,, may, nasal, only\,, prescription, top",,https://eutawpharmacycare.com/wp-content/uploads/2026/04/online-pharmacy-product-image-placeholder_6f6c11a5-0963-4480-8868-c8cab256defc.png,,,,,,,,,0,"HealthPlus Pharmacy","Rophegan Promethazine Syrup 5mg/5ml","Rophegan Promethazine Syrup 5mg/5ml",1,0
21267,simple,SKU-233396,,"Inbu-400 Ibuprofen 400mg X10",1,0,visible,,"<p>- Ibuprofen provides relief from mild to moderate pain.<br>\n- It is effective in conditions such as dysmenorrhea (menstrual pain) and migraine headaches.<br>\n- Ibuprofen is used to manage post-operative pain.<br>\n- It helps reduce inflammation and pain in rheumatic disorders like ankylosing spondylitis and rheumatoid arthritis.<br>\n- It also alleviates pain in musculoskeletal and joint disorders such as sprains and strains.</p>",,,none,,1,,,0,0,0,,,,1,,,250,"Pain Management - Others","&, fevers\,, headache, healthplus\,, inbu-400\,, migraine\,, otc",,https://eutawpharmacycare.com/wp-content/uploads/2026/04/online-pharmacy-product-image-placeholder_d15f4d81-a106-4b86-b857-3f102f928a4e.png,,,,,,,,,0,"HealthPlus Pharmacy","Inbu-400 Ibuprofen 400mg X10","Inbu-400 Ibuprofen 400mg X10",1,0
21270,simple,SKU-146839,,"Fidson Dextrose Water 5% 500ml",1,0,visible,,"<p>Dextrose Water 5% 500ml is a sterile solution  used for rehydration amongst others</p>",,,none,,1,,,0,0,0,,,,1,,,780,Others,"b, fidson\,, healthplus\,, only\,, others\,, prescription, vitamin",,https://eutawpharmacycare.com/wp-content/uploads/2026/04/online-pharmacy-product-image-placeholder_939b653f-39d5-45e7-affb-eb3cbf0684c1.png,,,,,,,,,0,"HealthPlus Pharmacy","Fidson Dextrose Water 5% 500ml","Fidson Dextrose Water 5% 500ml",1,0
21273,simple,SKU-215435,,"Bunto Blood Tonic 1l",1,0,visible,,"<p>BUNTO TONIC  prevents deficiency-related anemia and nerve damage, supporting nerve, brain, and overall body health.</p>",,,none,,1,,,0,0,0,,,,1,,,2500,Vitamins,"&, bunto\,, diet, healthplus\,, nutrition\,, otc",,https://eutawpharmacycare.com/wp-content/uploads/2026/04/Bunto_20Blood_20Tonic_201l_e0d51e25-fd2c-4cbd-8046-5f11a0b408da.jpg,,,,,,,,,0,"HealthPlus Pharmacy","Bunto Blood Tonic 1l","Bunto Blood Tonic 1l",1,0
21276,simple,SKU-160116,,"Epiderm Cream 30g",1,0,visible,,"<p>It is used for treating mixed bacterial and fungal infections with associated inflammation in conditions such as eczema, contact dermatitis, seborrheic dermatitis, psoriasis, athlete’s foot, and other mycoses.</p>",,,none,,1,,,0,0,0,,,,1,,,1150,Infections,"healthplus\,, otc\,, shalina\,, skincare",,https://eutawpharmacycare.com/wp-content/uploads/2026/04/Epiderm_2030g.jpg,,,,,,,,,0,"HealthPlus Pharmacy","Epiderm Cream 30g","Epiderm Cream 30g",1,0
21279,simple,SKU-159446,,"Duphaston 10mg x20",1,0,visible,,"<p>Duphaston 10mg is a progesterone medication commonly prescribed to manage various menstrual disorders, support pregnancy, and alleviate symptoms of hormonal imbalance. Each tablet contains 10mg of dydrogesterone, which mimics the natural hormone progesterone in the body. With a convenient 20-tablet pack, Duphaston helps regulate menstrual cycles, reduce heavy bleeding, and support luteal phase deficiencies.<br>\n It’s often used in fertility treatments and to prevent miscarriage in women with progesterone deficiency.</p>",,,none,,1,,,0,0,0,,,,1,,,14170,"Chronic Diseases","abott\,, healthplus\,, only, others\,, prescription",,https://eutawpharmacycare.com/wp-content/uploads/2026/04/Duphaston_2010mg_20x20_179d6bc0-f461-4b4d-9e2a-e91fea386405.jpg,,,,,,,,,0,"HealthPlus Pharmacy","Duphaston 10mg x20","Duphaston 10mg x20",1,0
21282,simple,SKU-365123,,"Lemsip Max Cold & Flu Blackcurrant x5",1,0,visible,,"<p>- Treats symptoms of cold and flu<br>\n- Helps with reducing fever and body aches<br>\n- Helps treat headaches, blocked nose and sore throat</p>",,,none,,1,,,0,0,0,,,,1,,,16480,Cold,"benckiser, congestion\,, healthplus\,, nasal, otc\,, reckitt",,https://eutawpharmacycare.com/wp-content/uploads/2026/04/Lemsip_20Max_20Cold_20-_20Flu_20Blackcurrant_20_20X5_1daf2abd-94f1-4c7f-90de-5b59a4aef1de.jpg,,,,,,,,,0,"HealthPlus Pharmacy","Lemsip Max Cold & Flu Blackcurrant x5","Lemsip Max Cold & Flu Blackcurrant x5",1,0
21285,simple,SKU-106570,,"Celebrex Celecoxib 200mg Capsules x10",1,0,visible,,"<p>- Used to treat pain or inflammation caused by many conditions such as arthritis, and menstrual pain.</p>\n\n<p>Celebrex (Celecoxib) is a nonsteroidal anti-inflammatory drug (NSAID), specifically a COx-2 inhibitor, which relieves pain and swelling (inflammation). It is used to treat arthritis, acute pain, and menstrual pain and discomfort.</p>",,,none,,1,,,0,0,0,,,,1,,,12420,Anti-inflammatory,"brand, healthplus\,, otc\,, others\,, pfizer\,, top",,https://eutawpharmacycare.com/wp-content/uploads/2026/04/Celebrex_20Celecoxib_20200mg_20Capsules_20x10_29faa3a1-870b-4925-a0a7-ce7c69bf8f50.jpg,,,,,,,,,0,"HealthPlus Pharmacy","Celebrex Celecoxib 200mg Capsules x10","Celebrex Celecoxib 200mg Capsules x10",1,0
21288,simple,SKU-341645,,"Vicks Inhaler Nasal Stick",1,0,visible,,"<p>- Fast relief from stuffy noses<br>\n- Suitable For Adults and children 6 years and over<br>\n- Portable stick that you can use wherever you are<br>\nVicks Inhaler is a nasal decongestant stick and it contains the active ingredients: Menthol, Camphor and Siberian Pine Needle Oil. It also contains methyl salicylate. When you inhale these actives through your nose they work on the lining of your nasal passages to ease breathing and help relieve a stuffy nose caused by colds or allergic reactions</p>",,,none,,1,,,0,0,0,,,,1,,,6000,"Nasal Congestion","cold\,, healthplus\,, otc\,, vicks",,https://eutawpharmacycare.com/wp-content/uploads/2026/04/Vicks_20Inhaler_20Nasal_20Stick.jpg,,,,,,,,,0,"HealthPlus Pharmacy","Vicks Inhaler Nasal Stick","Vicks Inhaler Nasal Stick",1,0
21291,simple,SKU-341650,,"Vicks Sine Soother Nasal Spray 15ml",1,0,visible,,"<p>Vicks Sine Soother Nasal Spray 15ml offers fast relief from nasal congestion caused by colds, allergies, or sinus pressure. Its soothing formula helps clear blocked nasal passages, allowing you to breathe easier and feel more comfortable.<br>\n With just a few sprays, it provides quick, long-lasting relief, reducing the discomfort of a stuffy nose without causing drowsiness. Compact and easy to use, Vicks Sine Soother Nasal Spray is a convenient solution for clear, refreshed sinuses anytime you need it.</p>",,,none,,1,,,0,0,0,,,,1,,,7140,"Nasal Congestion","allergies\,, cold\,, healthplus\,, otc\,, vicks",,https://eutawpharmacycare.com/wp-content/uploads/2026/04/Vicks_20Sine_20Soother_20Nasal_20Spray_2015ml_8f96e866-fb07-41b9-88d5-72fee933d2a4.jpg,,,,,,,,,0,"HealthPlus Pharmacy","Vicks Sine Soother Nasal Spray 15ml","Vicks Sine Soother Nasal Spray 15ml",1,0
21294,simple,SKU-110422,,"Ampiclox (Ampillin + Cloxacllin) 500mg x100 caps",1,0,visible,,"<p>Ampiclox is a combination of two antibiotics: Ampicillin and Cloxacillin. These antibiotics work by preventing the formation of the bacterial protective covering which is essential for the survival of bacteria. Together, they treat your infection effectively.</p>",,,none,,1,,,0,0,0,,,,1,,,34840,Infections,"antibiotics\,, gsk\,, healthplus\,, only, others\,, prescription",,https://eutawpharmacycare.com/wp-content/uploads/2026/04/Ampiclox_20500Mg_20X100_ff32fc8a-1e52-4acf-ab81-41869028d10e.jpg,,,,,,,,,0,"HealthPlus Pharmacy","Ampiclox (Ampillin + Cloxacllin) 500mg x100 caps","Ampiclox (Ampillin + Cloxacllin) 500mg x100 caps",1,0
21297,simple,SKU-348147,,"Beechams Breathe Clear Sachets x10",1,0,visible,,"<p>Beechams Breathe Clear Sachets (x10) are a fast-acting, easy-to-use remedy designed to relieve nasal congestion and promote easier breathing. Formulated with menthol and eucalyptus, these sachets provide soothing relief from blocked noses and sinus discomfort caused by colds or allergies.<br>\n Simply dissolve in hot water to release a refreshing vapour that helps clear nasal passages and ease breathing. Ideal for use at home or on the go, Beechams Breathe Clear Sachets offer a convenient solution for fast, effective congestion relief. Perfect for daily or occasional use when you need to breathe more easily.</p>",,,none,,1,,,0,0,0,,,,1,,,6400,"Nasal Congestion","beechams\,, cold\,, healthplus\,, otc",,https://eutawpharmacycare.com/wp-content/uploads/2026/04/Beechams_20Breathe_20Clear_20Sachets_20X10_82b19d7a-2f41-4d92-bb1e-67eb3a3f9bd5.jpg,,,,,,,,,0,"HealthPlus Pharmacy","Beechams Breathe Clear Sachets x10","Beechams Breathe Clear Sachets x10",1,0
21300,simple,SKU-106568,,"Teva Carvedilol 12.5 mg x28",1,0,visible,,"<p>Carvedilol 12.5 mg Tablet is used for:</p>\n\n<p>- Treatment of hypertension (high blood pressure).<br>\n- Treatment of angina (heart-related chest pain).<br>\n- Treatment of heart failure.</p>",,,none,,1,,,0,0,0,,,,1,,,7840,"Chronic Diseases","healthplus\,, hypertension\,, only\,, prescription, teva",,https://eutawpharmacycare.com/wp-content/uploads/2026/04/Teva_20Carvedilol_2012.5_20mg_20x28_6d8c9218-9040-4e9e-857c-51f0d850b799.jpg,,,,,,,,,0,"HealthPlus Pharmacy","Teva Carvedilol 12.5 mg x28","Teva Carvedilol 12.5 mg x28",1,0
21303,simple,SKU-344722,,"Emcap Paracetamol 500mg x100",1,0,visible,,"<p>-  Relieves mild to moderate pain<br>\n- Reduces fever<br>\nEmzor Paracetamol Caplet is used to relieve mild to moderate pain from a headache, toothache, cold, flu, joint pain, or period pain. This medicine works by reducing the activity of certain chemicals in the body to provide pain-relieving effects. Emzor Paracetamol is also used to reduce fever.</p>",,,none,,1,,,0,0,0,,,,1,,,2670,"Fevers, Headache & Migraine","body, emzor\,, healthplus\,, otc, pain\,",,https://eutawpharmacycare.com/wp-content/uploads/2026/04/Emcap_20Paracetamol_20Suspension_2060ml_0dacd2ad-cae0-42f6-854c-b58449797f88.jpg,,,,,,,,,0,"HealthPlus Pharmacy","Emcap Paracetamol 500mg x100","Emcap Paracetamol 500mg x100",1,0
21306,simple,SKU-160153,,"Neurogesic Extra 35g",1,0,visible,,"<p>Neurogesic Extra combines menthol and diclofenac to deliver additional relief from muscular aches, swelling, and stiffness linked to rheumatism and musculoskeletal disorders.<br>\n It offers sustained relief from arthritis, backaches, muscle aches, sprains, and other traumatic injuries. This formulation also provides fast, soothing relief for sore and aching muscles.</p>",,,none,,1,,,0,0,0,,,,1,,,2080,"Pain Management - Others","drugfield\,, healthplus\,, otc\,, others",,https://eutawpharmacycare.com/wp-content/uploads/2026/04/Neurogesic_20Extra_2035g.jpg,,,,,,,,,0,"HealthPlus Pharmacy","Neurogesic Extra 35g","Neurogesic Extra 35g",1,0
21309,simple,SKU-106721,,"Arbitel Telmisartan 80mg x30 Tablets",1,0,visible,,"<p>Arbitel Telmisartan 80mg is used to treat high blood pressure and heart failure. Lowering blood pressure helps to prevent future heart attack and stroke.</p>",,,none,,1,,,0,0,0,,,,1,,,7670,"Chronic Diseases","antihypertensive\,, arbitel\,, healthplus\,, only, prescription",,https://eutawpharmacycare.com/wp-content/uploads/2026/04/Arbitel_20Telmisartan_2080mg_20x30_20Tablets.jpg,,,,,,,,,0,"HealthPlus Pharmacy","Arbitel Telmisartan 80mg x30 Tablets","Arbitel Telmisartan 80mg x30 Tablets",1,0
21312,simple,SKU-357044,,"Fybogel Powder Orange x30 Sachets",1,0,visible,,"<p>- Gently relieves constipation<br>\n- Helps maintain regularity<br>\n- Natural fibre drink</p>",,,none,,1,,,0,0,0,,,,1,,,27000,Supplements,"benckiser, care\,, digestive, healthplus\,, laxative\,, otc\,, reckitt",,https://eutawpharmacycare.com/wp-content/uploads/2026/04/Fybogel_20Powder_20Orange_20x30_20Sachets_03ca5ee8-782a-4f87-a197-6a073174b647.jpg,,,,,,,,,0,"HealthPlus Pharmacy","Fybogel Powder Orange x30 Sachets","Fybogel Powder Orange x30 Sachets",1,0
21315,simple,SKU-114697,,"Betadrone-N Eye/Ear Drops 0.6%",1,0,visible,,"<p>Betadrone-N Eye/Ear Drop 0.6% provides fast relief from inflammation and discomfort in both eyes and ears, effectively reducing swelling caused by infections or allergies.</p>",,,none,,1,,,0,0,0,,,,1,,,1630,Infections,"care\,, drugfield\,, eye, healthplus\,, only, prescription",,https://eutawpharmacycare.com/wp-content/uploads/2026/04/Betadrone-N_20Eye-Ear_20Drop_200.6_6f1c4b24-a4be-4b27-80c4-2015fce229ed.jpg,,,,,,,,,0,"HealthPlus Pharmacy","Betadrone-N Eye/Ear Drops 0.6%","Betadrone-N Eye/Ear Drops 0.6%",1,0
21318,simple,SKU-124724,,"DGF Antallerge Eye Drops",1,0,visible,,"<p>Antallerge eye drop made with Antazoline Hydrochloride (0.5mg) and Tetrahydrozoline Hydrochloride (0.4mg) can be used to treat allergy symptoms and reduce inflammatory eye irritation.</p>",,,none,,1,,,0,0,0,,,,1,,,2750,"Chronic Diseases","care\,, drugfield\,, eye, featured, healthplus\,, only, prescription, product\,",,https://eutawpharmacycare.com/wp-content/uploads/2026/04/DGF_20Antallerge_200.09.jpg,,,,,,,,,0,"HealthPlus Pharmacy","DGF Antallerge Eye Drops","DGF Antallerge Eye Drops",1,0
21321,simple,SKU-365881,,"Floradix Intestcare Liquid Herbal Formula 250ml",1,0,visible,,"<p>Floradix Intestcare Liquid Herbal Formula (250ml) is a natural, plant-based supplement designed to support digestive health and promote a healthy gut. Formulated with a blend of herbs like fennel, ginger, and peppermint, it helps soothe digestive discomfort, improve gut function, and restore balance to the intestinal system.<br>\n Ideal for those seeking a gentle yet effective solution for digestive wellness, Floradix Intestcare is free from artificial additives and preservatives. Enjoy improved digestion and comfort with this easy-to-take liquid formula.</p>",,,none,,1,,,0,0,0,,,,1,,,33530,Supplements,"care\,, digestive, floradix\,, healthplus\,, otc",,https://eutawpharmacycare.com/wp-content/uploads/2026/04/Floradix_20Intestcare_20Liquid_20Herbal_20Formula_20250ml.png,,,,,,,,,0,"HealthPlus Pharmacy","Floradix Intestcare Liquid Herbal Formula 250ml","Floradix Intestcare Liquid Herbal Formula 250ml",1,0
21324,simple,SKU-126243,,"Fidson Cefuroxime 125mg/5ml Suspension 70ml",1,0,visible,,"<p>Cefuroxime suspension belongs to a group of medicines called cephalosporin antibiotics. It works by killing bacteria that cause infections such as infections of the ear, throat and tonsils.</p>",,,none,,1,,,0,0,0,,,,1,,,4590,Infections,"antibiotics\,, children's, fidson\,, hand, health\,, healthplus\,, only, prescription, sanitizer\,",,https://eutawpharmacycare.com/wp-content/uploads/2026/04/b7yhxpi4ryfpletgswva_c347d3a7-a896-47b4-9996-cce36e3671ec.jpg,,,,,,,,,0,"HealthPlus Pharmacy","Fidson Cefuroxime 125mg/5ml Suspension 70ml","Fidson Cefuroxime 125mg/5ml Suspension 70ml",1,0
21327,simple,SKU-365973,,"Accu-Chek Instant Blood Glucose Monitor",1,0,visible,,"<p>- Accurate result in 5 seconds<br>\n- Easy handling<br>\n- Clever functionality<br>\n- Large and easy-to-read display<br>\n- Memory for last reading<br>\nAccu-chek active blood glucose meter lets you check your blood sugar level in less than 5 seconds. This glucometer comes with 10 stripes to offer quick testing with just 0.5 mL of the blood sample.</p>",,,none,,1,,,0,0,0,,,,1,,,30340,"Tests & Diagnostics","healthplus\,, otc\,, others\,, roche",,https://eutawpharmacycare.com/wp-content/uploads/2026/04/Accu-Chek_20Instant_20Blood_20Glucose_20Monitor_68e22624-5030-4fa8-a005-f6072a41c0b8.jpg,,,,,,,,,0,"HealthPlus Pharmacy","Accu-Chek Instant Blood Glucose Monitor","Accu-Chek Instant Blood Glucose Monitor",1,0
21330,simple,SKU-362451,,"Garden of Life Vitamin Code Raw One For Men x75",1,0,visible,,"<p>This men's multivitamin offers whole food nutrition tailored for active lifestyles. It supports prostate and heart health, boosts energy, and includes probiotics and digestive enzymes for better digestion. Certified Non-GMO, gluten-free, and kosher, it's RAW with no synthetic additives.</p>",,,none,,1,,,0,0,0,,,,1,,,97270,Supplements,"garden, healthplus\,, immune, life\,, multivitamins\,, of, otc, support\,",,https://eutawpharmacycare.com/wp-content/uploads/2026/04/Garden_20of_20Life_20Vitamin_20Code_20Raw_20One_20For_20Men_20x75_39e771b0-f567-4167-b44c-6e0f9652fdd3.jpg,,,,,,,,,0,"HealthPlus Pharmacy","Garden of Life Vitamin Code Raw One For Men x75","Garden of Life Vitamin Code Raw One For Men x75",1,0
21333,simple,SKU-124726,,"P-Alaxin (Dihyrdoartemisinin/Piperaquine) 40mg/320mg Tablet x9",1,0,visible,,"<p>P-alaxin is used in the treatment of uncomplicated malaria, as it affects the growth of the parasite which causes malaria. Active ingredients are Dihydroartemisinin and Piperaquine.</p>",,,none,,1,,,0,0,0,,,,1,,,2090,Malaria,"bliss, gvs\,, healthplus\,, malaria, otc\,, others, prevention\,, treatment\,",,https://eutawpharmacycare.com/wp-content/uploads/2026/04/P-Alaxin_20x9_20tablets_f1f3f636-2084-41ba-a453-415cb651b3ad.jpg,,,,,,,,,0,"HealthPlus Pharmacy","P-Alaxin (Dihyrdoartemisinin/Piperaquine) 40mg/320mg Tablet x9","P-Alaxin (Dihyrdoartemisinin/Piperaquine) 40mg/320mg Tablet x9",1,0
21336,simple,SKU-106540,,"Teva Atorvastatin 20mg tabs x28",1,0,visible,,"<p>Teva Atorvastatin 20mg x 28 is a prescribed medication aimed at lowering high cholesterol levels.  It's used to mitigate the risk of heart attack, stroke, and other cardiovascular issues in individuals with type 2 diabetes, coronary heart disease, or other associated risk factors.</p>",,,none,,1,,,0,0,0,,,,1,,,4670,"Chronic Diseases","cholesterol\,, healthplus\,, high, only\,, prescription, teva",,https://eutawpharmacycare.com/wp-content/uploads/2026/04/Teva_20Atorvastatin_2020mg_20x28_f533b3f1-6854-4e71-9335-e129be94e346.jpg,,,,,,,,,0,"HealthPlus Pharmacy","Teva Atorvastatin 20mg tabs x28","Teva Atorvastatin 20mg tabs x28",1,0
21339,simple,SKU-SKU-NG-85324,,"Brustan-N Ibuprofen Oral Suspension 100mg/5ml 60ml",1,0,visible,,"<p>Brustan-N Ibuprofen Oral Suspension 100mg/5ml 60ml is a fast-acting pain relief medication designed to reduce fever, inflammation, and pain. With a 100mg dose per 5ml, it’s ideal for children and adults who need effective relief from conditions like headaches, toothaches, or muscle pain. This oral suspension is easy to administer and provides fast relief while being gentle on the stomach. Perfect for everyday pain management, the 60ml bottle ensures lasting use.</p>",,,none,,1,,,0,0,0,,,,1,,,1500,"Pain Management - Others","brustan-n\,, children's, health\,, healthplus\,, otc",,https://eutawpharmacycare.com/wp-content/uploads/2026/04/Brustan-N_20Ibuprofen_20Oral_20Suspension100mg-5ml_2060ml.jpg,,,,,,,,,0,"HealthPlus Pharmacy","Brustan-N Ibuprofen Oral Suspension 100mg/5ml 60ml","Brustan-N Ibuprofen Oral Suspension 100mg/5ml 60ml",1,0
21342,simple,SKU-SKU-NG-85948,,"Neocell Super Collagen + Vitamin C & Biotin x360 Tablets",1,0,visible,,"<p>- Supports healthy skin, hair and nails, making you look and feel radiantly beautiful from the inside out<br>\n- Supports healthy joints while Vitamin C helps support your cellular health<br>\n- Supports healthy collagen formation</p>",,,none,,1,,,0,0,0,,,,1,,,75490,Supplements,"&, brand, hair\,, healthplus\,, nails\,, neocell\,, otc\,, skin, supplements\,, top",,https://eutawpharmacycare.com/wp-content/uploads/2026/04/Neocell_20Super_20Collagen_20_2B_20Vitamin_20C_20and_20Biotin_20x360_20Tablets_068477b6-3996-427a-a124-691577e4636c.jpg,,,,,,,,,0,Neocell,"Neocell Super Collagen + Vitamin C & Biotin x360 Tablets","Neocell Super Collagen + Vitamin C & Biotin x360 Tablets",1,0
21345,simple,SKU-SKU-NG-85327,,"Buttercup Original Cough Syrup 75ml",1,0,visible,,"<p>- For the relief of coughs, colds and sore throat<br>\n- Soothing and effective<br>\nButtercup Syrup Original is non-drowsy cough syrup that gives rapid relief for symptoms of coughs, colds and sore throats. It loosens mucus by making it thinner, therefore making it easier to cough up, and allowing you to clear you airways easier.</p>",,,none,,1,,,0,0,0,,,,1,,,18000,"Allergies (Cough & Cold)","buttercup\,, cough\,, healthplus\,, otc",,https://eutawpharmacycare.com/wp-content/uploads/2026/04/Buttercup_20Original_20Cough_20Syrup_2075ml.jpg,,,,,,,,,0,"Omega Pharma","Buttercup Original Cough Syrup 75ml","Buttercup Original Cough Syrup 75ml",1,0
21348,simple,SKU-109747,,"Amaryl (Glimepiride) 2mg Tabs x30",1,0,visible,,"<p>Amaryl 2mg Tablet is a medicine used to treat a certain form of diabetes (type 2 diabetes mellitus) when diet, physical exercise and weight reduction alone have not been able to control your blood sugar levels. Amaryl 4mg Tablet may be used alone or along with other medicines.</p>",,,none,,1,,,0,0,0,,,,1,,,13270,Diabetes,"amaryl\,, diabetes, diabetes\,, healthplus\,, medication\,, only, prescription",,https://eutawpharmacycare.com/wp-content/uploads/2026/04/Amaryl_20_28Glimepiride_29_202mg_20Tabs_20x30_9996a7d2-65c2-4717-aa31-edde88ec51a7.jpg,,,,,,,,,0,Sanofi,"Amaryl (Glimepiride) 2mg Tabs x30","Amaryl (Glimepiride) 2mg Tabs x30",1,0
21351,simple,SKU-SKU-NG-85278,,"Astyfer Iron & Minerals Caps x30",1,0,visible,,"<p>- Increases Hemoglobin Levels<br>\n- Ensures proper fetal growth in pregnancy<br>\n- Better iron bio-availability<br>\nAstyfer is gentle iron supplement with amino acids and vitamin B complex, formulated to deliver an ideal amount of iron to the body while remaining gentle on the stomach. It provides an ideal source of iron and other nutrients for the normal production of red blood cells to help maintain energy levels, health and vitality.</p>",,,none,,1,,,0,0,0,,,,1,,,6540,Supplements,"astyfer\,, brand, healthplus\,, hematinics\,, otc\,, supplements\,, top",,https://eutawpharmacycare.com/wp-content/uploads/2026/04/Astyfer_20Iron_20and_20Minerals_20Caps_20x30_76111a76-5a22-463e-9bd0-85409e132bfe.jpg,,,,,,,,,0,Fidson,"Astyfer Iron & Minerals Caps x30","Astyfer Iron & Minerals Caps x30",1,0
21354,simple,SKU-140359,,"Astyfer Iron & Minerals Syrup 200ml",1,0,visible,,"<p>- Increases Hemoglobin Levels<br>\n- Ensures proper fetal growth in pregnancy<br>\n- Better iron bio-availability<br>\nAstyfer is gentle iron supplement with amino acids and vitamin B complex, formulated to deliver an ideal amount of iron to the body while remaining gentle on the stomach. It provides an ideal source of iron and other nutrients for the normal production of red blood cells to help maintain energy levels, health and vitality.</p>",,,none,,1,,,0,0,0,,,,1,,,6300,Supplements,"astyfer\,, brand, healthplus\,, hematinics\,, otc\,, supplements\,, top",,https://eutawpharmacycare.com/wp-content/uploads/2026/04/Astyfer_20Iron_20and_20Minerals_20Syrup_20200ml.jpg,,,,,,,,,0,Fidson,"Astyfer Iron & Minerals Syrup 200ml","Astyfer Iron & Minerals Syrup 200ml",1,0
21357,simple,SKU-347661,,"Astymin Syrup 200ml",1,0,visible,,"<p>- Helps maintain all round health and vitality<br>\n- Helps to maintain healthy growth, immune system defense and energy release<br>\nAstymin is a multivitamin formulated to help cell growth, protect cells from wear and tear, boost immune system, promote mental and physical growth and help recovery from sickness. It is also loaded with amino acids.</p>",,,none,,1,,,0,0,0,,,,1,,,6670,Vitamins,"astymin\,, brand\,, healthplus\,, multivitamins\,, otc\,, top, vitamins",,https://eutawpharmacycare.com/wp-content/uploads/2026/04/Astymin_20Syrup_20200ml_e07b4ce0-d8fa-4f5c-9fe8-dfd0a93cf8c6.jpg,,,,,,,,,0,Fidson,"Astymin Syrup 200ml","Astymin Syrup 200ml",1,0
21360,simple,SKU-109847,,"Avodart (Dutasteride) 0.5mg Caps x30",1,0,visible,,"<p>Avodart (Dutasteride) was developed to treat symptomatic benign prostatic hyperplasia (BPH) in men.</p>",,,none,,1,,,0,0,0,,,,1,,,25520,"Prostate Health","gsk\,, health\,, healthplus\,, only\,, prescription, prostate, therapy",,https://eutawpharmacycare.com/wp-content/uploads/2026/04/Avodart_20_28Dutasteride_29_200.5mg_20Caps_20x30_4fd228df-dedc-40f4-823f-4f978a82814e.jpg,,,,,,,,,0,GSK,"Avodart (Dutasteride) 0.5mg Caps x30","Avodart (Dutasteride) 0.5mg Caps x30",1,0
21363,simple,SKU-140374,,"Amoxil Beecham (Amoxicillin) 500mg Blister Caps x10",1,0,visible,,"<p>Amoxicillin is used to treat a wide variety of bacterial infections. This medication is a penicillin-type antibiotic. It works by stopping the growth of bacteria.</p>",,,none,,1,,,0,0,0,,,,1,,,33730,Infections,"antibiotics\,, beecham\,, brand, healthplus\,, infections\,, only\,, prescription, top",,https://eutawpharmacycare.com/wp-content/uploads/2026/04/Amoxil_20Beecham_20_28Amoxicillin_29_20500mg_20Blister_20Caps_20x10_3144127b-c5e3-42ac-9336-d0dbbcebe435.jpg,,,,,,,,,0,GSK,"Amoxil Beecham (Amoxicillin) 500mg Blister Caps x10","Amoxil Beecham (Amoxicillin) 500mg Blister Caps x10",1,0
21366,simple,SKU-106613,,"Diamicron MR (Gliclazide) 60mg Tabs x30",1,0,visible,,"<p>Gliclazide is one of a group of medicines called sulfonylureas that are used to lower the blood sugar level. Gliclazide tablets are used to treat maturity onset diabetes in patients that is not controlled by diet alone.</p>",,,none,,1,,,0,0,0,,,,1,,,18500,Diabetes,"diabetes, diabetes\,, healthplus\,, medication\,, only\,, prescription, servier",,https://eutawpharmacycare.com/wp-content/uploads/2026/04/Diamicron_20MR_20_28Gliclazide_29_2060mg_20Tabs_20x30_4895a969-a56c-40c6-aeea-1db375f5e0ef.jpg,,,,,,,,,0,Servier,"Diamicron MR (Gliclazide) 60mg Tabs x30","Diamicron MR (Gliclazide) 60mg Tabs x30",1,0
21369,simple,SKU-106597,,"Exforge HCT 10mg/160mg/12.5mg x28 Tablets",1,0,visible,,"<p>Exforge is a prescription medicine used to treat the symptoms of High Blood Pressure (Hypertension). Exforge may be used alone or with other medications.</p>",,,none,,1,,,0,0,0,,,,1,,,47000,Hypertension,"antihypertensive\,, brand, healthplus\,, hypertension\,, novartis\,, only\,, prescription, top",,https://eutawpharmacycare.com/wp-content/uploads/2026/04/Exforge_20HCT_2010mg-160mg-12.5mg_20x28_20Tablets_7d6454ce-351b-4bf1-b1e9-3b8054ed8879.png,,,,,,,,,0,Novartis,"Exforge HCT 10mg/160mg/12.5mg x28 Tablets","Exforge HCT 10mg/160mg/12.5mg x28 Tablets",1,0
21372,simple,SKU-118067,,"Flotac (Diclofenac/Cholestyramine) 75mg Caps x20",1,0,visible,,"<p>An anti-inflammatory medication effective for the treatment, control &amp; improvement of various types of inflammatory joint diseases, arthritis, primary dysmenorrhea,  pain from osteo-skeletal origin. Contains Diclofenac and Cholestyramine</p>",,,none,,1,,,0,0,0,,,,1,,,15640,Anti-inflammatory,#NAME?,,https://eutawpharmacycare.com/wp-content/uploads/2026/04/Flotac_20_28Diclofenac-Cholestyramine_29_2075mg_20Caps_20x20_7cf2195b-a39a-4743-9207-a62dbeff0fd0.jpg,,,,,,,,,0,Novartis,"Flotac (Diclofenac/Cholestyramine) 75mg Caps x20","Flotac (Diclofenac/Cholestyramine) 75mg Caps x20",1,0
21375,simple,SKU-110552,,"Loratyn (Loratadine 10mg) Blister Pack x100",1,0,visible,,"<p>- Relieves sneezing and itchy nose or throat<br>\n- Relieves itchy, watery eyes, runny rose<br>\n- Non-drowsy formula<br>\nLoratyn (Loratadine 10 mg) is an antihistamine used in the treatment of both indoor and outdoor allergy symptoms. It provides 24-hour relief of: sneezing, itchy, watery eyes, runny nose, itchy throat or nose.</p>",,,none,,1,,,0,0,0,,,,1,,,10840,Allergies,"allergies\,, antihistamines\,, healthplus\,, loratyn",,https://eutawpharmacycare.com/wp-content/uploads/2026/04/Loratyn_20_28Loratadine_2010mg_29_20Blister_20Pack_20x100_a8215ed1-9d0a-409e-aa9e-d48ba1c3d90d.png,,,,,,,,,0,Hovid,"Loratyn (Loratadine 10mg) Blister Pack x100","Loratyn (Loratadine 10mg) Blister Pack x100",1,0
21378,simple,SKU-215835,,"Postpill (Levonorgestrel 1.5mg)",1,0,visible,,"<p>Postpill (Levonorgestrel) is a reliable emergency contraceptive designed to prevent pregnancy after unprotected sex  or if other birth control methods fail, like when a condom breaks or when multiple birth control pills are missed. <br>\nIt works effectively by preventing ovulation or fertilization of the egg. <br>\nPostpill is a safe and trusted option for preventing unplanned pregnancies, but it's not intended for regular birth control.</p>",,,none,,1,,,0,0,0,,,,1,,,2350,"Sexual Health","contraceptives\,, emergency, family, healthplus\,, planning\,, postpill",,https://eutawpharmacycare.com/wp-content/uploads/2026/04/Postpill_20_28Levonorgestrel_201.5mg_29.png,,,,,,,,,0,DKT,"Postpill (Levonorgestrel 1.5mg)","Postpill (Levonorgestrel 1.5mg)",1,0
21381,simple,SKU-106545,,"Betoptic Eye Drops 0.5% 5ml",1,0,visible,,"<p>Betoptic is indicated for the reduction of elevated intraocular pressure in patients with ocular hypertension and chronic open angle glaucoma.</p>",,,none,,1,,,0,0,0,,,,1,,,7600,"Eye Care","betoptic\,, care\,, eye, glaucoma, health\,, healthplus\,, men's, only, prescription, treatment\,",,https://eutawpharmacycare.com/wp-content/uploads/2026/04/Betoptic_20Eye_20Drops_200.5percent_205ml.jpg,,,,,,,,,0,Alcon,"Betoptic Eye Drops 0.5% 5ml","Betoptic Eye Drops 0.5% 5ml",1,0
21384,simple,SKU-228080,,"Reload Men's 50+ Formula Tablets x 90",1,0,visible,,"<p>- Once-daily multivitamin<br>\n- Provides Saw palmetto for postrate health and Lutein for eye health<br>\n- Provides Alpha Lipoic acid, Resveratrol and Lycopene, for additional antioxidant and cardiovascular protection<br>\nReload Men's 50+ formula are essential to maintaining good health during a man's advancing years. It provides the same key nutrients, antioxidants and whole food ingredient found in Reload for men, but in amounts that address the increased needs of men over 50 to maintain overall health, stamina, immunity and endurance. It provides for optimal male health through a targeted systemic approach to good nutrition.</p>",,,none,,1,,,0,0,0,,,,1,,,26480,Vitamins,"family, health\,, healthplus\,, multivitamins\,, reload\,, supplements\,, vitamins",,https://eutawpharmacycare.com/wp-content/uploads/2026/04/Reload_20Men_27s_2050_2B_20Formula_20Tablets_91d77583-d764-4620-8b6d-8745080e1f8e.jpg,,,,,,,,,0,"Pharmacy Plus","Reload Men's 50+ Formula Tablets x 90","Reload Men's 50+ Formula Tablets x 90",1,0
21387,simple,SKU-300438,,"Bromex Plus Cough Syrup 100ml",1,0,visible,,"<p>- Relieves cough, cold and catarrh<br>\nBromex syrup is used to treat mucus-producing coughs. It contains bromhexine, a mucolytic agent that works at the bronchial source of phlegm. It's a non-drowsy, non-addictive, pleasant-tasting syrup that is suitable for people of all ages.</p>",,,none,,1,,,0,0,0,,,,1,,,970,Cough,"bromex, catarrh\,, cold\,, cough\,, healthplus, plus\,",,https://eutawpharmacycare.com/wp-content/uploads/2026/04/Bromex_20Plus_20Cough_20Syrup_20100ml_9e80e869-b3f7-4285-acd3-5efcf3337e6f.jpg,,,,,,,,,0,"Reals Pharmaceutical","Bromex Plus Cough Syrup 100ml","Bromex Plus Cough Syrup 100ml",1,0
21390,simple,SKU-106746,,"Xalacom 50mg/5mg (Latanoprost/Timolol) Eye Drop x2.5ml",1,0,visible,,"<p>xalacom is indicated in adults (including the elderly) for the reduction of intraocular pressure (IOP) in patients with open angle glaucoma and ocular hypertension who are insufficiently responsive to topical beta-blockers or prostaglandin analogues.</p>",,,none,,1,,,0,0,0,,,,1,,,13210,"Eye Care","brand, care\,, eye, glaucoma, healthplus\,, only\,, pfizer\,, prescription, top, treatment\,",,https://eutawpharmacycare.com/wp-content/uploads/2026/04/Xalacom_2050mg-5mg_20Latanoprost-Timolol_20Eye_20Drop_20x2.5ml_80980371-7c55-4fcf-a7b7-a9c32de87948.jpg,,,,,,,,,0,Pfizer,"Xalacom 50mg/5mg (Latanoprost/Timolol) Eye Drop x2.5ml","Xalacom 50mg/5mg (Latanoprost/Timolol) Eye Drop x2.5ml",1,0
21393,simple,SKU-146760,,"Aboniki Balm 25g",1,0,visible,,"<p>- Effective relief from sprains and muscle aches<br>\n- Effective relief from Cold symptoms<br>\nThis menthol rob relieves catarrh, head and chest colds. It also relieves pains, strains, muscles aches, and backache.</p>",,,none,,1,,,0,0,0,,,,1,,,1100,"Pain Management - Others","'-, aboniki\,, cold\,, healthplus\,, management, others, pain",,https://eutawpharmacycare.com/wp-content/uploads/2026/04/Aboniki_20Balm_2025g.jpg,,,,,,,,,0,"J.C Udeozor &amp; Sons Global Industries Ltd","Aboniki Balm 25g","Aboniki Balm 25g",1,0
21396,simple,SKU-139673,,"Amoxil  250mg (Blister Pack) x100",1,0,visible,,"<p>Amoxicillin is used to treat a wide variety of bacterial infections. This medication is a penicillin-type antibiotic. It works by stopping the growth of bacteria.</p>",,,none,,1,,,0,0,0,,,,1,,,16750,Infections,"antibiotics\,, beecham\,, healthplus\,, infections\,, only, prescription",,https://eutawpharmacycare.com/wp-content/uploads/2026/04/Amoxil_20_20250mg_20_28Blister_20Pack_29_20x100_d8281b94-1daa-4a6a-90d9-491bfd495363.jpg,,,,,,,,,0,GSK,"Amoxil  250mg (Blister Pack) x100","Amoxil 250mg (Blister Pack) x100",1,0
21399,simple,SKU-265039,,"Amoxil 125mg/5ml Suspension",1,0,visible,,"<p>Amoxicillin is used to treat a wide variety of bacterial infections. This medication is a penicillin-type antibiotic. It works by stopping the growth of bacteria.</p>",,,none,,1,,,0,0,0,,,,1,,,5990,Infections,"antibiotics\,, beecham\,, healthplus\,, infections\,, only, prescription",,https://eutawpharmacycare.com/wp-content/uploads/2026/04/Amoxil_20125mg-5ml_20Suspension_67009b00-ca23-4a77-8356-0f8919b08d49.jpg,,,,,,,,,0,GSK,"Amoxil 125mg/5ml Suspension","Amoxil 125mg/5ml Suspension",1,0
21402,simple,SKU-222795,,"Bonjela Teething Gel 15g",1,0,visible,,"<p>- Soothes and calms the gums<br>\n- Helps relieve pain, discomfort and inflammation caused by teething<br>\n- No artificial colours, flavours or sugar</p>",,,none,,1,,,0,0,0,,,,1,,,15170,"Oral Care","bonjela\,, care, children's, healthplus\,, management\,, oral, pain",,https://eutawpharmacycare.com/wp-content/uploads/2026/04/Bonjela_20Teething_20Gel_2015g_d955bb45-befb-4443-9275-1ee7dc1a1752.jpg,,,,,,,,,0,"Reckitt Benckiser","Bonjela Teething Gel 15g","Bonjela Teething Gel 15g",1,0
21405,simple,SKU-215353,,"Dettol Antiseptic 500ml",1,0,visible,,"<p>- Helps disinfect floors and hard surfaces<br>\n- For antibacterial treatment of water used for personal hygiene<br>\n- For washing areas affected by cuts, bites, abrasions, insect bites and stings<br>\nDettol is a safe antiseptic that keeps your family safe from bacteria on a daily basis. It is effective against germs and has been recommended by medical professionals for years to provide all-around family protection.</p>",,,none,,1,,,0,0,0,,,,1,,,13000,"First Aid","aids\,, antiseptic\,, dettol\,, first, healthplus",,https://eutawpharmacycare.com/wp-content/uploads/2026/04/Dettol_20Antiseptic_20500ml_f6e6b299-5744-4bd3-8d62-c34f8de1d5de.jpg,,,,,,,,,0,"Reckitt Benckiser","Dettol Antiseptic 500ml","Dettol Antiseptic 500ml",1,0
21408,simple,SKU-176984,,"Emzor Folic Acid Tablets x100",1,0,visible,,"<p>- Helps reduce your risk of having a baby with serious birth defects<br>\n- Provides dietary support for your cardiovascular system<br>\nEmzor Folic acid aids in the normal development of maternal tissue during pregnancy. Also, during the pre-conception stage, enough folic acid consumption is required. It also provdes dietary support for your cardiovascular system.</p>",,,none,,1,,,0,0,0,,,,1,,,420,Supplements,"acid\,, emzor\,, folic, healthplus\,, prenatal, supplements, vitamins\,",,https://eutawpharmacycare.com/wp-content/uploads/2026/04/Emzor_20Folic_20Acid_205mg_20Tablets_20X_20100.png,,,,,,,,,0,Emzor,"Emzor Folic Acid Tablets x100","Emzor Folic Acid Tablets x100",1,0
21411,simple,SKU-180600,,"Exforge HCT 10mg/320mg/25mg x28",1,0,visible,,"<p>Exforge is a fixed combination of amlodipine and valsartan. It is indicated for the treatment of hypertension, to lower blood pressure.</p>",,,none,,1,,,0,0,0,,,,1,,,27950,Hypertension,"antihypertensive\,, body, healthplus\,, hypertension\,, novartis\,, only, pain\,, prescription",,https://eutawpharmacycare.com/wp-content/uploads/2026/04/Exforge_20HCT_2010mg-320mg-25mg_20x28_1f93beb7-0ae9-4f3b-84e5-d3f3508d0676.jpg,,,,,,,,,0,Novartis,"Exforge HCT 10mg/320mg/25mg x28","Exforge HCT 10mg/320mg/25mg x28",1,0
21414,simple,SKU-203551,,"Emprofen (Ibuprofen) Children Suspension 100ml",1,0,visible,,"<p>-  Reduces temperature (including fever caused by immunisation)<br>\n- Relieves symptoms of cold and flu<br>\n- For the relief of mild to moderate pain such as<br>\nEmprofen suspension is a liquid medicine that can help to ease pain and fever in children. Suitable for children. It is used to treat aches and pains such as fever, teething etc.</p>",,,none,,1,,,0,0,0,,,,1,,,1140,"Mother & Child","&, body, child, children's, emprofen\,, fevers\,, headache, health\,, healthplus\,, migraine\,, mother, pain\,",,https://eutawpharmacycare.com/wp-content/uploads/2026/04/Emprofen_20_28Ibuprofen_29_20Children_20Suspension_20100ml_7a16a469-1a05-42f3-a48d-445f31d6dbaf.jpg,,,,,,,,,0,Emzor,"Emprofen (Ibuprofen) Children Suspension 100ml","Emprofen (Ibuprofen) Children Suspension 100ml",1,0
21417,simple,SKU-272814,,"Emzor Paracetamol Drops 15ml",1,0,visible,,"<p>-  Relieves mild to moderate pain<br>\n- Reduces fever<br>\nEmzor Paracetamol Syrup is used for the fast relief from pains, feverish conditions, teething pains, cold symptoms, headache, earache, and general body aches in babies.</p>",,,none,,1,,,0,0,0,,,,1,,,900,"Mother & Child","&, child, children's, emzor\,, fevers\,, headache, health\,, healthplus\,, migraine\,, mother",,https://eutawpharmacycare.com/wp-content/uploads/2026/04/Emzor_20Paracetamol_20Drops_2015ml_d31f5bc5-70fb-4c36-bb87-1ffcf92093ea.png,,,,,,,,,0,Emzor,"Emzor Paracetamol Drops 15ml","Emzor Paracetamol Drops 15ml",1,0
21420,simple,SKU-345258,,"Feroglobin Plus Vitabiotics 200ml",1,0,visible,,,,,none,,1,,,0,0,0,,,,1,,,25490,Uncategorized,"healthplus\,, sore, throat",,https://eutawpharmacycare.com/wp-content/uploads/2026/04/Feroglobin_20Plus_20Vitabiotics_20200ml.png,,,,,,,,,0,"HealthPlus Pharmacy","Feroglobin Plus Vitabiotics 200ml","Feroglobin Plus Vitabiotics 200ml",1,0
21423,simple,SKU-267582,,"Flu-Cof Caplets x4",1,0,visible,,"<p>- Relieves cold, catarrh and cough symptoms<br>\nThis combination medication is used to treat symptoms caused by the common cold, flu, sneezing, and cough. It also helps relieve nasal congestion, sore throat and fever.</p>",,,none,,1,,,0,0,0,,,,1,,,340,Cold,"cold\,, congestion, cough\,, flu-cof\,, healthplus\,, nasal",,https://eutawpharmacycare.com/wp-content/uploads/2026/04/Flu-Cof_20Caplets_20x4_22695d08-8d3a-486e-8b06-847d65af0e7b.jpg,,,,,,,,,0,"Vixa Pharmaceutical","Flu-Cof Caplets x4","Flu-Cof Caplets x4",1,0
21426,simple,SKU-110527,,"Gestid Suspension 100ml",1,0,visible,,"<p>- For the relief of heartburn and indigestion<br>\n- Helps relieve bloating<br>\nGestid Suspension is an effective relief for heartburn, indigestion, and bloating associated with gas. It contains Simethicone which has anti-flatulent properties.</p>",,,none,,1,,,0,0,0,,,,1,,,2000,"Digestive Care","antacids\,, care\,, digestive, gestid\,, healthplus",,https://eutawpharmacycare.com/wp-content/uploads/2026/04/Gestid_20Suspension_20100ml_23615b91-0001-4473-85f0-f12aa71128b0.jpg,,,,,,,,,0,Ranbaxy,"Gestid Suspension 100ml","Gestid Suspension 100ml",1,0
21429,simple,SKU-140342,,"Getzome Omeprazole 20mg x14",1,0,visible,,"<p>Omeprazole is a medication that is used to treat the symptoms of GERD and other illnesses caused by too much stomach acid. It's also used to help with erosive esophagitis recovery (damage to your esophagus caused by stomach acid).</p>",,,none,,1,,,0,0,0,,,,1,,,2490,"Digestive Care","care\,, digestive, getzome\,, healthplus\,, ulcer",,https://eutawpharmacycare.com/wp-content/uploads/2026/04/Getzome_20Omeprazole_2020mg_20x14_8850f868-2577-4348-adfe-b7a499db1910.jpg,,,,,,,,,0,"Getz Pharma","Getzome Omeprazole 20mg x14","Getzome Omeprazole 20mg x14",1,0
21432,simple,SKU-225209,,"Ivymoicell Eye Drop 10ml",1,0,visible,,"<p>Ivymoicell Eye Drop belongs to the group of medicines known as artificial tears. It is used to relieve dryness and irritation caused by reduced tear flow. It helps prevent damage to the eye in certain eye diseases.</p>",,,none,,1,,,0,0,0,,,,1,,,2120,"Eye Care","care\,, dry, eye, eyes\,, healthplus\,, ivymoicell",,https://eutawpharmacycare.com/wp-content/uploads/2026/04/Ivymoicell_20Eye_20Drop_2010ml.jpg,,,,,,,,,0,Ivymoicell,"Ivymoicell Eye Drop 10ml","Ivymoicell Eye Drop 10ml",1,0
21435,simple,SKU-117962,,"Mason Natural Zinc 50mg Tablets x 100",1,0,visible,,"<p>- Supports immune health<br>\n- Promotes prostate health<br>\nZinc is an essential mineral that is involved in a variety of enzymatic processes. It is a vital component of the body's antioxidant systems and supports a healthy immune system and functioning. Zinc aids cell proliferation and DNA formation, as well as contributing to healthy skin.</p>",,,none,,1,,,0,0,0,,,,1,,,10450,Supplements,"antioxidants\,, healthplus\,, mason, natural\,, supplements",,https://eutawpharmacycare.com/wp-content/uploads/2026/04/Mason_20Natural_20Zinc_2050mg_20Tablets_20x_20100.jpg,,,,,,,,,0,"Mason Natural","Mason Natural Zinc 50mg Tablets x 100","Mason Natural Zinc 50mg Tablets x 100",1,0
21438,simple,SKU-115196,,"Mupiderm Ointment 15g",1,0,visible,,"<p>Mupiderm ointment is an antibiotic indicated for the topical treatment of impetigo (skin diseases) due to Staphylococcus aureus and Streptococcus pyogenes. It is also indicated in folliculitis, furunculosis.</p>",,,none,,1,,,0,0,0,,,,1,,,5500,Infections,"antibiotics\,, healthplus\,, infections\,, mupiderm",,https://eutawpharmacycare.com/wp-content/uploads/2026/04/Mupiderm_20Ointment_2015g_8ce75cd7-8de5-497d-912c-7bc5db6e7b1b.jpg,,,,,,,,,0,"Aquatix Pharmaceuticals","Mupiderm Ointment 15g","Mupiderm Ointment 15g",1,0
21441,simple,SKU-338183,,"Mycota Cream 25g",1,0,visible,,"<p>- Provides fast effective treatment for athlete's foot<br>\n- Relieves discomfort of athlete's foot</p>",,,none,,1,,,0,0,0,,,,1,,,5840,Antifungal,"antifungal\,, athlete's, foot\,, healthplus\,, mycota",,https://eutawpharmacycare.com/wp-content/uploads/2026/04/Mycota_20Cream_2025g_af9ce971-6662-4b60-b1e4-be5f583245c4.jpg,,,,,,,,,0,Mycota,"Mycota Cream 25g","Mycota Cream 25g",1,0
21444,simple,SKU-246729,,"Nature's Field Fertil Support Woman x100",1,0,visible,,"<p>- Promotes fertility in women<br>\n- Helps to promote hormonal balance<br>\n- Helps increase your chances of becoming pregnant<br>\nFertil Support Woman is a nutritional supplement from Nature's Field that helps women get pregnant by revitalizing healthy eggs and encouraging hormonal balance. Fertil Support Woman fosters female fertility and reproductive health through a holistic approach to female reproductive health. Fertil Support Woman should be used for at least three cycles in order to see improvements in fertility health.</p>",,,none,,1,,,0,0,0,,,,1,,,37170,"Fertility Support","fertility, field, healthplus\,, nature's, support\,",,https://eutawpharmacycare.com/wp-content/uploads/2026/04/Nature_27s_20Field_20Fertil_20Support_20Woman_20x100_26b57db3-d226-4cd1-8a21-911bb25331d0.jpg,,,,,,,,,0,Sylken,"Nature's Field Fertil Support Woman x100","Nature's Field Fertil Support Woman x100",1,0
21447,simple,SKU-265074,,"Nature's Field Super Calcium + D3 x100",1,0,visible,,"<p>- Helps to prevent or treat low blood calcium levels<br>\n- Vital for building strong bones and teeth<br>\nCalcium (600mg) and Vitamin D3 (400iu) are combined in Nature's Field Super Calcium +D3 to assist improve bone and tooth health and minimize the risk of osteoporosis. Calcium and vitamin D are essential for maintaining bone health. Calcium is the most important mineral for strong bones, and vitamin D3 is required to help calcium absorb into the bones.  Calcium is necessary for the development of strong bones and teeth and is also required for muscular function, neuron function, hormone release, and the support of various enzyme functions in the body.</p>",,,none,,1,,,0,0,0,,,,1,,,21190,"Bone & Joints","&, bone, field\,, healthplus\,, joints\,, nature's, supplements",,https://eutawpharmacycare.com/wp-content/uploads/2026/04/Nature_27s_20Field_20Super_20Calcium_20_2B_20D3_20x100_f8f0b011-cd75-40e8-ad61-f68956e692ed.jpg,,,,,,,,,0,Sylken,"Nature's Field Super Calcium + D3 x100","Nature's Field Super Calcium + D3 x100",1,0
21450,simple,SKU-270219,,"Nature's Field Calcium Magnesium & Zinc x100",1,0,visible,,"<p>- Effective for treating and preventing hypocalcemia<br>\n- Promotes bone health<br>\nNature's Field Calcium, Magnesium, and Zinc supplies three of the most important minerals your body requires to acquire and maintain excellent health in one tablet. Calcium contributes to the strength and health of your bones and teeth. Calcium also aids in the regulation of muscle contraction, particularly heart muscle pounding. Magnesium enhances calcium absorption by regulating calcium transport and stimulating the release of calcitonin, a hormone that aids calcium absorption.Zinc is required for bone healing and is a component of bone repair.</p>",,,none,,1,,,0,0,0,,,,1,,,12640,"Bone & Joints","&, bone, field\,, healthplus\,, joints\,, nature's, supplements",,https://eutawpharmacycare.com/wp-content/uploads/2026/04/Nature_27s_20Field_20Calcium_20Magnesium_20and_20Zinc_20x100_4b4f357b-3885-44a4-9e6f-7ca2f088c3b5.jpg,,,,,,,,,0,Sylken,"Nature's Field Calcium Magnesium & Zinc x100","Nature's Field Calcium Magnesium & Zinc x100",1,0
21453,simple,SKU-217023,,"Nature's Field Tongra x60",1,0,visible,,"<p>- Boosts sexual libido and arousal<br>\n- Natural sexual performance enhancer <br>\n- Helps boost your testosterone levels<br>\nTongra is a herbal supplement made by Nature's Field for guys who want to get the most out of their sexual partners. Tongra allows you to stay in bed for extended periods of time. Tribulus Terrestris Root Extract, Avena Sativa Herb, Maca, Ashwagandha Root, Tongkat Ali, Horny Goat Weed, and other well-researched herbs improve sexual well-being. Tongra is used to treat erectile dysfunction and reduced libido when taken over time.</p>",,,none,,1,,,0,0,0,,,,1,,,36900,"Libido Enhancer","dysfunction\,, enhancer\,, enhancers\,, erectile, field, healthplus\,, libido, nature's",,https://eutawpharmacycare.com/wp-content/uploads/2026/04/Nature_27s_20Field_20Tongra_20x60_59177a49-d28d-4ddf-ad41-d0513e97e64e.jpg,,,,,,,,,0,Sylken,"Nature's Field Tongra x60","Nature's Field Tongra x60",1,0
21456,simple,SKU-270242,,"Nature's Field EyeCap x30",1,0,visible,,"<p>- Powerful antioxidant blend<br>\n- Formulated with essential vitamins and minerals<br>\nNature's Field EyeCap is an eye antioxidant, vitamin, and mineral mix that includes zeaxanthin, lutein, and bilberry to help maintain healthy eyesight and eye health. Lutein and zeaxanthin may assist to prevent or reduce the progression of age-related molecular degeneration (AMD).</p>",,,none,,1,,,0,0,0,,,,1,,,19110,"Eye Care","care\,, eye, field, healthplus\,, nature's, support\,",,https://eutawpharmacycare.com/wp-content/uploads/2026/04/Nature_27s_20Field_20EyeCap_20x30_5e8ccc3f-656e-4a59-81aa-0ac2ab99acb7.jpg,,,,,,,,,0,Sylken,"Nature's Field EyeCap x30","Nature's Field EyeCap x30",1,0
21459,simple,SKU-387220,,"Otrivine Adult Nasal Drops 1% 10ml",1,0,visible,,"<p>- Helps to open up and clear nasal passages<br>\n- Last for up to 10 hours</p>",,,none,,1,,,0,0,0,,,,1,,,16370,"Nasal Congestion","congestion\,, healthplus\,, nasal, otrivine",,https://eutawpharmacycare.com/wp-content/uploads/2026/04/Otrivine_20Adult_20Nasal_20Drops_201_2010ml.jpg,,,,,,,,,0,Novartis,"Otrivine Adult Nasal Drops 1% 10ml","Otrivine Adult Nasal Drops 1% 10ml",1,0
21462,simple,SKU-139160,,"Suitrox 500mg x3 Tablets",1,0,visible,,"<p>Suitrox Capsule is an antibiotic used to treat different types of bacterial infections. It is used to treat severe cases of sinusitis, certain cases of pneumonia, inflammation of the throat caused by bacterial infections, certain bacterial skin infections, inflammation of the urethra caused by bacterial infections, inflammation of the cervix, certain genital diseases.</p>",,,none,,1,,,0,0,0,,,,1,,,13820,Infections,"antibiotics\,, anxiolytic\,, glek\,, healthplus\,, infections\,, only, prescription",,https://eutawpharmacycare.com/wp-content/uploads/2026/04/Suitrox_20500mg_20x3_20Tablets.jpg,,,,,,,,,0,Glek,"Suitrox 500mg x3 Tablets","Suitrox 500mg x3 Tablets",1,0
21465,simple,SKU-341146,,"Valupak Garlic 3mg x30",1,0,visible,,,,,none,,1,,,0,0,0,,,,1,,,4000,Uncategorized,healthplus,,https://eutawpharmacycare.com/wp-content/uploads/2026/04/Valupak_20Garlic_203mg_20x30_3ff4c7ea-80e8-4e18-8c0f-aba4cc6b21ac.jpg,,,,,,,,,0,"HealthPlus Pharmacy","Valupak Garlic 3mg x30","Valupak Garlic 3mg x30",1,0
21468,simple,SKU-110356,,"Xarelto 10mg Tablets x10",1,0,visible,,"<p>xarelto is indicated to reduce the risk of stroke and systemic embolism in patients with nonvalvular atrial fibrillation.</p>",,,none,,1,,,0,0,0,,,,1,,,31730,"Chronic Diseases","'-, anticoagulants\,, bayer\,, chronic, diseases, healthplus\,, only, others\,, prescription",,https://eutawpharmacycare.com/wp-content/uploads/2026/04/Xarelto_2010mg_20Tablets_20x10_ec6cb82e-dab5-4254-a896-609ffb1bacfb.jpg,,,,,,,,,0,Bayer,"Xarelto 10mg Tablets x10","Xarelto 10mg Tablets x10",1,0
21471,simple,SKU-339846,,"Swanson Maca 500mg x100 Capsules",1,0,visible,,"<p>- Used by men and women to promote vitality, sexuality, hormone balance and stamina<br>\n- Supports sexual health<br>\nSwanson Maca contains 500mg of pure maca root powder to help men and women increase their sexual drive (libido), sexual energy, and fertility. Although maca root is low in calories, it is high in vitamin C, iron, potassium, and copper. Maca has been used by Peruvian indigenous peoples for years for its nutritional and aphrodisiac properties, as well as as a general energy tonic for men's sexual performance.</p>",,,none,,1,,,0,0,0,,,,1,,,30000,"Libido Enhancer","enhancer\,, enhancers\,, healthplus\,, libido, supplements\,, swanson",,https://eutawpharmacycare.com/wp-content/uploads/2026/04/Swanson_20Maca_20500mg_20x100_20Capsules_dd014008-a575-4b9d-8080-c57a1e0f4e8b.jpg,,,,,,,,,0,Swanson,"Swanson Maca 500mg x100 Capsules","Swanson Maca 500mg x100 Capsules",1,0
21474,simple,SKU-339867,,"Swanson Passion Tongkat Ali 400 mg x120",1,0,visible,,"<p>- Supports sexual drive and libido<br>\n- Maintains hormonal health<br>\n- Enhances endurance and stamina<br>\nTongkat ali is a traditional Southeast Asian herbal cure that has been used for many years. It may help treat male infertility, enhance mood, and build muscular mass.</p>",,,none,,1,,,0,0,0,,,,1,,,55000,"Libido Enhancer","enhancer\,, enhancers\,, healthplus\,, libido, supplements\,, swanson",,https://eutawpharmacycare.com/wp-content/uploads/2026/04/Swanson_20Passion_20Tongkat_20Ali_20400_20mg_20x120_67165b48-0a61-4d59-9fce-d3cb53b87de3.jpg,,,,,,,,,0,Swanson,"Swanson Passion Tongkat Ali 400 mg x120","Swanson Passion Tongkat Ali 400 mg x120",1,0
21477,simple,SKU-339877,,"Swanson Saw Palmetto 540mg x250",1,0,visible,,"<p>- Supports a healthy prostate<br>\n- Maintain healthy urinary tract function<br>\nSwanson's Saw Palmetto is a dietary supplement available in capsules. One capsule contains 540 mg of the active substance, which is a natural support for maintaining prostate health and optimal function, as well as reproductive function. Saw palmetto may also help males over the age of 45 maintain healthy urinary tract function.</p>",,,none,,1,,,0,0,0,,,,1,,,63640,Supplements,"healthplus\,, prostate, supplements\,, support\,, swanson",,https://eutawpharmacycare.com/wp-content/uploads/2026/04/Swanson_20Saw_20Palmetto_C2_A0540mg_20x250_5060dd28-62a0-4b59-b5a6-5ab3dd291900.jpg,,,,,,,,,0,Swanson,"Swanson Saw Palmetto 540mg x250","Swanson Saw Palmetto 540mg x250",1,0
21480,simple,SKU-339816,,"Swanson Chasteberry Fruit Capsules 400mg x120",1,0,visible,,"<p>- Supports hormone production and balance<br>\n- Helps ease women's monthly discomfort<br>\nChasteberry fruit, also known as vitex agnus-castus, is a beneficial women's health supplement that has been utilized as a herbal cure for women suffering from PMS and other symptoms. It can help women face their monthly struggle. Many of the benefits of chasteberry are due to its capacity to improve hormone regulation in the body, which helps to boost skin and reproductive health and aids women going through menopause.</p>",,,none,,1,,,0,0,0,,,,1,,,22500,Supplements,"healthplus\,, kidney, menopause\,, supplements\,, support\,, swanson",,https://eutawpharmacycare.com/wp-content/uploads/2026/04/Swanson_20Chasteberry_20Fruit_20Capsules_20400mg_20x120_0780614b-0d36-43aa-b26d-9228603f1d00.jpg,,,,,,,,,0,Swanson,"Swanson Chasteberry Fruit Capsules 400mg x120","Swanson Chasteberry Fruit Capsules 400mg x120",1,0
21483,simple,SKU-339815,,"Swanson Chanca Piedra 500mg x60",1,0,visible,,"<p>- Supports kidney and liver health<br>\nSwanson Chanca Piedra is known to possess active phytonutrients considered to be responsible for it's benefits. It helps support kidney and liver health.</p>",,,none,,1,,,0,0,0,,,,1,,,33340,Supplements,"healthplus\,, liver, supplements\,, support\,, swanson",,https://eutawpharmacycare.com/wp-content/uploads/2026/04/Swanson_20Chanca_20Piedra_20500mg_20x60_3abbca05-b0bf-4c01-82d8-0182f8b10780.jpg,,,,,,,,,0,Swanson,"Swanson Chanca Piedra 500mg x60","Swanson Chanca Piedra 500mg x60",1,0
21486,simple,SKU-163946,,"Aciclovir (Ranbaxy) 200mg x25",1,0,visible,,"<p>Aciclovir is used to treat infections caused by certain types of viruses. It treats cold sores around the mouth (caused by herpes simplex), shingles (caused by herpes zoster), and chickenpox.This medication is also used to treat outbreaks of genital herpes.</p>",,,none,,1,,,0,0,0,,,,1,,,7340,Infections,"aciclovir\,, antiviral\,, healthplus\,, infections\,, only, prescription",,https://eutawpharmacycare.com/wp-content/uploads/2026/04/Aciclovir_20_28Ranbaxy_29_20200mg_20x25_33fe4b96-391c-496d-97f8-6796b38070c4.jpg,,,,,,,,,0,Ranbaxy,"Aciclovir (Ranbaxy) 200mg x25","Aciclovir (Ranbaxy) 200mg x25",1,0
21489,simple,SKU-270274,,"Nature’s Field Korean Ginseng Tablets x60",1,0,visible,,"<p>- Helps protect your body against oxidative stress<br>\n- Helps improve brain functions like memory, behavior, and mood<br>\n- Helps stimulate physical and mental activity in people who feel weak and tired</p>",,,none,,1,,,0,0,0,,,,1,,,10350,Supplements,"energy, field\,, healthplus\,, nature's, supplements, support\,",,https://eutawpharmacycare.com/wp-content/uploads/2026/04/Nature_E2_80_99s_20Field_20Korean_20Ginseng_20Tablets_20x60_e3d0c495-0f5d-4af0-a792-deb232effd06.jpg,,,,,,,,,0,Sylken,"Nature’s Field Korean Ginseng Tablets x60","Nature’s Field Korean Ginseng Tablets x60",1,0
21492,simple,SKU-303540,,"Trojan Magnum XL Condoms x3",1,0,visible,,"<p>- Tapered at the base for a secure fit<br>\n- Silky smooth lubricant for comfort and sensitivity<br>\n- Made from premium quality latex</p>",,,none,,1,,,0,0,0,,,,1,,,8920,"Sexual Health","condoms\,, contraceptives\,, family, healthplus\,, planning\,, trojan",,https://eutawpharmacycare.com/wp-content/uploads/2026/04/Trojan_20Magnum_20XL_20Condoms_20x3_6c2f32bf-c7d0-4c4f-ad78-4dd6476848c9.jpg,,,,,,,,,0,Trojan,"Trojan Magnum XL Condoms x3","Trojan Magnum XL Condoms x3",1,0
21495,simple,SKU-355631,,"Relumins Resveratrol R3 x120",1,0,visible,,"<p>- Contains grape seed extract which neutralizes some effects of sun exposure, and helps prevent wrinkles and discoloration<br>\n- Helps the skin retain its natural stores of collagen<br>\n- Antioxidant properties</p>",,,none,,1,,,0,0,0,,,,1,,,92010,Supplements,"healthplus\,, relumins\,, supplements",,https://eutawpharmacycare.com/wp-content/uploads/2026/04/Relumins_20Resveratrol_20R3_20x120_c73590ef-4657-46cb-81a3-2680326ac47b.jpg,,,,,,,,,0,Relumins,"Relumins Resveratrol R3 x120","Relumins Resveratrol R3 x120",1,0
21498,simple,SKU-355726,,"Revive Active Ubiquinol Coenzyme Q10 Capsules x30",1,0,visible,,"<p>- Supports energy production <br>\n- Supports the body’s natural production of CoQ10<br>\n- Antioxidant properties</p>",,,none,,1,,,0,0,0,,,,1,,,141640,Supplements,"active\,, antioxidants\,, healthplus\,, revive, supplements",,https://eutawpharmacycare.com/wp-content/uploads/2026/04/Revive_20Active_20Ubiquinol_20Coenzyme_20Q10_20Capsules_20x30_ea7b904a-35db-4f71-aa60-70a486c4408f.jpg,,,,,,,,,0,"Revive Active","Revive Active Ubiquinol Coenzyme Q10 Capsules x30","Revive Active Ubiquinol Coenzyme Q10 Capsules x30",1,0
21501,simple,SKU-364733,,"Benylin Mucus Cough Max Menthol 150ml",1,0,visible,,"<p>- Thins and loosens chest mucus<br>\n- Reduces chest congestion<br>\n- Non-drowsy</p>",,,none,,1,,,0,0,0,,,,1,,,11980,Cough,"benylin\,, cough\,, healthplus",,https://eutawpharmacycare.com/wp-content/uploads/2026/04/Benylin_20Mucus_20Cough_20Max_20Menthol_20150ml_5a5d32ed-6ce5-4793-9b45-c26a84feb4f3.jpg,,,,,,,,,0,Benylin,"Benylin Mucus Cough Max Menthol 150ml","Benylin Mucus Cough Max Menthol 150ml",1,0
21504,simple,SKU-SKU-NG-85578,,"Imodium Instant Melts Tablets x6",1,0,visible,,"<p>- Dissolves instantly on the tongue for on-the-go relief from diarrhoea<br>\n- Provide fast relief in under 1 hour</p>",,,none,,1,,,0,0,0,,,,1,,,16650,"Digestive Care","antidiarrheal\,, care\,, digestive, healthplus\,, imodium\,, otc",,https://eutawpharmacycare.com/wp-content/uploads/2026/04/Imodium_20Instant_20Melts_20Tablets_20x6_15c815d7-f30d-4536-a97e-c5d18a920021.jpg,,,,,,,,,0,Imodium,"Imodium Instant Melts Tablets x6","Imodium Instant Melts Tablets x6",1,0
21507,simple,SKU-237877,,"Olbas Oil Inhalant Decongestant 12ml",1,0,visible,,"<p>- Provides relief from catarrh, colds and blocked sinuses<br>\n- Non-greasy</p>",,,none,,1,,,0,0,0,,,,1,,,14170,Cold,"cold\,, congestion\,, healthplus\,, nasal, olbas\,, otc",,https://eutawpharmacycare.com/wp-content/uploads/2026/04/Olbas_20Oil_20Inhalant_20Decongestant_2012ml.jpg,,,,,,,,,0,Olbas,"Olbas Oil Inhalant Decongestant 12ml","Olbas Oil Inhalant Decongestant 12ml",1,0
21510,simple,SKU-SKU-NG-91089,,"Valupak Cranberry 2000mg Tablets x30",1,0,visible,,"<p>- Helps maintain urinary health <br>\n- Helps reduce the frequency of urinary tract infections</p>",,,none,,1,,,0,0,0,,,,1,,,9260,Supplements,"family, Health, health\,, healthplus\,, supplements\,, urinary, valupak\,, women's",,https://eutawpharmacycare.com/wp-content/uploads/2026/04/Valupak_20Cranberry_202000mg_20Tablets_20x30_9a3f34f0-f530-427c-8181-064ca2764372.jpg,,,,,,,,,0,Valupak,"Valupak Cranberry 2000mg Tablets x30","Valupak Cranberry 2000mg Tablets x30",1,0
21513,simple,SKU-349384,,"Centrum Advance Multivitamin Tablets x30",1,0,visible,,"<p>- A comprehensive daily multivitamin and multimineral supplement with balanced nutrient combinations<br>\n- Contains vitamin D to support muscle health<br>\n- Supports immune system function<br>\n- Contributes to the normal function of digestive enzymes</p>",,,none,,1,,,0,0,0,,,,1,,,23370,Vitamins,"centrum\,, health\,, healthplus\,, men's, multivitamins\,, supplements\,, vitamins",,https://eutawpharmacycare.com/wp-content/uploads/2026/04/w9tgciaojc6wlcgtqrza.png,,,,,,,,,0,GSK,"Centrum Advance Multivitamin Tablets x30","Centrum Advance Multivitamin Tablets x30",1,0
21516,simple,SKU-349141,,"Camosunate Pediatric Powder (Below 1 year) x6 Satchets",1,0,visible,,"<p>Camosunate contains a combination of artesunate and amodiaquine. It is used to treat the symptoms of malaria.</p>",,,none,,1,,,0,0,0,,,,1,,,1190,Malaria,"camosunate\,, healthplus\,, malaria, malaria\,, treatment",,https://eutawpharmacycare.com/wp-content/uploads/2026/04/Camosunate_20Pediatric_20Powder_20_28Below_201_20year_29_20x6_20Satchets_c0980254-b33b-4b3e-b31c-4c2bb07dcbda.png,,,,,,,,,0,Geneith,"Camosunate Pediatric Powder (Below 1 year) x6 Satchets","Camosunate Pediatric Powder (Below 1 year) x6 Satchets",1,0
21519,simple,SKU-272819,,"Emzor Vitamin E 1000mg x30",1,0,visible,,"<p>- Supports immune system function<br>\n- Great for skin health, hair and nails<br>\n- Powerful antioxidant</p>",,,none,,1,,,0,0,0,,,,1,,,11410,Vitamins,"e\,, emzor\,, healthplus\,, supplements\,, vitamin, vitamins",,https://eutawpharmacycare.com/wp-content/uploads/2026/04/Emzor_20Vitamin_20E_201000mg_20x30_442a8e9d-96fb-4021-965b-ac93920aecae.jpg,,,,,,,,,0,Emzor,"Emzor Vitamin E 1000mg x30","Emzor Vitamin E 1000mg x30",1,0
21522,simple,SKU-349798,,"Choice Organics Oolong Tea X 16",1,0,visible,,"<p>- It may help improve blood sugar control<br>\n- Helps promote a healthier balance of gut bacteria<br>\n- Helps decrease stress</p>",,,none,,1,,,0,0,0,,,,1,,,1900,Supplements,"choice, healthplus\,, organics\,, supplements",,https://eutawpharmacycare.com/wp-content/uploads/2026/04/Choice_20Organics_20Oolong_20Tea_20x16_058698d5-4064-46ee-91ce-b095d5bd88bd.jpg,,,,,,,,,0,"Choice Organics","Choice Organics Oolong Tea X 16","Choice Organics Oolong Tea X 16",1,0
21525,simple,SKU-123308,,"Zoloft 50mg x15",1,0,visible,,"<p>Zoloft is used to treat depression, panic attacks, obsessive compulsive disorder, post-traumatic stress disorder, social anxiety disorder, and a severe form of premenstrual syndrome (premenstrual dysphoric disorder).</p>",,,none,,1,,,0,0,0,,,,1,,,10910,"Chronic Diseases","'-, antidepressant\,, chronic, diseases, healthplus\,, only\,, others\,, prescription, zoloft",,https://eutawpharmacycare.com/wp-content/uploads/2026/04/Zoloft_2050mg_20x15_518f7415-ac7c-4f18-a5cc-2365d071d0e5.jpg,,,,,,,,,0,Pfizer,"Zoloft 50mg x15","Zoloft 50mg x15",1,0
21528,simple,SKU-265022,,"P-Alaxin (Dihydroartemisinin/Piperaquine) Tabs x12",1,0,visible,,"<p>P-alaxin is used in the treatment of uncomplicated malaria, as it affects the growth of the parasite which causes malaria. Active ingredients are Dihydroartemisinin and Piperaquine.</p>",,,none,,1,,,0,0,0,,,,1,,,2340,Malaria,"featured, healthplus\,, malaria, malaria\,, p-alaxin, product\,, treatment\,",,https://eutawpharmacycare.com/wp-content/uploads/2026/04/P-Alaxin_20_28Dihydroartemisinin-Piperaquine_29_20Tabs_20x12_75a30743-b4eb-4def-b373-992446ce78d6.jpg,,,,,,,,,0,"Bliss GVS","P-Alaxin (Dihydroartemisinin/Piperaquine) Tabs x12","P-Alaxin (Dihydroartemisinin/Piperaquine) Tabs x12",1,0
21531,simple,SKU-349457,,"Ceres Red Grape Juice 275ml",1,0,visible,,"<p>- 100% juice blend <br>\n- No added sugars <br>\n- No artificial flavors<br>\n- No preservatives added</p>",,,none,,1,,,0,0,0,,,,1,,,3720,"Household Supplies","ceres\,, fruit, healthplus\,, household, juice\,, supplies",,https://eutawpharmacycare.com/wp-content/uploads/2026/04/Ceres_20Red_20Grape_20Juice_20275ml.jpg,,,,,,,,,0,Ceres,"Ceres Red Grape Juice 275ml","Ceres Red Grape Juice 275ml",1,0
21534,simple,SKU-140364,,"Diabetmin (Metformin) 500mg Blister Tablets x100",1,0,visible,,"<p>Diabetmin is an oral diabetic medication that helps control blood sugar levels. It is used in patients with type 2 diabetes.</p>",,,none,,1,,,0,0,0,,,,1,,,6660,Diabetes,"diabetes, diabetes\,, healthplus\,, hovid\,, medication\,, only, prescription",,https://eutawpharmacycare.com/wp-content/uploads/2026/04/Diabetmin_20_28Metformin_29_20500mg_20Blister_20Tablets_20x100_5c92a49d-ba6d-4242-949c-c8affd222d6a.png,,,,,,,,,0,Hovid,"Diabetmin (Metformin) 500mg Blister Tablets x100","Diabetmin (Metformin) 500mg Blister Tablets x100",1,0
21537,simple,SKU-106625,,"Hydrex 25mg Tablets x 100",1,0,visible,,"<p>Hydrex is used to treat high blood pressure. Lowering high blood pressure helps prevent strokes, heart attacks, and kidney problems. Hydrochlorothiazide belongs to a class of drugs known as diuretics.</p>",,,none,,1,,,0,0,0,,,,1,,,2250,Hypertension,"antihypertensive\,, body, healthplus\,, hydrex\,, hypertension\,, only, pain\,, prescription",,https://eutawpharmacycare.com/wp-content/uploads/2026/04/Hydrex_2025mg_20Tablets_20x_20100.png,,,,,,,,,0,Juhel,"Hydrex 25mg Tablets x 100","Hydrex 25mg Tablets x 100",1,0
21540,simple,SKU-183801,,"Cenpain Night Caplets x20",1,0,visible,,"<p>- It is used for the relief of headache, joint pain, period pain, and toothache<br>\n- It helps you get the restful sleep you need to wake up feeling refreshed and rejuvenated<br>\n- It also provides relief from fever</p>",,,none,,1,,,0,0,0,,,,1,,,660,"Sleep Aid","aid, analgesics\,, antioxidants\,, cenpain, headache\,, healthplus\,, night\,, oral, sleep",,https://eutawpharmacycare.com/wp-content/uploads/2026/04/Cenpain_20Night_20Caplets_20x_2020.png,,,,,,,,,0,"Tuyil Pharmaceuticals","Cenpain Night Caplets x20","Cenpain Night Caplets x20",1,0
21543,simple,SKU-114998,,"Mason Natural Selenium 200mcg Tablets x 60",1,0,visible,,"<p>- Supports immune and prostate health<br>\n- Powerful antioxidant that may be helpful in defending the body against oxidative stress that can weaken the immune system<br>\n- Promotes a healthy inflammatory response</p>",,,none,,1,,,0,0,0,,,,1,,,5400,Supplements,"healthplus\,, immune, mason, natural\,, supplements, support\,",,https://eutawpharmacycare.com/wp-content/uploads/2026/04/Mason_20Natural_20Selenium_20200mcg_20Tablets_20x_2060.jpg,,,,,,,,,0,"Mason Natural","Mason Natural Selenium 200mcg Tablets x 60","Mason Natural Selenium 200mcg Tablets x 60",1,0
21546,simple,SKU-270371,,"Wellwoman Sport Tablets x 30",1,0,visible,,"<p>- Supports performance and energy release <br>\n- Contributes to the reduction of tiredness and fatigue<br>\n- Doubles up as a comprehensive multivitamin to support general health and vitality</p>",,,none,,1,,,0,0,0,,,,1,,,14270,Supplements,"energy, healthplus\,, supplements\,, support\,, vitabiotics",,https://eutawpharmacycare.com/wp-content/uploads/2026/04/Wellwoman_20Sport_20Tablets_20x_2030.png,,,,,,,,,0,Vitabiotics,"Wellwoman Sport Tablets x 30","Wellwoman Sport Tablets x 30",1,0
21549,simple,SKU-341166,,"Valupak Vitamin E 400IU Capsules x 30",1,0,visible,,"<p>- Strengthens the immune system<br>\n- Antioxidant properties<br>\n- Supports healthy skin</p>",,,none,,1,,,0,0,0,,,,1,,,8150,Vitamins,"e\,, family, health\,, healthplus\,, immune, men's, supplements\,, support\,, valupak\,, vitamin, vitamins",,https://eutawpharmacycare.com/wp-content/uploads/2026/04/Valupak_20Vitamin_20E_20400IU_20Capsules_20x30_9fdbacae-522d-4b5e-b391-5077f44888ba.png,,,,,,,,,0,Valupak,"Valupak Vitamin E 400IU Capsules x 30","Valupak Vitamin E 400IU Capsules x 30",1,0
21552,simple,SKU-365882,,"Floradix Neuro Balance 250ml",1,0,visible,,"<p>- Contributes to the normal function of the nervous system<br>\n- Helps to improve the body’s resistance to stress<br>\n- Improves health and well-being</p>",,,none,,1,,,0,0,0,,,,1,,,25460,Supplements,"family, floradix\,, health\,, healthplus\,, nerve, relief\,, stress, supplements, support\,",,https://eutawpharmacycare.com/wp-content/uploads/2026/04/Floradix_20Neuro_20Balance_20250ml.png,,,,,,,,,0,Floradix,"Floradix Neuro Balance 250ml","Floradix Neuro Balance 250ml",1,0
21555,simple,SKU-337797,,"Minadex Multivitamin Liquid 300ml",1,0,visible,,"<p>-  Contributes to the normal function of the immune system<br>\n- Supports normal energy-yielding metabolism and the reduction of tiredness and fatigue<br>\n- Supports normal growth and development of bones</p>",,,none,,1,,,0,0,0,,,,1,,,11000,Vitamins,"health\,, healthplus\,, immune, kid's, minadex\,, multivitamins\,, supplements\,, support\,, vitamins",,https://eutawpharmacycare.com/wp-content/uploads/2026/04/Minadex_20Multivitamin_20Liquid_20300ml.jpg,,,,,,,,,0,Minadex,"Minadex Multivitamin Liquid 300ml","Minadex Multivitamin Liquid 300ml",1,0
21558,simple,SKU-365861,,"Bioglan SmartKids Brain Formula Omega-3 Capsules x 30",1,0,visible,,"<p>- Supports healthy brain function<br>\n- Contributes to normal vision<br>\n- Helps maintain general health and wellness</p>",,,none,,1,,,0,0,0,,,,1,,,16710,Supplements,"bioglan\,, brain, children's, Health, health\,, healthplus\,, kid's, supplements\,, support\,, women's",,https://eutawpharmacycare.com/wp-content/uploads/2026/04/ayaciigcigl24nopvtbq_1cccaf04-08a8-461c-9188-98ab5a07c4d6.png,,,,,,,,,0,Bioglan,"Bioglan SmartKids Brain Formula Omega-3 Capsules x 30","Bioglan SmartKids Brain Formula Omega-3 Capsules x 30",1,0
21561,simple,SKU-365868,,"Centrum Advance Multivitamins Tablets x100",1,0,visible,,"<p>- A comprehensive daily multivitamin and multimineral supplement with balanced nutrient combinations<br>\n- Contains vitamin D to support muscle health<br>\n- Supports immune system function<br>\n- Contributes to the normal function of digestive enzymes</p>",,,none,,1,,,0,0,0,,,,1,,,35230,Vitamins,"centrum\,, family, Health, health\,, healthplus\,, men's, multivitamins\,, supplements\,, vitamins\,, women's",,https://eutawpharmacycare.com/wp-content/uploads/2026/04/Centrum_20Advance_20Multivitamins_20Tablets_20x100_40bc900d-ca41-4e09-af34-68af7e9e56c9.jpg,,,,,,,,,0,Centrum,"Centrum Advance Multivitamins Tablets x100","Centrum Advance Multivitamins Tablets x100",1,0
21564,simple,SKU-362380,,"Platinum Series Garlic Oil Softgels 15,000mg x 60",1,0,visible,,"<p>- Supports healthy blood pressure levels<br>\n- Helps to boost the immune system<br>\n- Promotes overall wellness<br>\n- Powerful antioxidant</p>",,,none,,1,,,0,0,0,,,,1,,,10300,Supplements,"healthplus\,, heart, oaklife, supplements, support\,, vitamins\,",,https://eutawpharmacycare.com/wp-content/uploads/2026/04/Platinum_20Series_20Garlic_20Oil_20Softgels_2015_2C000mg_20x60_9da14a4c-8db7-418e-9b94-3066c8be6149.jpg,,,,,,,,,0,"Oaklife Vitamins","Platinum Series Garlic Oil Softgels 15,000mg x 60","Platinum Series Garlic Oil Softgels 15, 000mg x 60",1,0
21567,simple,SKU-365913,,"Valupak Co-Q10 30mg x30",1,0,visible,,"<p>- Acts as an antioxidant, protecting cells from oxidative stress.<br>\n- helps lower blood pressure and improve heart conditions.<br>\n- Should be taken daily with food or a cool drink for best absorption.</p>",,,none,,1,,,0,0,0,,,,1,,,12010,Supplements,"antioxidants\,, healthplus\,, heart, support\,, valupak",,https://eutawpharmacycare.com/wp-content/uploads/2026/04/Valupak_20Co-Q10_2030mg_20x30_3a20f6a1-8096-47c7-861a-6504c2cdc783.jpg,,,,,,,,,0,"HealthPlus Pharmacy","Valupak Co-Q10 30mg x30","Valupak Co-Q10 30mg x30",1,0
21570,simple,SKU-365912,,"Valupak Cod Liver Oil 400mg x30",1,0,visible,,"<p>Valupak Cod Liver Oil capsules contain vitamin A and vitamin D in addition to omega-3 fatty acids. Vitamin A supports vision, immune function, and skin health, while vitamin D promotes calcium absorption for strong bones and teeth. These nutrients collectively contribute to overall health and well-being.</p>",,,none,,1,,,0,0,0,,,,1,,,5820,Supplements,"a\,, d, healthplus\,, immune, support\,, valupak\,, vitamin",,https://eutawpharmacycare.com/wp-content/uploads/2026/04/Valupak_20Cod_20Liver_20Oil_20400mg_20x30_4377c39f-d365-41a1-a598-07fdcd0d0eda.jpg,,,,,,,,,0,"HealthPlus Pharmacy","Valupak Cod Liver Oil 400mg x30","Valupak Cod Liver Oil 400mg x30",1,0
21573,simple,SKU-SKU-NG-91137,,"Ceezex Cefuroxime 100ml",1,0,visible,,"<p>Cefuroxime axetil is an antibiotic effective for treating bacterial infections such as:</p>\n\n<p>- Bacterial infections causing sore throat (pharyngitis/tonsillitis)<br>\n- Middle ear infections<br>\n- Uncomplicated urinary tract infections<br>\n- Early Lyme disease<br>\n- Pneumonia and other infections of the lower respiratory tract</p>",,,none,,1,,,0,0,0,,,,1,,,5250,"Sore Throat","aquatix\,, healthplus\,, infections\,, only, prescription",,https://eutawpharmacycare.com/wp-content/uploads/2026/04/Ceezex_20Cefuroxime_20100ml_cfef0ac6-4540-4282-8d9a-8f016d01f569.jpg,,,,,,,,,0,"HealthPlus Pharmacy","Ceezex Cefuroxime 100ml","Ceezex Cefuroxime 100ml",1,0
21576,simple,SKU-365122,,"Crescent Atenolol 100mg x28",1,0,visible,,"<p>Atenolol is a prescription medication prescribed for managing blood pressure levels. It functions by reducing the heart rate and its force of contraction.</p>",,,none,,1,,,0,0,0,,,,1,,,3500,"Chronic Diseases","antihypertensive\,, crescent\,, healthplus\,, only, others\,, prescription",,https://eutawpharmacycare.com/wp-content/uploads/2026/04/Crescent_20Atenolol_20100mg_20x28_55e65d37-d31c-4f46-a952-b7b1d14e3c31.png,,,,,,,,,0,"HealthPlus Pharmacy","Crescent Atenolol 100mg x28","Crescent Atenolol 100mg x28",1,0
21579,simple,SKU-362546,,"Dental Floss Pick x50",1,0,visible,,"<p>- Helps remove plaque from the areas between teeth, where a toothbrush cannot reach<br>\n- Easy glide &amp; anti shred qualities<br>\n- Keeps your teeth germ-free and healthy<br>\n- Ideal for the whole family</p>",,,none,,1,,,0,0,0,,,,1,,,1150,"Oral Care","brand, floss\,, healthplus\,, hk, household, supplies\,, top",,https://eutawpharmacycare.com/wp-content/uploads/2026/04/Dental_20Floss_20Pick_20x50_fb6fcc65-d6b5-404b-9c13-dc9e71cab338.jpg,,,,,,,,,0,"HealthPlus Pharmacy","Dental Floss Pick x50","Dental Floss Pick x50",1,0
21582,simple,SKU-SKU-NG-85302,,"Benadryl Allergy Children’s 1mg/ml Oral Solution 70ml",1,0,visible,,"<p>Benadryl Children’s Allergy Solution is tailored for children, offering lasting relief from allergy symptoms with its banana-flavored formula containing cetirizine. It effectively alleviates:<br>\n- Itchy, watery eyes<br>\n- Runny nose<br>\n- Sneezing<br>\n- Skin hives</p>",,,none,,1,,,0,0,0,,,,1,,,19320,Cold,"benadryl\,, children's, health\,, healthplus\,, otc",,https://eutawpharmacycare.com/wp-content/uploads/2026/04/Benadryl_20Allergy_20Children_E2_80_99s_201mg-ml_20Oral_20Solution_2070ml_1efc5ed8-c165-4117-aada-f5400d6694d8.png,,,,,,,,,0,"HealthPlus Pharmacy","Benadryl Allergy Children’s 1mg/ml Oral Solution 70ml","Benadryl Allergy Children’s 1mg/ml Oral Solution 70ml",1,0
21585,simple,SKU-138426,,"Curefenac Diclofenac 50mg x10",1,0,visible,,"<p>Clofenac SR 100 MG Tablet is a Non-steroidal anti-inflammatory (NSAID) drug used for:</p>\n\n<p>- Treating pain associated with conditions such as Gout, Migraine, and Rheumatoid Arthritis<br>\n- Alleviating pain from muscle and joint sprains<br>\n- Managing mild to moderate fever in certain cases</p>",,,none,,1,,,0,0,0,,,,1,,,320,"Pain Management - Others","&, curefenac\,, fevers\,, headache, healthplus, migraine\,",,https://eutawpharmacycare.com/wp-content/uploads/2026/04/online-pharmacy-product-image-placeholder_5cd2fd8b-a7e3-4065-bb3b-89d4eadb1641.png,,,,,,,,,0,"HealthPlus Pharmacy","Curefenac Diclofenac 50mg x10","Curefenac Diclofenac 50mg x10",1,0
21588,simple,SKU-167718,,"Voltfast 50mg x30",1,0,visible,,"<p>- Voltfast 50mg is a fast-acting NSAID.<br>\n- It Contains diclofenac potassium.<br>\n- Used to relieve pain and reduce inflammation quickly.<br>\n- Treats conditions like headaches, dental pain, menstrual cramps, muscle aches, and arthritis.</p>",,,none,,1,,,0,0,0,,,,1,,,18000,"Pain Management - Others","&, bone, healthplus\,, joints\,, novaritis",,https://eutawpharmacycare.com/wp-content/uploads/2026/04/Voltfast_2050Mg_20X30_17ec1327-0040-419b-b013-f94428e3399a.jpg,,,,,,,,,0,"HealthPlus Pharmacy","Voltfast 50mg x30","Voltfast 50mg x30",1,0
21591,simple,SKU-387648,,"S-Amlodipine 5.0 Tab 5mg x30 Pharma Ethics",1,0,visible,,"<p>S-Amlo 5.0 Tablet, which contains S-amlodipine, is used for alone or in combination for Hypertension, Angina, amongst others</p>",,,none,,1,,,0,0,0,,,,1,,,5470,"Chronic Diseases","antihypertensive\,, ethics\,, healthplus\,, heart, only, pharma, prescription, support\,",,https://eutawpharmacycare.com/wp-content/uploads/2026/04/S-Amlodipine_205.0_20Tab_205mg_20x30_20Pharma_20Ethics_e40eacd8-c44d-4aff-82c1-c2516ffcd61b.jpg,,,,,,,,,0,"HealthPlus Pharmacy","S-Amlodipine 5.0 Tab 5mg x30 Pharma Ethics","S-Amlodipine 5.0 Tab 5mg x30 Pharma Ethics",1,0
21594,simple,SKU-110471,,"Ciplox Ciprofloxacin 500mg x10",1,0,visible,,"<p>Ciplox Ciprofloxacin  contains ciprofloxacin, a fluoroquinolone antibiotic used to treat bacterial infections</p>",,,none,,1,,,0,0,0,,,,1,,,2660,Infections,"antibiotics\,, ciplox\,, healthplus\,, only, others\,, prescription",,https://eutawpharmacycare.com/wp-content/uploads/2026/04/Ciplox_20Ciprofloxacin_20500mg_20x10_64e681dd-3314-446e-b78a-91ce2e0ed33d.png,,,,,,,,,0,"HealthPlus Pharmacy","Ciplox Ciprofloxacin 500mg x10","Ciplox Ciprofloxacin 500mg x10",1,0
21597,simple,SKU-365119,,"Ranbaxy Fluconazole 50mg x7",1,0,visible,,"<p>Fluconazole is an antifungal medication used in treatment of  fungal infections.</p>",,,none,,1,,,0,0,0,,,,1,,,4250,Infections,"antifungal\,, healthplus\,, only\,, prescription, ranbaxy",,https://eutawpharmacycare.com/wp-content/uploads/2026/04/Ranbaxy_20Fluconazole_2050mg_20x7_662c8c0c-16de-4916-94d5-7750afde20a9.png,,,,,,,,,0,"HealthPlus Pharmacy","Ranbaxy Fluconazole 50mg x7","Ranbaxy Fluconazole 50mg x7",1,0
21600,simple,SKU-344962,,"Ethimox Amoxicillin 500mg x100",1,0,visible,,,,,none,,1,,,0,0,0,,,,1,,,600,Infections,"ethimox\,, healthplus\,, only, others\,, prescription",,https://eutawpharmacycare.com/wp-content/uploads/2026/04/Ethimox_20Amoxicillin_20500mg_20x100_1f1c515b-0643-415b-be35-8ee7f69ace35.jpg,,,,,,,,,0,"HealthPlus Pharmacy","Ethimox Amoxicillin 500mg x100","Ethimox Amoxicillin 500mg x100",1,0
21603,simple,SKU-387028,,"Aquatix Cfxclav 325 Cefixime 200mg/Clavulanic acid 125mg x10",1,0,visible,,"<p>Cfxclav contains Cefixime and Clavulanic acid. Cefixime, an antibiotic, is effective against bacterial infectionsl.</p>",,,none,,1,,,0,0,0,,,,1,,,7280,Infections,"aquatix\,, healthplus\,, only, others\,, prescription",,https://eutawpharmacycare.com/wp-content/uploads/2026/04/Aquatix_20Cfxclav_20325_20Cefixime_20200mg-Clavulanic_20acid_20125mg_20x10_5eca11c5-0e14-44ff-b77c-131702f382e7.png,,,,,,,,,0,"HealthPlus Pharmacy","Aquatix Cfxclav 325 Cefixime 200mg/Clavulanic acid 125mg x10","Aquatix Cfxclav 325 Cefixime 200mg/Clavulanic acid 125mg x10",1,0
21606,simple,SKU-366704,,"Axylin Ampicillin + Cloxacillin 500mg x100",1,0,visible,,"<p>Axylin is an antibiotic combination containing ampicillin and cloxacillin. It is used to treat various bacterial infections.</p>",,,none,,1,,,0,0,0,,,,1,,,8350,Antibacterial,"antibiotics\,, axylin\,, healthplus\,, only, others\,, prescription",,https://eutawpharmacycare.com/wp-content/uploads/2026/04/Axylin_20Ampicillin_20_2B_20Cloxacillin_20500mg_20x100_20783029-54d1-431f-8aa5-981cf007fbab.png,,,,,,,,,0,"HealthPlus Pharmacy","Axylin Ampicillin + Cloxacillin 500mg x100","Axylin Ampicillin + Cloxacillin 500mg x100",1,0
21609,simple,SKU-106510,,"Emzovasc-10 Amlodipine 10mg x28",1,0,visible,,"<p>Amlodipine is used in the management of Hypertension.</p>",,,none,,1,,,0,0,0,,,,1,,,890,Hypertension,"emzor\,, healthplus\,, heart, only, others\,, prescription, support\,",,https://eutawpharmacycare.com/wp-content/uploads/2026/04/Emzovasc-10_20Amlodipine_2010mg_20x28_ef9780a4-99e5-4764-8ede-fcca67788929.png,,,,,,,,,0,"HealthPlus Pharmacy","Emzovasc-10 Amlodipine 10mg x28","Emzovasc-10 Amlodipine 10mg x28",1,0
21612,simple,SKU-238889,,"Centrum Advance 50+ Multivitamin Tablets x 60",1,0,visible,,"<p>Centrum Advance 50+ contains vitamins that support strong, healthy bones, immunity, and eyesight,</p>",,,none,,1,,,0,0,0,,,,1,,,28730,Supplements,"brand, centrum\,, healthplus\,, supplements\,, top",,https://eutawpharmacycare.com/wp-content/uploads/2026/04/Centrum_20Advance_2050_2B_20X60_bce8271e-3c09-400c-874f-e945215164ea.jpg,,,,,,,,,0,"HealthPlus Pharmacy","Centrum Advance 50+ Multivitamin Tablets x 60","Centrum Advance 50+ Multivitamin Tablets x 60",1,0
21615,simple,SKU-139676,,"Coartem artemether 20mg + lumefantrine 120Mg X24",1,0,visible,,"<p>Coartem 20/120mg (x24) is used to treat malaria in individuals weighing 35kg and above. Each tablet contains artemether 20mg and lumefantrine 120mg. The pack contains 24 tablets in total.</p>",,,none,,1,,,0,0,0,,,,1,,,4640,Malaria,"children's, coartem\,, featured, health\,, healthplus\,, malaria, prevention\,, product\,, treatment",,https://eutawpharmacycare.com/wp-content/uploads/2026/04/Coartem_20_28Artemether-Lumefantrine_29_2080mg-480mg_20Tabs_20x6_dfe3d3bc-316a-40ab-8620-0f475b31b75a.jpg,,,,,,,,,0,Coartem,"Coartem artemether 20mg + lumefantrine 120Mg X24","Coartem artemether 20mg + lumefantrine 120Mg X24",1,0
21618,simple,SKU-224338,,"Vitabiotics Pregnacare Conception Max x84",1,0,visible,,"<p>Vitabiotics Pregnacare Conception Max is a dietary supplement designed to support reproductive health and fertility. Containing 84 tablets, it provides a blend of vitamins and minerals, including folic acid, zinc, and antioxidants, to help optimize fertility and support a healthy conception process.</p>",,,none,,1,,,0,0,0,,,,1,,,49170,Supplements,"healthplus\,, others\,, prenatal, vitabiotics, vitamins\,",,https://eutawpharmacycare.com/wp-content/uploads/2026/04/Vitabiotics_20Pregnacare_20Conception_20Max_20x84_ba199af3-d2a6-4c08-8a60-80c2788662f7.png,,,,,,,,,0,"HealthPlus Pharmacy","Vitabiotics Pregnacare Conception Max x84","Vitabiotics Pregnacare Conception Max x84",1,0
21621,simple,SKU-151285,,"Gentalek Gentamicin 80mg/2ml x50",1,0,visible,,"<p>Gentalek Gentamicin 80mg/2ml is an injectable antibiotic used to treat a variety of bacterial infections. Each vial contains 80 mg of Gentamicin in 2 ml of solution.<br>\n It's often used for serious infections caused by gram-negative bacteria and may be administered in a hospital setting.</p>",,,none,,1,,,0,0,0,,,,1,,,77000,"Chronic Diseases","antibiotics\,, healthplus\,, infections\,, lek",,https://eutawpharmacycare.com/wp-content/uploads/2026/04/Gentalek_20Gentamicin_2080mg-2ml_20x50_905731e0-6b90-45bf-9656-20421870be94.jpg,,,,,,,,,0,"HealthPlus Pharmacy","Gentalek Gentamicin 80mg/2ml x50","Gentalek Gentamicin 80mg/2ml x50",1,0
21624,simple,SKU-363726,,"Nature's Field Folite 400 mcg x100",1,0,visible,,"<p>Folic acid, a vital B vitamin during pregnancy, helps prevent birth defects in the baby's brain and spine. It supports red blood cell production and neural tube development early in pregnancy.<br>\n Starting folic acid before conception and continuing throughout pregnancy is recommended to reduce these risks. This supplement is gluten-free, soy-free, and meets high manufacturing standards, making it safe and beneficial for pregnant women and those planning to conceive.</p>",,,none,,1,,,0,0,0,,,,1,,,12540,Supplements,"&, breastfeeding\,, field\,, healthplus\,, nature's, postnatal, pregnancy, prenatal, vitamins, vitamins\,",,https://eutawpharmacycare.com/wp-content/uploads/2026/04/Nature_27s_20Field_20Folite_20400_20mcg_20x100_f7630de6-2eea-4c78-94da-fef764d32c69.jpg,,,,,,,,,0,"Nature's Field","Nature's Field Folite 400 mcg x100","Nature's Field Folite 400 mcg x100",1,0
21627,simple,SKU-387198,,"Sixstar Pre Workout No Fury 3000Mg X60",1,0,visible,,"<p>Six Star Pro Nutrition N.O. Fury is a potent Nitric Oxide Matrix supplement formulated with L-arginine and L-citrulline. These compounds stimulate the production of nitric oxide (NO), a well-known vasodilator. This dilation enhances blood flow to skeletal muscles, delivering more oxygen and nutrients while aiding in the removal of lactic acid buildup post-exercise. By boosting nitric oxide levels, this supplement supports longer, more intense workouts, improves muscle pumps, and accelerates recovery.</p>\n\n<p>Key Features:<br>\n- Formulated with L-arginine and L-citrulline to boost nitric oxide production<br>\n- Enhances blood vessel dilation for fuller muscles and increased muscle pumps<br>\n- Convenient pill form eliminates the need for a shaker cup<br>\n- Engineered for athletes seeking extreme energy, focus, and intensity before workouts<br>\n- Unflavored and designed to increase energy and endurance</p>",,,none,,1,,,0,0,0,,,,1,,,38370,"Sports Nutrition","&, diet, energy, healthplus\,, nutrition\,, sixstar, support\,",,https://eutawpharmacycare.com/wp-content/uploads/2026/04/Sixstar_20Pre_20Workout_20No_20Fury_203000Mg_20X60_29db4e92-58ae-40e6-80f1-2321b675f127.jpg,,,,,,,,,0,Sixstar,"Sixstar Pre Workout No Fury 3000Mg X60","Sixstar Pre Workout No Fury 3000Mg X60",1,0
21630,simple,SKU-164609,,"Emzor Garlic Oil 0.65Mg X30",1,0,visible,,"<p>Emzor Garlic Oil Capsule supports cardiovascular health and helps maintain normal cholesterol levels in the body. It also helps slow down the progression of atherosclerosis (hardening of the arteries) and can contribute to a modest reduction in blood pressure.<br>\n Take as prescribed by your doctor.</p>",,,none,,1,,,0,0,0,,,,1,,,1380,Supplements,"brand, cholesterol\,, emzor\,, healthplus\,, heart, high, support\,, top",,https://eutawpharmacycare.com/wp-content/uploads/2026/04/Garlic_20Oil_20_28Emzor_29_200.65Mg_20X30_bd2b0bab-64a8-442f-a518-27f4c1702a04.jpg,,,,,,,,,0,Emzor,"Emzor Garlic Oil 0.65Mg X30","Emzor Garlic Oil 0.65Mg X30",1,0
21633,simple,SKU-365860,,"Bioglan Red Krill Oil Advanced Omega-3 Fish Oil x30 Capsules",1,0,visible,,"<p>Bioglan Red Krill Oil Extra Strength provides highly absorbable Omega-3 from pure Krill Oil sourced in the Antarctic Ocean. Each capsule contains 500mg of Krill Oil rich in phospholipid-bound EPA and DHA. It is easy to swallow, has no fishy aftertaste, and benefits from natural Astaxanthin for freshness. It supports Heart Health, Brain Health and Eye Health.</p>",,,none,,1,,,0,0,0,,,,1,,,29890,Supplements,"bioglan\,, care\,, eye, healthplus",,https://eutawpharmacycare.com/wp-content/uploads/2026/04/Bioglan_20Red_20Krill_20Oil_20Advanced_20Omega-3_20Fish_20Oil_20x30_20Capsules_b8d3e9c7-4f64-4f1e-8c50-3fb5125ae82b.png,,,,,,,,,0,Bioglan,"Bioglan Red Krill Oil Advanced Omega-3 Fish Oil x30 Capsules","Bioglan Red Krill Oil Advanced Omega-3 Fish Oil x30 Capsules",1,0
21636,simple,SKU-341145,,"Valupak Evening Primrose oil 1000Mg X30",1,0,visible,,"<p>Evening Primrose oil helps in hormonal regulation in females. It manages both pre and post menstrual symptoms</p>",,,none,,1,,,0,0,0,,,,1,,,25900,Supplements,"healthplus\,, heart, immune, support\,, valupak",,https://eutawpharmacycare.com/wp-content/uploads/2026/04/Valupak_20Evening_20Primrose_20oil_201000Mg_20X30_e666b00e-8713-4d03-9320-04612b6f9809.jpg,,,,,,,,,0,Valupak,"Valupak Evening Primrose oil 1000Mg X30","Valupak Evening Primrose oil 1000Mg X30",1,0
21639,simple,SKU-215757,,"Bronquidiazina Cr Syrup 150ml",1,0,visible,,"<p>Bronquidiazina Cr Syrup 150ml is a medication used to treat a variety of respiratory infections . It helps alleviate symptoms and fight bacterial infections associated with these conditions.</p>",,,none,,1,,,0,0,0,,,,1,,,4600,Infections,"bronquidiazina, cr\,, healthplus\,, others",,https://eutawpharmacycare.com/wp-content/uploads/2026/04/Bronquidiazina_20Cr_20150Ml_20X1_fe7d073a-9f62-49fc-8125-5c06cadca5e7.png,,,,,,,,,0,"HealthPlus Pharmacy","Bronquidiazina Cr Syrup 150ml","Bronquidiazina Cr Syrup 150ml",1,0
21642,simple,SKU-136936,,"Tutolin Cough Syrup Child 100ml",1,0,visible,,"<p>Tutolin Expectorant provides relief fromcough,runny nose and chest congestion</p>",,,none,,1,,,0,0,0,,,,1,,,400,"Allergies (Cough & Cold)","cough\,, healthplus\,, tutolin",,https://eutawpharmacycare.com/wp-content/uploads/2026/04/Tutolin_20Cough_20Syrup_20Child_20100ml_7b6c31ff-c743-4e7b-8252-3806f9dd4ba4.jpg,,,,,,,,,0,"HealthPlus Pharmacy","Tutolin Cough Syrup Child 100ml","Tutolin Cough Syrup Child 100ml",1,0
21645,simple,SKU-139161,,"Azithromycin Suitrox 200Mmg/5ml",1,0,visible,,"<p>Azithromycin is an antibiotic that combats bacterial infections. It treats various conditions, including respiratory, skin, ear, eye infections, and sexually transmitted diseases.</p>",,,none,,1,,,0,0,0,,,,1,,,7300,Infections,"healthplus\,, lek\,, only, others\,, prescription",,https://eutawpharmacycare.com/wp-content/uploads/2026/04/Azithromycin-Suitrox-200Mmg-5ml.jpg,,,,,,,,,0,"HealthPlus Pharmacy","Azithromycin Suitrox 200Mmg/5ml","Azithromycin Suitrox 200Mmg/5ml",1,0
21648,simple,SKU-148565,,"Tanzol Albendazole 200mg/5ml",1,0,visible,,"<p>Tanzol is used to treat a variety of parasitic infections, including pinworm, roundworm, hookworm, whipworm, threadworm, tapeworm, pork tapeworm, and hydatid cysts.</p>",,,none,,1,,,0,0,0,,,,1,,,290,Infections,"healthcare, healthplus\,, others\,, shalina",,https://eutawpharmacycare.com/wp-content/uploads/2026/04/Tanzol-Albendazole-200mg-5ml.jpg,,,,,,,,,0,"HealthPlus Pharmacy","Tanzol Albendazole 200mg/5ml","Tanzol Albendazole 200mg/5ml",1,0
21651,simple,SKU-387026,,"Aquatix Artix Artemether + Lumefantrine 80mg-480mg X6",1,0,visible,,"<p>Aquatix Artix is an antimalaria formulated with Artemetherat a strength of 80mg and Lumefantrineat a strength of 480mg to give full protection against Malaria.</p>",,,none,,1,,,0,0,0,,,,1,,,1000,Malaria,"aquatix\,, brand, healthplus\,, malaria, others\,, prevention\,, top",,https://eutawpharmacycare.com/wp-content/uploads/2026/04/Aquatix_20Artix_20Artemether_20-_20Lumefantrine_2080mg-480mg_20X6_82379e27-595c-4e87-b8bb-eeb197768d9c.png,,,,,,,,,0,"HealthPlus Pharmacy","Aquatix Artix Artemether + Lumefantrine 80mg-480mg X6","Aquatix Artix Artemether + Lumefantrine 80mg-480mg X6",1,0
21654,simple,SKU-266728,,"Curefenac Diclofenac 100mg x10",1,0,visible,,"<p>Diclofenac provides  releif from mild to moderate pain .</p>",,,none,,1,,,0,0,0,,,,1,,,200,"Pain Management - Others","curefenac\,, healthplus\,, muscle, others, pain\,",,https://eutawpharmacycare.com/wp-content/uploads/2026/04/online-pharmacy-product-image-placeholder_d577f2a1-2807-429a-b109-243d4b258ba8.png,,,,,,,,,0,"HealthPlus Pharmacy","Curefenac Diclofenac 100mg x10","Curefenac Diclofenac 100mg x10",1,0
21657,simple,SKU-365867,,"Centrum Advance Multivitamin Tablets x60",1,0,visible,,"<p>- A comprehensive daily multivitamin and multimineral supplement with balanced nutrient combinations<br>\n- Contains vitamin D to support muscle health<br>\n- Supports immune system function</p>",,,none,,1,,,0,0,0,,,,1,,,19980,Vitamins,"centrum\,, healthplus",,https://eutawpharmacycare.com/wp-content/uploads/2026/04/Centrum_20Advance_20Multivitamin_20Tablets_20x_2030_82d8ddb5-b32c-4058-a447-74da4bd234ed.jpg,,,,,,,,,0,GSK,"Centrum Advance Multivitamin Tablets x60","Centrum Advance Multivitamin Tablets x60",1,0
21660,simple,SKU-358080,,"Buttercup Original Cough Syrup 200ml",1,0,visible,,"<p>- Relief of coughs, colds and sore throats<br>\n- Non-drowsy<br>\nButtercup Original Cough Syrup is a traditional herbal remedy for symptoms of colds, sore throats and a variety of cough symptoms. The calming formula is non-drowsy and helps to coat the throat, to provide relief from coughing and prevent tickly sensations that can induce coughing.</p>",,,none,,1,,,0,0,0,,,,1,,,17550,"Allergies (Cough & Cold)",healthplus,,https://eutawpharmacycare.com/wp-content/uploads/2026/04/Buttercup_20Original_20Cough_20Syrup_20200ml_eb0f4b75-792e-4ae2-a3b8-f72fcb2e1a4e.jpg,,,,,,,,,0,"Omega Pharma","Buttercup Original Cough Syrup 200ml","Buttercup Original Cough Syrup 200ml",1,0
21663,simple,SKU-114572,,"Emzor Folic Acid 5mg Tablets x1000",1,0,visible,,"<p>- Helps reduce your risk of having a baby with serious birth defects<br>\n- Provides dietary support for your cardiovascular system<br>\nEmzor Folic acid aids in the normal development of maternal tissue during pregnancy. Also, during the pre-conception stage, enough folic acid consumption is required. It also provdes dietary support for your cardiovascular system.</p>",,,none,,1,,,0,0,0,,,,1,,,1500,"Pregnancy & Breastfeeding","baby, care\,, emzor\,, healthplus\,, prenatal, vitamins",,https://eutawpharmacycare.com/wp-content/uploads/2026/04/Emzor_20Folic_20Acid_205mg_20Tablets_20x1000_4a36ade3-1ec6-431c-b1c7-17fe79809d95.png,,,,,,,,,0,Emzor,"Emzor Folic Acid 5mg Tablets x1000","Emzor Folic Acid 5mg Tablets x1000",1,0
21666,simple,SKU-SKU-NG-91939,,"Force Factor Magnesium Glycinate Unflavored Powder 140g",1,0,visible,,"<p>- High-absorption magnesium glycinate for optimal muscle and nerve function.<br>\n- Supports relaxation, sleep quality, and stress relief.<br>\n- Helps maintain strong bones and heart health.<br>\n- Unflavored powder for easy mixing into drinks</p>",,,none,,1,,,0,0,0,,,,1,,,35000,Supplements,"antioxidants\,, factor\,, featured, force, healthplus\,, otc\,, product\,, supplements",,https://eutawpharmacycare.com/wp-content/uploads/2026/04/Force_20Factor_20Magnesium_20Glycinate_20Unflavored_20Powder_20140_20g_f582d9b2-104f-4917-a97a-85e2337ca7ad.jpg,,,,,,,,,0,"HealthPlus Pharmacy","Force Factor Magnesium Glycinate Unflavored Powder 140g","Force Factor Magnesium Glycinate Unflavored Powder 140g",1,0
21669,simple,SKU-387215,,"Neocell Super Collagen + Vitamin C & Biotin x270 Tablets",1,0,visible,,"<p>- Supports healthy skin, hair, nails, and joints with a powerful blend of collagen, vitamin C, and biotin. <br>\n - Promotes skin elasticity and hydration for a youthful glow. <br>\n - Strengthens hair and nails, reducing brittleness and breakage. <br>\n - Enhances collagen production to support joint and bone health. <br>\n - Includes vitamin C to boost collagen synthesis and antioxidant protection.</p>",,,none,,1,,,0,0,0,,,,1,,,77460,"Hair, Skin & Nails","&, featured, hair\,, healthplus\,, nails\,, neocell\,, product\,, skin, supplements",,https://eutawpharmacycare.com/wp-content/uploads/2026/04/Neocell_20Super_20Collagen_20_2B_20Vitamin_20C_20and_20Biotin_20x270_20Tablets.jpg,,,,,,,,,0,"HealthPlus Pharmacy","Neocell Super Collagen + Vitamin C & Biotin x270 Tablets","Neocell Super Collagen + Vitamin C & Biotin x270 Tablets",1,0
21672,simple,SKU-SKU-NG-85947,,"Neocell Super Collagen + Vitamin C & Biotin x180 Tablets",1,0,visible,,"<p>- Supports healthy skin, hair, nails, and joints with a powerful blend of collagen, vitamin C, and biotin. <br>\n - Promotes skin elasticity and hydration for a youthful glow. <br>\n - Strengthens hair and nails, reducing brittleness and breakage. <br>\n - Enhances collagen production to support joint and bone health. <br>\n - Includes vitamin C to boost collagen synthesis and antioxidant protection.</p>",,,none,,1,,,0,0,0,,,,1,,,60500,"Hair, Skin & Nails","&, hair\,, healthplus\,, nails\,, neocell\,, skin, supplements",,https://eutawpharmacycare.com/wp-content/uploads/2026/04/Neocell_20Super_20Collagen_20_2B_20Vitamin_20C_20and_20Biotin_20x180_20Tablets_910580c1-02cc-40d5-af4e-15e4de29bed2.jpg,,,,,,,,,0,"HealthPlus Pharmacy","Neocell Super Collagen + Vitamin C & Biotin x180 Tablets","Neocell Super Collagen + Vitamin C & Biotin x180 Tablets",1,0
21675,simple,SKU-SKU-NG-85240,,"Aciclovir 400mg x56",1,0,visible,,"<p>Aciclovir is used to treat infections caused by certain types of viruses. It treats cold sores around the mouth (caused by herpes simplex), shingles (caused by herpes zoster), and chickenpox.This medication is also used to treat outbreaks of genital herpes.</p>",,,none,,1,,,0,0,0,,,,1,,,13100,Uncategorized,"antiviral\,, healthplus\,, infections\,, only\,, pharma, prescription, sun",,https://eutawpharmacycare.com/wp-content/uploads/2026/04/ACICLOVIR_20TAB_20_28SUN_20PHARMA_29_20400MG_20x56_003dc3e7-76e1-4fab-8a0b-d71aca449459.jpg,,,,,,,,,0,"Sun Pharma","Aciclovir 400mg x56","Aciclovir 400mg x56",1,0
21678,simple,SKU-336017,,"Gentamycin Eyedrop - Ivygentacin",1,0,visible,,"<p>Treats bacterial eye infections. Reduces inflammation and discomfort.</p>",,,none,,1,,,0,0,0,,,,1,,,320,Antibacterial,"antibiotics\,, care\,, eye, healthplus\,, ivygentacin\,, only, prescription",,https://eutawpharmacycare.com/wp-content/uploads/2026/04/online-pharmacy-product-image-placeholder_534642cb-7149-490f-af04-35b333294d16.png,,,,,,,,,0,"HealthPlus Pharmacy","Gentamycin Eyedrop - Ivygentacin","Gentamycin Eyedrop - Ivygentacin",1,0
21681,simple,SKU-360031,,"Benylin Mucus Cough Decongestant Syrup 100ml",1,0,visible,,"<p>Clears mucus buildup. Helps ease breathing.</p>",,,none,,1,,,0,0,0,,,,1,,,11270,Cough,"benylin\,, cough\,, decongestant\,, healthplus\,, otc",,https://eutawpharmacycare.com/wp-content/uploads/2026/04/Benylin_20Mucus_20Cough_20Decongestant_20Syrup_20100ml_018ceb68-9e87-4fa4-9dab-e07fd60c38d3.jpg,,,,,,,,,0,"HealthPlus Pharmacy","Benylin Mucus Cough Decongestant Syrup 100ml","Benylin Mucus Cough Decongestant Syrup 100ml",1,0
21684,simple,SKU-124734,,"Nizoral Cream 0.2% 15g",1,0,visible,,"<p>Treats fungal infections like athlete’s foot and ringworm.</p>",,,none,,1,,,0,0,0,,,,1,,,10490,Antifungal,"antifungal\,, healthplus\,, nizoral\,, otc\,, skin, treatment",,https://eutawpharmacycare.com/wp-content/uploads/2026/04/Nizoral_20_28Ketoconazole_29_20Cream_20x15G_5b4ea631-051d-4cbe-9625-b46ae765c414.jpg,,,,,,,,,0,"HealthPlus Pharmacy","Nizoral Cream 0.2% 15g","Nizoral Cream 0.2% 15g",1,0
21687,simple,SKU-153900,,"NCP Liquid Antiseptic 100ml",1,0,visible,,"<p>Kills germs and prevents infections. Ideal for wound care.</p>",,,none,,1,,,0,0,0,,,,1,,,1830,"First Aid","aid\,, antiseptic\,, first, healthplus\,, ncp\,, otc",,https://eutawpharmacycare.com/wp-content/uploads/2026/04/NCP_20Liquid_20Antiseptic_20100ml_17c52759-aefb-4187-83e5-db68f8aa2936.jpg,,,,,,,,,0,"HealthPlus Pharmacy","NCP Liquid Antiseptic 100ml","NCP Liquid Antiseptic 100ml",1,0
21690,simple,SKU-215927,,"NCP Liquid Antiseptic 200ml",1,0,visible,,"<p>Provides antiseptic protection. Helps in wound healing.</p>",,,none,,1,,,0,0,0,,,,1,,,2240,"First Aid","aid\,, antiseptic\,, first, healthplus\,, ncp\,, otc",,https://eutawpharmacycare.com/wp-content/uploads/2026/04/NCP_20Liquid_20Antiseptic_20200ml.png,,,,,,,,,0,"HealthPlus Pharmacy","NCP Liquid Antiseptic 200ml","NCP Liquid Antiseptic 200ml",1,0
21693,simple,SKU-270224,,"Nature’sfield Chewable Vitamin C 500mg x60",1,0,visible,,"<p>Boosts immune health. Supports collagen formation.</p>",,,none,,1,,,0,0,0,,,,1,,,7350,Vitamins,"c, healthplus\,, nature’sfield\,, otc\,, supplements\,, vitamin",,https://eutawpharmacycare.com/wp-content/uploads/2026/04/Nature_E2_80_99sfield_20Chewable_20Vitamin_20C_20500mg_20x60_fd5566db-8989-4cef-b4c8-50613465664a.jpg,,,,,,,,,0,"HealthPlus Pharmacy","Nature’sfield Chewable Vitamin C 500mg x60","Nature’sfield Chewable Vitamin C 500mg x60",1,0
21696,simple,SKU-229477,,"Metrone Metronidazole 200mg/5ml 60ml",1,0,visible,,"<p>Treats bacterial and protozoal infections. Effective antibiotic.</p>",,,none,,1,,,0,0,0,,,,1,,,860,Antibacterial,"antibiotics\,, healthplus\,, infections\,, metrone\,, only, prescription",,https://eutawpharmacycare.com/wp-content/uploads/2026/04/Metrone_20Metronidazole_20200mg-5ml_2060ml_3cb62bed-3cc1-4505-acd9-2b40e1dc1909.jpg,,,,,,,,,0,"HealthPlus Pharmacy","Metrone Metronidazole 200mg/5ml 60ml","Metrone Metronidazole 200mg/5ml 60ml",1,0
21699,simple,SKU-246680,,"Shal'artem Dispersible 20/120mg x6 Tablets",1,0,visible,,"<p>Treats malaria effectively. Quick-dissolving formula.</p>",,,none,,1,,,0,0,0,,,,1,,,600,Malaria,"healthplus\,, malaria, malaria\,, otc\,, shal'artem, treatment\,",,https://eutawpharmacycare.com/wp-content/uploads/2026/04/Shal_27artem_20Dispersible_2020-120mg_20x6_20Tablets.png,,,,,,,,,0,"HealthPlus Pharmacy","Shal'artem Dispersible 20/120mg x6 Tablets","Shal'artem Dispersible 20/120mg x6 Tablets",1,0
21702,simple,SKU-SKU-NG-86011,,"Tuxil D Children Cough Syrup 100ml",1,0,visible,,"<p>Provides relief from cough and congestion in children.</p>",,,none,,1,,,0,0,0,,,,1,,,1400,Uncategorized,"children's, cough\,, health\,, healthplus\,, otc\,, tuxil",,https://eutawpharmacycare.com/wp-content/uploads/2026/04/Tuxil_20D_20Children_20Cough_20Syrup_20100ml.jpg,,,,,,,,,0,"HealthPlus Pharmacy","Tuxil D Children Cough Syrup 100ml","Tuxil D Children Cough Syrup 100ml",1,0
21705,simple,SKU-208072,,"Victoza Pen Injection 6mg/ml 3ml x1",1,0,visible,,"<p>Manages blood sugar levels in diabetes patients.</p>",,,none,,1,,,0,0,0,,,,1,,,219500,Diabetes,"diabetes\,, healthplus\,, insulin, only\,, prescription, therapy\,, victoza",,https://eutawpharmacycare.com/wp-content/uploads/2026/04/Victoza_20Pen_20Injection_206mg-ml_203ml_20x1_1639817c-4a96-46db-9aac-4a26c413ec39.jpg,,,,,,,,,0,"HealthPlus Pharmacy","Victoza Pen Injection 6mg/ml 3ml x1","Victoza Pen Injection 6mg/ml 3ml x1",1,0
21708,simple,SKU-270355,,"Nature'sfield Vitamin B-6 50mg x100",1,0,visible,,"<p>Supports brain function and immune system health.</p>",,,none,,1,,,0,0,0,,,,1,,,16670,Vitamins,"b, healthplus\,, nature’sfield\,, otc\,, supplements\,, vitamin",,https://eutawpharmacycare.com/wp-content/uploads/2026/04/Nature_27sfield_20Vitamin_20B-6_2050mg_20x100_b5b24fbc-26aa-49fa-99ae-cd75d026f887.jpg,,,,,,,,,0,"HealthPlus Pharmacy","Nature'sfield Vitamin B-6 50mg x100","Nature'sfield Vitamin B-6 50mg x100",1,0
21711,simple,SKU-362424,,"Nature’s Pride Vitamin C 1000mg x100",1,0,visible,,"<p>High-strength vitamin C for immune defense.</p>",,,none,,1,,,0,0,0,,,,1,,,19100,Vitamins,"c, healthplus\,, nature’s, otc\,, pride\,, supplements\,, vitamin",,https://eutawpharmacycare.com/wp-content/uploads/2026/04/online-pharmacy-product-image-placeholder_9a75a10c-6f60-4aec-a19d-0093530fc9b3.png,,,,,,,,,0,"HealthPlus Pharmacy","Nature’s Pride Vitamin C 1000mg x100","Nature’s Pride Vitamin C 1000mg x100",1,0
21714,simple,SKU-272808,,"Fastum Gel - Ketoprofen 2.5% 50g",1,0,visible,,"<p>Topical anti-inflammatory gel for pain relief.</p>",,,none,,1,,,0,0,0,,,,1,,,9090,Anti-inflammatory,"body, fastum, gel\,, healthplus\,, muscle, otc, pain\,",,https://eutawpharmacycare.com/wp-content/uploads/2026/04/Fastum_20Gel_20-_20Ketoprofen_202.5_2050g.jpg,,,,,,,,,0,"HealthPlus Pharmacy","Fastum Gel - Ketoprofen 2.5% 50g","Fastum Gel - Ketoprofen 2.5% 50g",1,0
21717,simple,SKU-353738,,"Nicorette Freshmint 4mg x105",1,0,visible,,"<p>- Reduces nicotine cravings and withdrawal symptoms. <br>\n - Freshmint flavor.</p>",,,none,,1,,,0,0,0,,,,1,,,76650,Others,"healthplus\,, nicorette\,, otc\,, others",,https://eutawpharmacycare.com/wp-content/uploads/2026/04/Nicorette_20Freshmint_204mg_20x105_ce2c0f2e-1636-41c2-a436-d43f159855af.jpg,,,,,,,,,0,"HealthPlus Pharmacy","Nicorette Freshmint 4mg x105","Nicorette Freshmint 4mg x105",1,0
21720,simple,SKU-387210,,"Nature's Bounty Hair, Skin & Nails Strawberry x230",1,0,visible,,"<p>- Enriched with biotin for stronger hair, skin, and nails. <br>\n - Supports collagen production.</p>",,,none,,1,,,0,0,0,,,,1,,,83460,"Hair, Skin & Nails","&, bounty\,, hair\,, healthplus\,, nails, nature's, otc\,, skin",,https://eutawpharmacycare.com/wp-content/uploads/2026/04/Nature_27s_20Bounty_20Hair_2C_20Skin_2C_20Nails_20Strawberry_20X230_cc218de6-bcce-4c79-9613-12bcfeef2786.jpg,,,,,,,,,0,"HealthPlus Pharmacy","Nature's Bounty Hair, Skin & Nails Strawberry x230","Nature's Bounty Hair, Skin & Nails Strawberry x230",1,0
21723,simple,SKU-SKU-NG-83123,,"Pre-Seed Personal Fertility Lubricant 40g",1,0,visible,,"<p>Pre-Seed multi-use tube offers a solution to vaginal dryness with its fertility-friendly intimate moisturizer. Specifically designed to provide moisture where needed most inside, it does not harm sperm.</p>",,,none,,1,,,0,0,0,,,,1,,,42070,"Fertility Support","Health, healthplus\,, lubricants\,, otc\,, pre-seed\,, sexual, supplements",,https://eutawpharmacycare.com/wp-content/uploads/2026/04/Pre-Seed_20Personal_20Fertility_20Lubricant_2040g.jpg,,,,,,,,,0,"HealthPlus Pharmacy","Pre-Seed Personal Fertility Lubricant 40g","Pre-Seed Personal Fertility Lubricant 40g",1,0
21726,simple,SKU-216089,,"Oflox Ofloxacin 400mg x10",1,0,visible,,"<p>Oflox 400 Tablet is an antibiotic effective for treating bacterial infections.</p>",,,none,,1,,,0,0,0,,,,1,,,2170,"Chronic Diseases","healthplus\,, infections\,, malaria, oflox\,, only, prescription, treatment\,",,https://eutawpharmacycare.com/wp-content/uploads/2026/04/Oflox_20Ofloxacin_20400mg_20x10_4e7aac9c-cdeb-4bf0-9223-005fe2aad7e4.jpg,,,,,,,,,0,"HealthPlus Pharmacy","Oflox Ofloxacin 400mg x10","Oflox Ofloxacin 400mg x10",1,0
21729,simple,SKU-216029,,"Ocefix Cefixime 400mg x10",1,0,visible,,"<p>Cefixime is an antibiotic that fights bacteria in the body by inhibiting their growth and replication, thereby treating bacterial infections effectively.</p>",,,none,,1,,,0,0,0,,,,1,,,8000,Infections,"antibiotics\,, healthplus\,, only\,, others\,, prescription, swipha",,https://eutawpharmacycare.com/wp-content/uploads/2026/04/Ocefix_20Cefixime_20400mg_20x10_5c02a868-7a27-4d15-8605-e1adfccd4473.jpg,,,,,,,,,0,"HealthPlus Pharmacy","Ocefix Cefixime 400mg x10","Ocefix Cefixime 400mg x10",1,0
21732,simple,SKU-387177,,"Teva Losartan 50mg x28",1,0,visible,,"<p>Losartan 50 mg tablets are primarily prescribed to treat hypertension. They work by preventing blood vessels from narrowing, which helps lower blood pressure and improve blood circulation throughout the body.</p>",,,none,,1,,,0,0,0,,,,1,,,3640,Hypertension,"healthplus\,, only\,, others\,, prescription, teva",,https://eutawpharmacycare.com/wp-content/uploads/2026/04/Teva_20Losartan_2050mg_20x28_cf69d785-864a-4920-971e-0cd65b43d5e7.jpg,,,,,,,,,0,"HealthPlus Pharmacy","Teva Losartan 50mg x28","Teva Losartan 50mg x28",1,0
21735,simple,SKU-215455,,"Revive 400mg x10 Capsules",1,0,visible,,"<p>Revive x10 is a premium supplement crafted to enhance men's performance and helps treat impotence and premature ejaculation. Formulated with natural ingredients and, it boosts energy, stamina, and endurance while supporting overall well-being. Ideal for men seeking improved physical performance, increased vitality, and better daily energy levels.</p>",,,none,,1,,,0,0,0,,,,1,,,18340,Supplements,"enhancer\,, Health, healthplus\,, libido, otc\,, revive\,, sexual, supplements",,https://eutawpharmacycare.com/wp-content/uploads/2026/04/Revive_20x10_42d369e7-ceee-4756-8dd3-6bc699412d27.jpg,,,,,,,,,0,"Kedi Healthcare","Revive 400mg x10 Capsules","Revive 400mg x10 Capsules",1,0
21738,simple,SKU-264469,,"P-Alaxin Ts Dihydroartemisinin + Piperaquine 120mg/960mg X12",1,0,visible,,"<p>P-alaxin is prescribed for the treatment of uncomplicated malaria. It works by inhibiting the growth of the malaria parasite. Its active ingredients, Dihydroartemisinin and Piperaquine, target the parasite, effectively combating the infection.</p>",,,none,,1,,,0,0,0,,,,1,,,1830,Malaria,"bliss, gvs, healthplus\,, malaria, otc\,, others, pharma\,, treatment\,",,https://eutawpharmacycare.com/wp-content/uploads/2026/04/online-pharmacy-product-image-placeholder_c071ac29-618b-45d6-a441-310cbbbba288.png,,,,,,,,,0,"HealthPlus Pharmacy","P-Alaxin Ts Dihydroartemisinin + Piperaquine 120mg/960mg X12","P-Alaxin Ts Dihydroartemisinin + Piperaquine 120mg/960mg X12",1,0
21741,simple,SKU-148498,,"Tabasil Terbinafine 250mg X14",1,0,visible,,"<p>Tabasil acts by disrupting fungal ergosterol biosynthesis through inhibition of squalene epoxidase in the fungal cell membrane at an early stage.<br>\n This inhibition causes a deficiency in ergosterol and leads to the accumulation of squalene within the fungal cells, ultimately resulting in fungal cell death.</p>",,,none,,1,,,0,0,0,,,,1,,,5840,Infections,"healthplus\,, only\,, others\,, prescription, tabasil",,https://eutawpharmacycare.com/wp-content/uploads/2026/04/Terbinafine_20_28Tabasil_29_20250Mg_20X14_318cd181-d121-4eaa-a9c1-001f69d07352.jpg,,,,,,,,,0,"HealthPlus Pharmacy","Tabasil Terbinafine 250mg X14","Tabasil Terbinafine 250mg X14",1,0
21744,simple,SKU-138023,,"Afrab Loratadine 10mg x100",1,0,visible,,"<p>Loratadine relieves allergic reactions</p>",,,none,,1,,,0,0,0,,,,1,,,1820,Cold,"afrab\,, congestion\,, healthplus\,, nasal, otc\,, others",,https://eutawpharmacycare.com/wp-content/uploads/2026/04/Afrab_20Loratadine_2010mg_20x100_b12cd82a-75e8-4984-ac01-1c85a7873c8b.jpg,,,,,,,,,0,"HealthPlus Pharmacy","Afrab Loratadine 10mg x100","Afrab Loratadine 10mg x100",1,0
21747,simple,SKU-216126,,"Peflotab Pefloxacin 400mg x10",1,0,visible,,"<p>Pefloxacin  used in treatment of various bacterial infections</p>",,,none,,1,,,0,0,0,,,,1,,,5350,"Urinary Health","antibiotics\,, fidson\,, healthplus\,, infections\,, only, prescription",,https://eutawpharmacycare.com/wp-content/uploads/2026/04/Peflotab_20Pefloxacin_20400mg_20x10_ab38b3c6-9c68-4d5c-b20c-34875da53e0b.jpg,,,,,,,,,0,"HealthPlus Pharmacy","Peflotab Pefloxacin 400mg x10","Peflotab Pefloxacin 400mg x10",1,0
21750,simple,SKU-349899,,"Clavulin Amoxicillin/Clavulanic Acid 625mg x14",1,0,visible,,"<p>Anti-bacterial medication</p>",,,none,,1,,,0,0,0,,,,1,,,12430,"Chronic Diseases","&, allen, hanbury's\,, healthplus\,, infections\,, only, prescription",,https://eutawpharmacycare.com/wp-content/uploads/2026/04/Clavulin_20Amoxicillin_20-_20Clavulanic_20Acid_20625mg_20X_2014_f026d417-4158-40fc-b86b-e232580ebf2c.jpg,,,,,,,,,0,"HealthPlus Pharmacy","Clavulin Amoxicillin/Clavulanic Acid 625mg x14","Clavulin Amoxicillin/Clavulanic Acid 625mg x14",1,0
21753,simple,SKU-303531,,"Valupak Vitamin C Effervescent 1000mg x20",1,0,visible,,"<p>- Boosts immune system function and enhances overall health. <br>\n - Powerful antioxidant that helps protect cells from oxidative stress. <br>\n - Supports collagen production for healthy skin, joints, and blood vessels.</p>",,,none,,1,,,0,0,0,,,,1,,,11800,Vitamins,"antioxidants\,, healthplus\,, otc\,, valupak\,, vitamins",,https://eutawpharmacycare.com/wp-content/uploads/2026/04/Valupak_20Vitamin_20C_20Effervescent_201000mg_20x20_07ba651b-3eaf-42c5-9551-a7e4c6f29888.jpg,,,,,,,,,0,"HealthPlus Pharmacy","Valupak Vitamin C Effervescent 1000mg x20","Valupak Vitamin C Effervescent 1000mg x20",1,0
21756,simple,SKU-299639,,"Abidec Multivitamin 150ml x1",1,0,visible,,"<p>- Supports children's growth, brain development, and immunity.</p>",,,none,,1,,,0,0,0,,,,1,,,24650,Vitamins,"abidec\,, children's, health\,, healthplus\,, otc\,, vitamins",,https://eutawpharmacycare.com/wp-content/uploads/2026/04/online-pharmacy-product-image-placeholder_af8a9b44-aa9e-495d-ab1a-b54a54e34b0d.png,,,,,,,,,0,"HealthPlus Pharmacy","Abidec Multivitamin 150ml x1","Abidec Multivitamin 150ml x1",1,0
21759,simple,SKU-160115,,"Voltaren 50mg Suppository x10",1,0,visible,,"<p>- Provides fast and effective relief from inflammation and pain. <br>\n - Used to treat arthritis, muscle pain, and post-operative pain. <br>\n - Suppository form ensures rapid absorption and relief.</p>",,,none,,1,,,0,0,0,,,,1,,,19450,Uncategorized,"anti-inflammatory\,, body, healthplus\,, only\,, pain\,, prescription, voltaren",,https://eutawpharmacycare.com/wp-content/uploads/2026/04/Voltaren_2050mg_20Suppository_20x10_4dcb6a97-2ff4-4d56-b6e2-8dbb0b26202e.png,,,,,,,,,0,"HealthPlus Pharmacy","Voltaren 50mg Suppository x10","Voltaren 50mg Suppository x10",1,0
21762,simple,SKU-106500,,"Actrapid HM 100iu/ml 10 ml - Vial",1,0,visible,,"<p>- Rapid-acting insulin for effective blood sugar control. <br>\n - Helps prevent hyperglycemia and diabetes-related complications. <br>\n - Essential for diabetes management and glucose metabolism.</p>",,,none,,1,,,0,0,0,,,,1,,,24190,Diabetes,"actrapid\,, diabetes, diabetes\,, healthplus\,, only, prescription, support\,",,https://eutawpharmacycare.com/wp-content/uploads/2026/04/Actrapid_20HM_20100iu-ml_2010_20ml_20-_20Vial.jpg,,,,,,,,,0,"HealthPlus Pharmacy","Actrapid HM 100iu/ml 10 ml - Vial","Actrapid HM 100iu/ml 10 ml - Vial",1,0
21765,simple,SKU-344322,,"Durex Fetherlite Condom x3",1,0,visible,,"<p>- Ultra-thin condoms designed for a more natural feel. <br>\n - Provides protection against STIs and unplanned pregnancies. <br>\n - Made with high-quality latex for safety and comfort.</p>",,,none,,1,,,0,0,0,,,,1,,,6080,"Sexual Health","condoms\,, contraceptives\,, durex\,, family, healthplus\,, otc, planning\,",,https://eutawpharmacycare.com/wp-content/uploads/2026/04/Durex_20Fetherlite_20Condom_20x3_2633c2f2-f76b-4c33-bb96-1f88a8981841.png,,,,,,,,,0,"HealthPlus Pharmacy","Durex Fetherlite Condom x3","Durex Fetherlite Condom x3",1,0
21768,simple,SKU-SKU-NG-86082,,"Zoladex Injection 10.8mg",1,0,visible,,"<p>- Used for hormone therapy in prostate and breast cancer. <br>\n - Helps manage endometriosis and fibroids. <br>\n - Provides a slow-release formulation for long-term treatment. <br>\n - Administered as a subcutaneous implant.</p>",,,none,,1,,,0,0,0,,,,1,,,533340,"Chronic Diseases","'-, chronic, diseases, healthplus\,, hormonal, only\,, others\,, prescription, support\,, zoladex",,https://eutawpharmacycare.com/wp-content/uploads/2026/04/Zoladex_2010.8mg_20x1_4aecc6df-2333-4a7b-8227-e6f57d3a2347.png,,,,,,,,,0,"HealthPlus Pharmacy","Zoladex Injection 10.8mg","Zoladex Injection 10.8mg",1,0
21771,simple,SKU-347876,,"Avomine 25mg x10",1,0,visible,,"<p>- Effective treatment for nausea and motion sickness. <br>\n - Helps prevent vomiting during travel. <br>\n - Provides long-lasting relief with a single dose. <br>\n - Suitable for adults and children over 5 years old.</p>",,,none,,1,,,0,0,0,,,,1,,,12490,"Digestive Care","avomine\,, care\,, constipation\,, digestive, healthplus\,, only, prescription",,https://eutawpharmacycare.com/wp-content/uploads/2026/04/Avomine_2025mg_20x10_c378f0ab-2642-445a-8a7c-86a6ed457924.png,,,,,,,,,0,"HealthPlus Pharmacy","Avomine 25mg x10","Avomine 25mg x10",1,0
21774,simple,SKU-SKU-NG-85299,,"Beechams All in One Syrup 160ml",1,0,visible,,"<p>- Fast-acting relief for cold and flu symptoms..</p>",,,none,,1,,,0,0,0,,,,1,,,22820,Cold,"beechams\,, cold\,, healthplus\,, otc",,https://eutawpharmacycare.com/wp-content/uploads/2026/04/Beechams_20All_20in_20One_20Syrup_20160ml_31b751a9-be78-4636-ba7c-d61d59128f3e.jpg,,,,,,,,,0,"HealthPlus Pharmacy","Beechams All in One Syrup 160ml","Beechams All in One Syrup 160ml",1,0
21777,simple,SKU-348148,,"Beechams Cold & Flu Hot x5",1,0,visible,,"<p>- Warming formula to soothe cold and flu symptoms. <br>\n - Eases headaches, sore throat, and congestion. <br>\n - Dissolves quickly in hot water for fast relief. <br>\n - Provides comforting relief during cold seasons.</p>",,,none,,1,,,0,0,0,,,,1,,,8850,Cold,"beechams\,, cold\,, healthplus\,, otc",,https://eutawpharmacycare.com/wp-content/uploads/2026/04/Beechams_20Cold_20and_20Flu_20Hot_20Lemon_20and_20Honey_20x5_5bd978f8-8b4c-4cee-8314-c370fc499ff3.jpg,,,,,,,,,0,"HealthPlus Pharmacy","Beechams Cold & Flu Hot x5","Beechams Cold & Flu Hot x5",1,0
21780,simple,SKU-346303,,"Garden Of Life Grass Fed Collagen Peptides 280g",1,0,visible,,"<p>- Supports healthy skin, hair, and nails with high-quality collagen peptides. <br>\n - Enhances joint and bone health with essential amino acids. <br>\n - Grass-fed, hydrolyzed collagen for better absorption. <br>\n - Mixes easily into any beverage for daily use.</p>",,,none,,1,,,0,0,0,,,,1,,,63670,Supplements,"garden, healthplus\,, life\,, of, otc\,, supplements",,https://eutawpharmacycare.com/wp-content/uploads/2026/04/Garden_20Of_20Life_20Grass_20Fed_20Collagen_20Peptides_20280g.jpg,,,,,,,,,0,"HealthPlus Pharmacy","Garden Of Life Grass Fed Collagen Peptides 280g","Garden Of Life Grass Fed Collagen Peptides 280g",1,0
21783,simple,SKU-163964,,"Diprosalic 15g Ointment",1,0,visible,,"<p>- Provides targeted treatment for eczema and dermatitis. <br>\n - Reduces swelling, itching, and irritation. <br>\n - Helps restore healthy skin barrier function. <br>\n - Clinically proven formulation with betamethasone.</p>",,,none,,1,,,0,0,0,,,,1,,,9080,Skincare,"diprosalic\,, dry, skin\,, skincare",,https://eutawpharmacycare.com/wp-content/uploads/2026/04/Diprosalic_2015g_20Ointment.jpg,,,,,,,,,0,"HealthPlus Pharmacy","Diprosalic 15g Ointment","Diprosalic 15g Ointment",1,0
21786,simple,SKU-349087,,"Calgovit Vitamin C Orange Effervescent 1000mg x20",1,0,visible,,"<p>- Boosts immune system and enhances overall health.</p>",,,none,,1,,,0,0,0,,,,1,,,8250,Vitamins,"c\,, calgovit\,, healthplus\,, otc\,, vitamin, vitamins",,https://eutawpharmacycare.com/wp-content/uploads/2026/04/Calgovit_20Vitamin_20C_20Orange_20Effervescent_201000mg_20x20_b05e82eb-ffbb-452b-ad0c-c42de89db915.jpg,,,,,,,,,0,"HealthPlus Pharmacy","Calgovit Vitamin C Orange Effervescent 1000mg x20","Calgovit Vitamin C Orange Effervescent 1000mg x20",1,0
21789,simple,SKU-339841,,"Swanson L-Arginine 850mg x90",1,0,visible,,"<p>- Supports cardiovascular health and blood circulation.</p>",,,none,,1,,,0,0,0,,,,1,,,37280,Supplements,"healthplus\,, otc\,, supplements\,, swanson",,https://eutawpharmacycare.com/wp-content/uploads/2026/04/Swanson_20L-Arginine_20850mg_20x90_82659948-6b15-41e1-9f72-707843956a24.jpg,,,,,,,,,0,"HealthPlus Pharmacy","Swanson L-Arginine 850mg x90","Swanson L-Arginine 850mg x90",1,0
21792,simple,SKU-106740,,"Joltan Valsartan 160mg x30",1,0,visible,,"<p>Antihypertensive .</p>",,,none,,1,,,0,0,0,,,,1,,,15840,Hypertension,"antihypertensive\,, healthplus\,, hypertension\,, joltan\,, only, prescription",,https://eutawpharmacycare.com/wp-content/uploads/2026/04/Joltan_20Valsartan_20160mg_20x30_55d021d6-e72d-40e3-94ba-4d897a67279a.png,,,,,,,,,0,"HealthPlus Pharmacy","Joltan Valsartan 160mg x30","Joltan Valsartan 160mg x30",1,0
21795,simple,SKU-SKU-NG-91145,,"Uni-Nature's Pride Hair, Skin & Nails 5000mg x60",1,0,visible,,"<p>- Supports strong nails, healthy skin, and vibrant hair. <br>\n - Rich in essential vitamins and minerals for beauty support. <br>\n - Helps combat dryness and breakage.</p>",,,none,,1,,,0,0,0,,,,1,,,27280,"Hair, Skin & Nails","&, hair\,, nails\,, pride, skin, uni-nature's",,https://eutawpharmacycare.com/wp-content/uploads/2026/04/Uni-Nature_27s_20Pride_20Hair_2C_20Skin_20and_20Nails_205000mg_20x60_3916e1d2-6325-4aea-8f55-026ba87be879.png,,,,,,,,,0,"HealthPlus Pharmacy","Uni-Nature's Pride Hair, Skin & Nails 5000mg x60","Uni-Nature's Pride Hair, Skin & Nails 5000mg x60",1,0
21798,simple,SKU-SKU-NG-91945,,"Uni Nature's Pride Vitamin C 1000mg x100",1,0,visible,,"<p>- Powerful antioxidant to reduce oxidative stress.</p>",,,none,,1,,,0,0,0,,,,1,,,21670,Vitamins,"c\,, healthplus\,, nature's, otc\,, pride\,, vitamin, vitamins",,https://eutawpharmacycare.com/wp-content/uploads/2026/04/Uni_20Nature_27s_20Pride_20Vitamin_20C_201000mg_20x100_766d7f68-07f7-4f83-b243-e077e9b6d491.png,,,,,,,,,0,"HealthPlus Pharmacy","Uni Nature's Pride Vitamin C 1000mg x100","Uni Nature's Pride Vitamin C 1000mg x100",1,0
21801,simple,SKU-255069,,"Zotrim Co-trimoxazole 480mg x100",1,0,visible,,"<p>Antibiotic for treating bacterial infections.</p>",,,none,,1,,,0,0,0,,,,1,,,4220,Infections,"antibiotics\,, healthplus\,, infections\,, otc\,, zotrim",,https://eutawpharmacycare.com/wp-content/uploads/2026/04/Zotrim_20Co-trimoxazole_20480mg_20x100_0e278241-bf5f-4023-b64c-14d8b5aab51f.png,,,,,,,,,0,"HealthPlus Pharmacy","Zotrim Co-trimoxazole 480mg x100","Zotrim Co-trimoxazole 480mg x100",1,0
21804,simple,SKU-255068,,"Zotrim Co-trimoxazole 240mg/5ml",1,0,visible,,"<p>- Pediatric antibiotic for bacterial infections.</p>",,,none,,1,,,0,0,0,,,,1,,,870,Infections,"antibiotics\,, healthplus\,, infections\,, only\,, prescription, zotrim",,https://eutawpharmacycare.com/wp-content/uploads/2026/04/Zotrim_20Co-trimoxazole_20240mg-5ml_fb32e3ed-a0c0-4d9b-9870-7f5219f63422.jpg,,,,,,,,,0,"HealthPlus Pharmacy","Zotrim Co-trimoxazole 240mg/5ml","Zotrim Co-trimoxazole 240mg/5ml",1,0
21807,simple,SKU-365914,,"Valupak Glucosamine & Chondroitin 400/100mg x90",1,0,visible,,"<p>- Supports joint health with a combination of glucosamine and chondroitin, essential for cartilage maintenance.</p>",,,none,,1,,,0,0,0,,,,1,,,9560,"Bone & Joints","&, bone, healthplus\,, joint, joints\,, otc\,, support\,, valupak",,https://eutawpharmacycare.com/wp-content/uploads/2026/04/Valupak_20Glucosamine_20and_20Chondroitin_20400-100mg_20x90_ad92c1d2-b910-42a2-8386-15758712a906.jpg,,,,,,,,,0,"HealthPlus Pharmacy","Valupak Glucosamine & Chondroitin 400/100mg x90","Valupak Glucosamine & Chondroitin 400/100mg x90",1,0
21810,simple,SKU-348239,,"Bio Nutrition Maca-Max x30",1,0,visible,,"<p>- Natural energy and stamina booster from pure Maca root. <br>\n - Supports hormonal balance, fertility, and libido.</p>",,,none,,1,,,0,0,0,,,,1,,,49700,"Libido Enhancer","bio, energy, enhancer\,, healthplus\,, libido, nutrition\,, otc, support\,",,https://eutawpharmacycare.com/wp-content/uploads/2026/04/Bio_20Nutrition_20Maca-Max_20x30_83bb72b2-5a1a-4885-b25f-e5d8402c73cf.jpg,,,,,,,,,0,"HealthPlus Pharmacy","Bio Nutrition Maca-Max x30","Bio Nutrition Maca-Max x30",1,0
21813,simple,SKU-348657,,"Brimopress Brimonidine 5ml",1,0,visible,,"<p>- Effective treatment for  intraocular pressuree.</p>",,,none,,1,,,0,0,0,,,,1,,,13050,"Eye Care","brimopress\,, care\,, eye, glaucoma, healthplus\,, only, prescription, treatment\,",,https://eutawpharmacycare.com/wp-content/uploads/2026/04/online-pharmacy-product-image-placeholder_27d0e5b2-5443-44f7-89ae-a93c4d8c7acb.png,,,,,,,,,0,"HealthPlus Pharmacy","Brimopress Brimonidine 5ml","Brimopress Brimonidine 5ml",1,0
21816,simple,SKU-344277,,"Dulcolax Suppository 5mg x5",1,0,visible,,"<p>A laxative agent</p>",,,none,,1,,,0,0,0,,,,1,,,9670,"Digestive Care","care\,, digestive, dulcolax\,, healthplus\,, laxative\,, otc",,https://eutawpharmacycare.com/wp-content/uploads/2026/04/Dulcolax_205mg_20Suppositories_20X_205_ca0ba6c7-0792-4004-8d2e-27f03a90039e.jpg,,,,,,,,,0,"HealthPlus Pharmacy","Dulcolax Suppository 5mg x5","Dulcolax Suppository 5mg x5",1,0
21819,simple,SKU-345292,,"Fidson Whitfield's Ointment 25g",1,0,visible,,"<p>- Treats fungal  and bacterial skin infections</p>",,,none,,1,,,0,0,0,,,,1,,,920,Antifungal,"antifungal\,, fidson\,, healthplus\,, otc",,https://eutawpharmacycare.com/wp-content/uploads/2026/04/Fidson_20Whitfield_27s_20Ointment_2025g_0764e29d-b6ce-4022-bf87-e676a098cf65.jpg,,,,,,,,,0,"HealthPlus Pharmacy","Fidson Whitfield's Ointment 25g","Fidson Whitfield's Ointment 25g",1,0
21822,simple,SKU-SKU-NG-91484,,"Predicte Pregnancy One Step Test Strip x2",1,0,visible,,"<p>Simple and accurate pregnancy test.</p>",,,none,,1,,,0,0,0,,,,1,,,2160,"Tests & Diagnostics","&, breastfeeding\,, healthplus\,, otc\,, predicte\,, pregnancy, test",,https://eutawpharmacycare.com/wp-content/uploads/2026/04/Predicte_20Pregnancy_20One_20Step_20Test_20Strip_20x2_d5b00b25-f9b7-4fd3-aba7-8191f4f92e57.png,,,,,,,,,0,"HealthPlus Pharmacy","Predicte Pregnancy One Step Test Strip x2","Predicte Pregnancy One Step Test Strip x2",1,0
21825,simple,SKU-387148,,"Durex Play Tingling 50ml",1,0,visible,,<p>Lubricant</p>,,,none,,1,,,0,0,0,,,,1,,,22420,Lubricants,"durex\,, Health, healthplus\,, lubricants\,, otc\,, sexual",,https://eutawpharmacycare.com/wp-content/uploads/2026/04/Durex_20Play_20Tingling_2050ml_160eac52-dc3f-4d97-964f-a33e0d80dbf9.jpg,,,,,,,,,0,"HealthPlus Pharmacy","Durex Play Tingling 50ml","Durex Play Tingling 50ml",1,0
21828,simple,SKU-365816,,"Pocary Sweat Large Pet 500ml",1,0,visible,,"<p>Hydrating beverage that replenishes electrolytes . Keeps you refreshed and energized.</p>",,,none,,1,,,0,0,0,,,,1,,,1360,Supplements,"electrolytes\,, healthplus\,, nutrition, otc\,, pocary\,, sports",,https://eutawpharmacycare.com/wp-content/uploads/2026/04/Pocary_20Sweat_20Large_20Pet_20500ml_27c599b0-4b4b-4d76-a011-a2744d6cecf3.jpg,,,,,,,,,0,"HealthPlus Pharmacy","Pocary Sweat Large Pet 500ml","Pocary Sweat Large Pet 500ml",1,0
21831,simple,SKU-123358,,"Fidson Cefuroxime 500mg x10",1,0,visible,,<p>Antibiotic</p>,,,none,,1,,,0,0,0,,,,1,,,12200,Uncategorized,"antibiotics\,, fidson\,, healthplus\,, infections\,, only, prescription",,https://eutawpharmacycare.com/wp-content/uploads/2026/04/Cefuroxime_20Fidson_20500mg_20x10_0d774619-23c0-4ac0-b90d-bb9555c94f1f.jpg,,,,,,,,,0,"HealthPlus Pharmacy","Fidson Cefuroxime 500mg x10","Fidson Cefuroxime 500mg x10",1,0
21834,simple,SKU-110551,,"Lodium Loperamide 2mg x10 - 1 Satchet",1,0,visible,,"<p>- Useful for managing acute or chronic diarrhea and traveler’s diarrhea</p>",,,none,,1,,,0,0,0,,,,1,,,1220,"Digestive Care","antidiarrheal\,, care\,, digestive, healthplus\,, lodium\,, otc",,https://eutawpharmacycare.com/wp-content/uploads/2026/04/Lodium_20Loperamide_202mg_20x10_222a5c5b-5845-42f8-a147-9de15149198a.png,,,,,,,,,0,"HealthPlus Pharmacy","Lodium Loperamide 2mg x10 - 1 Satchet","Lodium Loperamide 2mg x10 - 1 Satchet",1,0
21837,simple,SKU-225417,,"Felodiopine Folpik XL Teva 5mg Tablets x28",1,0,visible,,<p>Anti-hypertensive</p>,,,none,,1,,,0,0,0,,,,1,,,7130,Antihypertensive,"antihypertensive\,, healthplus\,, only\,, prescription, teva",,https://eutawpharmacycare.com/wp-content/uploads/2026/04/Felodiopine_20Folpik_20XL_20Teva_205mg_20Tablets_20x28_a85167e0-81ab-4602-8afe-6fe42450fc25.png,,,,,,,,,0,"HealthPlus Pharmacy","Felodiopine Folpik XL Teva 5mg Tablets x28","Felodiopine Folpik XL Teva 5mg Tablets x28",1,0
21840,simple,SKU-337004,,"Lipitor 80mg x30",1,0,visible,,"<p>- Helps lower bad cholesterol (LDL) <br>\n - Supports cardiovascular health</p>",,,none,,1,,,0,0,0,,,,1,,,38050,"High Cholesterol","cholesterol\,, healthplus\,, heart, high, lipitor\,, only, prescription, support\,",,https://eutawpharmacycare.com/wp-content/uploads/2026/04/Lipitor_2080mg_20x30_017fb612-258e-4d2d-af93-4f255c45e402.png,,,,,,,,,0,"HealthPlus Pharmacy","Lipitor 80mg x30","Lipitor 80mg x30",1,0
21843,simple,SKU-337587,,"Mefenamic Acid Teva 500mg Tablets x28",1,0,visible,,"<p>- Suitable for pain management</p>",,,none,,1,,,0,0,0,,,,1,,,26970,"Pain Management - Others","'-, analgesics\,, healthplus\,, management, oral, otc\,, others\,, pain, teva",,https://eutawpharmacycare.com/wp-content/uploads/2026/04/Mefanamic_20Acid_20Teva_20500mg_20Tablets_20x28_46758e70-4c0b-484e-a9e4-c1dc06c75979.png,,,,,,,,,0,"HealthPlus Pharmacy","Mefenamic Acid Teva 500mg Tablets x28","Mefenamic Acid Teva 500mg Tablets x28",1,0
21846,simple,SKU-233740,,"GSpar 200 Sparfloxacin 200mg x10",1,0,visible,,<p>Antibiotics</p>,,,none,,1,,,0,0,0,,,,1,,,2460,Antibacterial,"antibacterial\,, antibiotics\,, gspar\,, healthplus\,, only, prescription",,https://eutawpharmacycare.com/wp-content/uploads/2026/04/GSpar_20200_20Sparfloxacin_20200mg_20x10_6d6cd390-055c-4b1b-8002-d3ea892b9fed.png,,,,,,,,,0,"HealthPlus Pharmacy","GSpar 200 Sparfloxacin 200mg x10","GSpar 200 Sparfloxacin 200mg x10",1,0
21849,simple,SKU-137086,,"Colipan Elixir Hyoscine 5mg/5ml 60ml",1,0,visible,,"<p>- Relieves stomach cramps and spasms</p>",,,none,,1,,,0,0,0,,,,1,,,1080,"Digestive Care","care\,, colipan\,, digestive, healthplus\,, otc",,https://eutawpharmacycare.com/wp-content/uploads/2026/04/Colipan_20Elixir_20Hyoscine_205mg-5ml_2060ml.png,,,,,,,,,0,"HealthPlus Pharmacy","Colipan Elixir Hyoscine 5mg/5ml 60ml","Colipan Elixir Hyoscine 5mg/5ml 60ml",1,0
21852,simple,SKU-126440,,"Baclofen Teva 10mg Tablets x84",1,0,visible,,"<p>- Helps reduce muscle spasticity  <br>\n - Improves mobility and comfort</p>",,,none,,1,,,0,0,0,,,,1,,,23840,"Muscle Relaxant","healthplus\,, muscle, only\,, pain\,, prescription, relaxant\,, teva",,https://eutawpharmacycare.com/wp-content/uploads/2026/04/Baclofen_20Teva_2010mg_20Tablets_20x84_1a7b67f8-2062-4276-b465-7dc2bccd0721.png,,,,,,,,,0,"HealthPlus Pharmacy","Baclofen Teva 10mg Tablets x84","Baclofen Teva 10mg Tablets x84",1,0
21855,simple,SKU-271132,,"Montelukast Pediatric Chewable Teva 5mg Tablets x28",1,0,visible,,"<p>- Controls asthma symptoms and prevents attacks <br>\n - Reduces wheezing and shortness of breath</p>",,,none,,1,,,0,0,0,,,,1,,,4060,Asthma,"asthma\,, children's, health\,, healthplus\,, otc\,, teva",,https://eutawpharmacycare.com/wp-content/uploads/2026/04/Montelukast_20Pediatric_20Chewable_20Teva_205mg_20Tablets_20x28_2b6c23ce-7532-42b2-8a41-e9e80100c0f9.png,,,,,,,,,0,"HealthPlus Pharmacy","Montelukast Pediatric Chewable Teva 5mg Tablets x28","Montelukast Pediatric Chewable Teva 5mg Tablets x28",1,0
21858,simple,SKU-186534,,"Ebecef Ceftriaxone 1g",1,0,visible,,"<p>- Antibiotic</p>",,,none,,1,,,0,0,0,,,,1,,,970,Antibacterial,"antibacterial\,, antibiotics\,, ebecef\,, healthplus\,, only, prescription",,https://eutawpharmacycare.com/wp-content/uploads/2026/04/Ebecef_20Ceftriaxone_201g_2a49b177-1014-4d01-8ff4-77ee13d13a0a.png,,,,,,,,,0,"HealthPlus Pharmacy","Ebecef Ceftriaxone 1g","Ebecef Ceftriaxone 1g",1,0
21861,simple,SKU-167584,,"Ibuprofen Afrab Suspension 100mg/5ml",1,0,visible,,"<p>• Provides effective relief from children's fever and various pains<br>\n• Soothes discomfort from teething, headaches, or minor injuries</p>",,,none,,1,,,0,0,0,,,,1,,,1320,Anti-inflammatory,"'-, afrab\,, children's, healthplus\,, management, management\,, otc\,, others, pain",,https://eutawpharmacycare.com/wp-content/uploads/2026/04/Ibuprofen_20Afrab_20Suspension_20100mg-5ml_1d2b18e0-aa5d-481b-ace1-43bbb4bd0599.png,,,,,,,,,0,"HealthPlus Pharmacy","Ibuprofen Afrab Suspension 100mg/5ml","Ibuprofen Afrab Suspension 100mg/5ml",1,0
21864,simple,SKU-123342,,"Ketofung Cream Drugfield 20g",1,0,visible,,"<p>• Antifungal cream for treatment of skin infections like athlete’s foot and ringworm</p>",,,none,,1,,,0,0,0,,,,1,,,2030,Antifungal,"antifungal\,, drugfield\,, healthplus\,, otc",,https://eutawpharmacycare.com/wp-content/uploads/2026/04/Ketofung_20Cream_20Drugfield_2020g.jpg,,,,,,,,,0,"HealthPlus Pharmacy","Ketofung Cream Drugfield 20g","Ketofung Cream Drugfield 20g",1,0
21867,simple,SKU-267299,,"Furosemide Crescent 40mg x28",1,0,visible,,"<p>• Diuretic used in management of fluid retention and hypertension</p>",,,none,,1,,,0,0,0,,,,1,,,10920,Antihypertensive,"antihypertensive\,, crescent\,, healthplus\,, hypertension\,, only, prescription",,https://eutawpharmacycare.com/wp-content/uploads/2026/04/Furosemide_20Crescent_2040mg_20x28_6d0dccf6-4a3b-40d6-868b-42a9fe2a10f0.jpg,,,,,,,,,0,"HealthPlus Pharmacy","Furosemide Crescent 40mg x28","Furosemide Crescent 40mg x28",1,0
21870,simple,SKU-254263,,"Amlodipine Sandoz 5mg Tablets x28",1,0,visible,,<p>•Anti-hypertensives</p>,,,none,,1,,,0,0,0,,,,1,,,1230,Antihypertensive,"antihypertensive\,, healthplus\,, hypertension\,, only\,, prescription, sandoz",,https://eutawpharmacycare.com/wp-content/uploads/2026/04/Amlodipine_20Sandoz_205mg_20Tablets_20x28_dacdd7bc-c0f8-4994-bf25-b4934f94c562.png,,,,,,,,,0,"HealthPlus Pharmacy","Amlodipine Sandoz 5mg Tablets x28","Amlodipine Sandoz 5mg Tablets x28",1,0
21873,simple,SKU-106539,,"Atorvastatin Teva 10mg Tablets x28",1,0,visible,,"<p>• Helps reduces bad cholesterol (LDL) levels</p>",,,none,,1,,,0,0,0,,,,1,,,4840,"High Cholesterol","cholesterol\,, healthplus\,, high, only\,, prescription, teva",,https://eutawpharmacycare.com/wp-content/uploads/2026/04/Atorvastatin_20Teva_2010mg_20Tablets_20x28_0188f568-be8a-46ea-9707-11d8e4ad2cb3.png,,,,,,,,,0,"HealthPlus Pharmacy","Atorvastatin Teva 10mg Tablets x28","Atorvastatin Teva 10mg Tablets x28",1,0
21876,simple,SKU-387118,,"Doxycycline Teva 100mg Tablets x8",1,0,visible,,<p>Antibiotics</p>,,,none,,1,,,0,0,0,,,,1,,,6000,Antibacterial,"antibiotics\,, healthplus\,, infections\,, only\,, prescription, teva",,https://eutawpharmacycare.com/wp-content/uploads/2026/04/Doxycycline_20Teva_20100mg_20Tablets_20x8_f5d6bbdd-8354-4abe-9e5c-3ac603338e23.png,,,,,,,,,0,"HealthPlus Pharmacy","Doxycycline Teva 100mg Tablets x8","Doxycycline Teva 100mg Tablets x8",1,0
21879,simple,SKU-SKU-NG-85268,,"Anusol Suppositories x12",1,0,visible,,"<p>- Provides fast relief from hemorrhoids and anal discomfort. <br>\n - Reduces inflammation, itching, and swelling. <br>\n - Easy-to-use suppository format for effective absorption.</p>",,,none,,1,,,0,0,0,,,,1,,,16370,Uncategorized,"anusol\,, healthplus\,, hemorrhoids\,, otc",,https://eutawpharmacycare.com/wp-content/uploads/2026/04/Anusol_20Suppositories_20x12_14f64905-1f35-4493-8183-9c9bd3140361.jpg,,,,,,,,,0,"HealthPlus Pharmacy","Anusol Suppositories x12","Anusol Suppositories x12",1,0
21882,simple,SKU-200694,,"Emzor Chlorpheniramine Syrup 2mg/5ml 60ml",1,0,visible,,"<p>- Antihistamine for fast relief from sneezing, itching, and watery eyes <br>\n - Ideal for managing allergy symptoms and seasonal colds</p>",,,none,,1,,,0,0,0,,,,1,,,770,Allergies,"allergies\,, antihistamines\,, emzor\,, healthplus\,, otc",,https://eutawpharmacycare.com/wp-content/uploads/2026/04/Emzor_20Chlorpheniramine_20Syrup_202mg-5ml_2060ml.png,,,,,,,,,0,"HealthPlus Pharmacy","Emzor Chlorpheniramine Syrup 2mg/5ml 60ml","Emzor Chlorpheniramine Syrup 2mg/5ml 60ml",1,0
21885,simple,SKU-215161,,"Tribact Triple Cream 30g",1,0,visible,,"<p>- Combines antifungal, antibacterial, and anti-inflammatory agents</p>",,,none,,1,,,0,0,0,,,,1,,,1130,Infections,"antibacterial\,, healthplus\,, infections\,, otc\,, tribact",,https://eutawpharmacycare.com/wp-content/uploads/2026/04/online-pharmacy-product-image-placeholder_f61dcbdc-5759-4228-b7d8-0146c7269604.png,,,,,,,,,0,"HealthPlus Pharmacy","Tribact Triple Cream 30g","Tribact Triple Cream 30g",1,0
21888,simple,SKU-110470,,"Uniflox Ciprofloxacin Injection U.S.P 200mg/100ml",1,0,visible,,"<p>- Broad-spectrum antibiotic for serious bacterial infections <br>\n - Intravenous administration for faster action <br>\n - Used in respiratory and urinary tract infections</p>",,,none,,1,,,0,0,0,,,,1,,,500,Antibacterial,"antibacterial\,, antibiotics\,, uniflox",,https://eutawpharmacycare.com/wp-content/uploads/2026/04/Uniflox_20Ciprofloxacin_20Injection_20U.S.P_20200mg-100ml.jpg,,,,,,,,,0,"HealthPlus Pharmacy","Uniflox Ciprofloxacin Injection U.S.P 200mg/100ml","Uniflox Ciprofloxacin Injection U.S.P 200mg/100ml",1,0
21891,simple,SKU-306426,,"Arenax Plus 20/120mg x18",1,0,visible,,"<p>• Effective combination therapy for malaria treatment <br>\n• Artemether and lumefantrine formula <br>\n• Rapid symptom relief and parasite clearance</p>",,,none,,1,,,0,0,0,,,,1,,,1300,Malaria,"arenax\,, healthplus\,, malaria, malaria\,, otc, treatment\,",,https://eutawpharmacycare.com/wp-content/uploads/2026/04/online-pharmacy-product-image-placeholder_af48797b-4bf7-455b-b61e-5925907b0974.png,,,,,,,,,0,"HealthPlus Pharmacy","Arenax Plus 20/120mg x18","Arenax Plus 20/120mg x18",1,0
21894,simple,SKU-106554,,"B-Cor Bisoprolol Fumarate 5mg x30",1,0,visible,,"<p>• Supports healthy heart rhythm and function<br>\n• Helps maintain optimal blood pressure levels<br>\n• May reduce strain on cardiovascular system<br>\n• Contributes to overall heart health maintenance</p>",,,none,,1,,,0,0,0,,,,1,,,2740,Antihypertensive,"antihypertensive\,, b-cor\,, healthplus\,, hypertension\,, only, prescription",,https://eutawpharmacycare.com/wp-content/uploads/2026/04/B-Cor_20Bisoprolol_20Fumarate_205mg_20x30_bd239ac1-c406-4735-abc0-d324fcf9db6b.jpg,,,,,,,,,0,"HealthPlus Pharmacy","B-Cor Bisoprolol Fumarate 5mg x30","B-Cor Bisoprolol Fumarate 5mg x30",1,0
21897,simple,SKU-106518,,"Valvas Amlodipine/Valsartan 10/160mg x30",1,0,visible,,"<p>• Dual-action support for cardiovascular health<br>\n• Helps maintain proper blood vessel function<br>\n• Supports healthy blood pressure regulation<br>\n• May reduce workload on heart muscles</p>",,,none,,1,,,0,0,0,,,,1,,,24690,Antihypertensive,"antihypertensive\,, healthplus\,, hypertension\,, only\,, prescription, valvas",,https://eutawpharmacycare.com/wp-content/uploads/2026/04/online-pharmacy-product-image-placeholder_b46d7b40-790b-4e31-a4e5-240195087679.png,,,,,,,,,0,"HealthPlus Pharmacy","Valvas Amlodipine/Valsartan 10/160mg x30","Valvas Amlodipine/Valsartan 10/160mg x30",1,0
21900,simple,SKU-147320,,"Cetidyn Cetirizine Syrup 5mg/5ml 60ml",1,0,visible,,"<p>• Provides relief from allergy symptoms like sneezing and itching<br>\n• Helps reduce watery eyes and runny nose<br>\n• Liquid formula suitable for children and adults<br>\n• Non-drowsy formula supports daytime comfort</p>",,,none,,1,,,0,0,0,,,,1,,,650,Allergies,"allergies, antihistamines\,, cetidyn\,, healthplus\,, otc\,, other",,https://eutawpharmacycare.com/wp-content/uploads/2026/04/online-pharmacy-product-image-placeholder_f76c44cd-938c-46cc-a8ec-3f1986014923.png,,,,,,,,,0,"HealthPlus Pharmacy","Cetidyn Cetirizine Syrup 5mg/5ml 60ml","Cetidyn Cetirizine Syrup 5mg/5ml 60ml",1,0
21903,simple,SKU-269007,,"Dr. Meyer Maxiquine 250mg x10",1,0,visible,,"<p>• Antimalarial treatment with effective action <br>\n• Used in the management of acute malaria infections <br>\n• Oral tablet format for convenient use</p>",,,none,,1,,,0,0,0,,,,1,,,440,Malaria,"dr., healthplus\,, malaria, malaria\,, meyer\,, otc, treatment\,",,https://eutawpharmacycare.com/wp-content/uploads/2026/04/online-pharmacy-product-image-placeholder_74022968-7829-498f-b808-2b0c99593bb1.png,,,,,,,,,0,"HealthPlus Pharmacy","Dr. Meyer Maxiquine 250mg x10","Dr. Meyer Maxiquine 250mg x10",1,0
21906,simple,SKU-SKU-NG-85570,,"Uni-Nature's Pride Hydrolysed Collagen Peptides Glow Essentials Powder 277g",1,0,visible,,"<p>• Supports skin elasticity and joint health <br>\n• Hydrolysed collagen for better absorption <br>\n• Powder format ideal for mixing with food or drink</p>",,,none,,1,,,0,0,0,,,,1,,,65460,"Hair, Skin & Nails","healthplus\,, otc\,, pride, supplements\,, uni-nature's",,https://eutawpharmacycare.com/wp-content/uploads/2026/04/Uni-Nature_27s_20Pride_20Hydrolysed_20Collagen_20Peptides_20Glow_20Essentials_20Powder_20277g.jpg,,,,,,,,,0,"HealthPlus Pharmacy","Uni-Nature's Pride Hydrolysed Collagen Peptides Glow Essentials Powder 277g","Uni-Nature's Pride Hydrolysed Collagen Peptides Glow Essentials Powder 277g",1,0
21909,simple,SKU-353422,,"Nature's Bounty Advanced Hair, Skin and Nails x80",1,0,visible,,"<p>• Multivitamin formula to enhance beauty from within <br>\n• Contains biotin, collagen, and antioxidants <br>\n• Supports strong nails, healthy hair and glowing skin</p>",,,none,,1,,,0,0,0,,,,1,,,28680,"Hair, Skin & Nails","&, bounty\,, hair\,, healthplus\,, nails\,, nature's, otc\,, skin, supplements",,https://eutawpharmacycare.com/wp-content/uploads/2026/04/Nature_27s_20Bounty_20Advanced_20Hair_2C_20Skin_20and_20Nails_20x80_326a458d-21d9-4b42-9b2e-f20f78428cdf.png,,,,,,,,,0,"HealthPlus Pharmacy","Nature's Bounty Advanced Hair, Skin and Nails x80","Nature's Bounty Advanced Hair, Skin and Nails x80",1,0
21912,simple,SKU-SKU-NG-91460,,"Swanson High Potency Vitamin D3 1000iu x60",1,0,visible,,"<p>• Supports strong bones and teeth<br>\n• Essential for calcium absorption<br>\n• Contributes to immune function<br>\n• Helps maintain muscle strength</p>",,,none,,1,,,0,0,0,,,,1,,,20000,Vitamins,"&, d, diet, healthplus\,, nutrition\,, otc\,, swanson\,, vitamin",,https://eutawpharmacycare.com/wp-content/uploads/2026/04/Swanson_20High_20Potency_20Vitamin_20D3_201000iu_20x60_a80d2536-69c5-4c37-8667-8bfeae14cfa9.jpg,,,,,,,,,0,"HealthPlus Pharmacy","Swanson High Potency Vitamin D3 1000iu x60","Swanson High Potency Vitamin D3 1000iu x60",1,0
21915,simple,SKU-260945,,"Ascipram-20 Escitalopram 20mg x30",1,0,visible,,<p>Anti-depressant</p>,,,none,,1,,,0,0,0,,,,1,,,2710,"Chronic Diseases","'-, ascipram\,, chronic, diseases, healthplus\,, only, others\,, prescription",,https://eutawpharmacycare.com/wp-content/uploads/2026/04/online-pharmacy-product-image-placeholder_9f4dccd7-e2bd-4105-8c4a-917aca10ea02.png,,,,,,,,,0,"HealthPlus Pharmacy","Ascipram-20 Escitalopram 20mg x30","Ascipram-20 Escitalopram 20mg x30",1,0
21918,simple,SKU-106741,,"Joltan 80 Valsartan 80mg x30",1,0,visible,,"<p>- Antihypertensive</p>",,,none,,1,,,0,0,0,,,,1,,,11110,Antihypertensive,"antihypertensive\,, healthplus\,, hypertension\,, joltan\,, only, prescription",,https://eutawpharmacycare.com/wp-content/uploads/2026/04/Joltan_2080_20Valsartan_2080mg_20x30_99984558-273d-4d58-a754-48f635506c51.png,,,,,,,,,0,"HealthPlus Pharmacy","Joltan 80 Valsartan 80mg x30","Joltan 80 Valsartan 80mg x30",1,0
21921,simple,SKU-141501,,"Brustan-N Ibuprofen 400mg x10",1,0,visible,,"<p>- Offers effective relief from muscle pain, joint aches, and inflammation <br>\n - Reduces fever and swelling</p>",,,none,,1,,,0,0,0,,,,1,,,820,Anti-inflammatory,"anti-inflammatory\,, brustan-n\,, healthplus\,, otc",,https://eutawpharmacycare.com/wp-content/uploads/2026/04/Brustan-N_20Ibuprofen_20400mg_20x10_8c6e4a71-3c33-40fb-83c1-300eacadd38c.png,,,,,,,,,0,"HealthPlus Pharmacy","Brustan-N Ibuprofen 400mg x10","Brustan-N Ibuprofen 400mg x10",1,0
21924,simple,SKU-137104,,"Aquaclav 1g AmoxicillinClavulanate x14",1,0,visible,,"<p>Antibiotc medication</p>",,,none,,1,,,0,0,0,,,,1,,,4970,Antibacterial,"antibacterial\,, antibiotics\,, aquaclav\,, healthplus\,, only, prescription",,https://eutawpharmacycare.com/wp-content/uploads/2026/04/online-pharmacy-product-image-placeholder_71ff1fe1-c797-4c60-8b4a-ceea0219ad83.png,,,,,,,,,0,"HealthPlus Pharmacy","Aquaclav 1g Amoxicillin\Clavulanate x14","Aquaclav 1g Amoxicillin\Clavulanate x14",1,0
21927,simple,SKU-129009,,"Erythro Erythromycin 250mg/5ml 50ml",1,0,visible,,"<p>- Antibiotic medication</p>",,,none,,1,,,0,0,0,,,,1,,,1800,Antibacterial,"antibacterial\,, antibiotics\,, erythro\,, healthplus\,, only, prescription",,https://eutawpharmacycare.com/wp-content/uploads/2026/04/online-pharmacy-product-image-placeholder_0b3dd899-4665-4552-a664-d799cad66de5.png,,,,,,,,,0,"HealthPlus Pharmacy","Erythro Erythromycin 250mg/5ml 50ml","Erythro Erythromycin 250mg/5ml 50ml",1,0
21930,simple,SKU-125472,,"Beehive Balsam Cough Syrup 200ml",1,0,visible,,"<p>- Provides soothing relief for dry and productive coughs <br>\n - Helps clear airways and ease throat irritation</p>",,,none,,1,,,0,0,0,,,,1,,,10860,Cough,"beehive\,, cough\,, healthplus\,, otc",,https://eutawpharmacycare.com/wp-content/uploads/2026/04/online-pharmacy-product-image-placeholder_0bee2e30-5cde-44eb-a0e4-97a80808f767.png,,,,,,,,,0,"HealthPlus Pharmacy","Beehive Balsam Cough Syrup 200ml","Beehive Balsam Cough Syrup 200ml",1,0
21933,simple,SKU-261005,,"Amlodipine Sandoz 10mg Tablets x28",1,0,visible,,"<p>•Antihypertensive medication</p>",,,none,,1,,,0,0,0,,,,1,,,1150,Antihypertensive,"antihypertensive\,, healthplus\,, hypertension\,, only\,, prescription, sandoz",,https://eutawpharmacycare.com/wp-content/uploads/2026/04/Amlodipine_20Sandoz_2010mg_20Tablets_20x28_249cfae5-312a-4842-87a3-a74de20cc2f6.jpg,,,,,,,,,0,"HealthPlus Pharmacy","Amlodipine Sandoz 10mg Tablets x28","Amlodipine Sandoz 10mg Tablets x28",1,0
21936,simple,SKU-151097,,"Pulmocef Cefuroxime 500mg x10",1,0,visible,,"<p>-  Antibiotic</p>",,,none,,1,,,0,0,0,,,,1,,,2550,Infections,"antibiotics\,, healthplus\,, infections\,, only\,, prescription, pulmocef",,https://eutawpharmacycare.com/wp-content/uploads/2026/04/online-pharmacy-product-image-placeholder_345af89f-ec05-4c80-8d4f-d5e1dfca4b1f.png,,,,,,,,,0,"HealthPlus Pharmacy","Pulmocef Cefuroxime 500mg x10","Pulmocef Cefuroxime 500mg x10",1,0
21939,simple,SKU-211002,,"Atropine Sulphate Martindale 0.6mg/ml x10",1,0,visible,,"<p>Manages Bradycardia amongst others</p>",,,none,,1,,,0,0,0,,,,1,,,410,Others,"healthplus\,, martindale\,, only, others\,, prescription",,https://eutawpharmacycare.com/wp-content/uploads/2026/04/online-pharmacy-product-image-placeholder_687ee2cb-830f-49ef-bc58-a8c4bf302956.png,,,,,,,,,0,"HealthPlus Pharmacy","Atropine Sulphate Martindale 0.6mg/ml x10","Atropine Sulphate Martindale 0.6mg/ml x10",1,0
21942,simple,SKU-SKU-NG-85458,,"Durex Feel Lube Body Friendly And Gentle Formula 50ml",1,0,visible,,"<p>• Provides gentle, smooth lubrication for comfort<br>\n• Hypoallergenic formula suitable for sensitive skin<br>\n• Water-based for easy cleanup and compatibility<br>\n• Enhances intimacy without irritation</p>",,,none,,1,,,0,0,0,,,,1,,,18320,Lubricants,"durex\,, Health, healthplus\,, lubricants\,, otc\,, reproductive",,https://eutawpharmacycare.com/wp-content/uploads/2026/04/Durex_20Feel_20Lube_20Body_20Friendly_20And_20Gentle_20Formula_2050ml_975f9024-14e9-4aad-9536-a39603dd7c4f.png,,,,,,,,,0,"HealthPlus Pharmacy","Durex Feel Lube Body Friendly And Gentle Formula 50ml","Durex Feel Lube Body Friendly And Gentle Formula 50ml",1,0
21945,simple,SKU-114294,,"Glucophage Metformin 1000mg Tablet x30",1,0,visible,,"<p>• Helps maintain healthy blood sugar levels<br>\n• Supports insulin sensitivity and metabolic health<br>\n• Aids in managing type 2 diabetes effectively<br>\n• Contributes to long-term wellness</p>",,,none,,1,,,0,0,0,,,,1,,,13840,Diabetes,"diabetes, diabetes\,, glucophage\,, healthplus\,, otc, support\,",,https://eutawpharmacycare.com/wp-content/uploads/2026/04/Glucophage_20Metformin_201000mg_20Tablet_20x30_310d83db-51f7-4b11-a58d-449f28b0f779.jpg,,,,,,,,,0,"HealthPlus Pharmacy","Glucophage Metformin 1000mg Tablet x30","Glucophage Metformin 1000mg Tablet x30",1,0
21948,simple,SKU-267296,,"Ocefix Cefixime 100mg/5ml Suspension 100ml",1,0,visible,,"<p>• Treats bacterial infections like ear and throat infections<br>\n• Pediatric-friendly suspension for easy dosing<br>\n• Effective against a broad range of bacteria<br>\n• Supports faster recovery from illnesses</p>",,,none,,1,,,0,0,0,,,,1,,,5170,Antibacterial,"antibiotics\,, healthplus\,, infections\,, ocefix",,https://eutawpharmacycare.com/wp-content/uploads/2026/04/Ocefix_20Cefixime_20100mg-5ml_20Suspension_20100ml_b290cfd2-a271-41ee-961e-cf0d2fd05c77.png,,,,,,,,,0,"HealthPlus Pharmacy","Ocefix Cefixime 100mg/5ml Suspension 100ml","Ocefix Cefixime 100mg/5ml Suspension 100ml",1,0
21951,simple,SKU-365326,,"Garden Of Life Dr. Formulated with Magnesium Pre & Probiotics Raspberry Flavoured Gummies 200mg x60",1,0,visible,,"<p>• Supports digestive health with prebiotics and probiotics<br>\n• Includes magnesium for muscle and nerve function<br>\n• Delicious raspberry gummies for easy consumption<br>\n• Promotes gut balance and overall wellness</p>",,,none,,1,,,0,0,0,,,,1,,,59620,Supplements,"care\,, digestive, garden, healthplus\,, life\,, of, otc\,, probiotics",,https://eutawpharmacycare.com/wp-content/uploads/2026/04/Garden_20Of_20Life_20Dr._20Formulated_20with_20Magnesium_20Pre_20and_20Probiotics_20Raspberry_20Flavoured_20Gummies_20200mg_20x60_d8f96b3a-208b-4967-ac35-df72221601b9.jpg,,,,,,,,,0,"HealthPlus Pharmacy","Garden Of Life Dr. Formulated with Magnesium Pre & Probiotics Raspberry Flavoured Gummies 200mg x60","Garden Of Life Dr. Formulated with Magnesium Pre & Probiotics Raspberry Flavoured Gummies 200mg x60",1,0
21954,simple,SKU-364335,,"Durex Ylang Ylang Massage Lube 200ml",1,0,visible,,"<p>• Provides smooth lubrication for massage and intimacy<br>\n• Enriched with ylang ylang for a relaxing aroma<br>\n• Long-lasting formula for extended use<br>\n• Gentle on skin and easy to wash off</p>",,,none,,1,,,0,0,0,,,,1,,,27000,Lubricants,"durex\,, Health, healthplus\,, lubricants\,, otc\,, reproductive",,https://eutawpharmacycare.com/wp-content/uploads/2026/04/Durex_20Ylang_20Ylang_20Massage_20Lube_20200ml_2bde67b8-c95d-4f32-9ea0-5c2704838c1f.jpg,,,,,,,,,0,"HealthPlus Pharmacy","Durex Ylang Ylang Massage Lube 200ml","Durex Ylang Ylang Massage Lube 200ml",1,0
21957,simple,SKU-SKU-NG-91344,,"Gaviscon Double Action Mixed Berries Flavour Tablet x24",1,0,visible,,"<p>• Relieves heartburn and indigestion quickly<br>\n• Forms a protective barrier to prevent acid reflux<br>\n• Pleasant mixed berry flavor for easy chewing<br>\n• Provides dual-action relief for acid-related discomfort</p>",,,none,,1,,,0,0,0,,,,1,,,26350,Antacids,"antacids\,, care\,, digestive, gaviscon\,, healthplus\,, otc",,https://eutawpharmacycare.com/wp-content/uploads/2026/04/Gaviscon_20Double_20Action_20Mixed_20Berries_20Flavour_20Tablet_20x24_722a525f-852c-4cda-bb09-5df4efbc5564.jpg,,,,,,,,,0,"HealthPlus Pharmacy","Gaviscon Double Action Mixed Berries Flavour Tablet x24","Gaviscon Double Action Mixed Berries Flavour Tablet x24",1,0
21960,simple,SKU-SKU-NG-91346,,"Valupak Chewable Vitamin C 500mg Tablet x30",1,0,visible,,"<p>• Boosts immune system function with high-dose vitamin C<br>\n• Easy-to-chew tablet with a pleasant taste<br>\n• Supports collagen production for skin health<br>\n• Acts as a powerful antioxidant for cellular protection</p>",,,none,,1,,,0,0,0,,,,1,,,9260,Vitamins,"&, c, diet, healthplus\,, nutrition\,, otc\,, valupak\,, vitamin",,https://eutawpharmacycare.com/wp-content/uploads/2026/04/Valupak_20Chewable_20Vitamin_20C_20500mg_20Tablet_20x30_f2eac70e-932d-44b0-83ba-6378438dfab3.png,,,,,,,,,0,"HealthPlus Pharmacy","Valupak Chewable Vitamin C 500mg Tablet x30","Valupak Chewable Vitamin C 500mg Tablet x30",1,0
21963,simple,SKU-SKU-NG-91350,,"Doctor's Best High Absorption Magnesium 200mg Tablet x120",1,0,visible,,"<p>• Supports muscle and nerve function with highly absorbable magnesium<br>\n• Helps reduce muscle cramps and promote relaxation<br>\n• Contributes to bone health and energy production<br>\n• Essential for over 300 biochemical reactions in the body</p>",,,none,,1,,,0,0,0,,,,1,,,44970,Supplements,"&, best\,, diet, doctor's, healthplus\,, magnesium, nutrition\,, otc, supplements\,",,https://eutawpharmacycare.com/wp-content/uploads/2026/04/Doctor_27s_20Best_20High_20Absorption_20Magnesium_20200mg_20Tablet_20x120_ddee6321-28f7-435b-aa21-9a727d5251ab.jpg,,,,,,,,,0,"HealthPlus Pharmacy","Doctor's Best High Absorption Magnesium 200mg Tablet x120","Doctor's Best High Absorption Magnesium 200mg Tablet x120",1,0
21966,simple,SKU-340857,,"Tums Calcium Carbonate Antacid Assorted Berries 1000mg Tablet x72",1,0,visible,,"<p>• Provides fast relief from heartburn and acid indigestion<br>\n• Contains calcium to support bone health<br>\n• Assorted berry flavors for enjoyable use<br>\n• Helps neutralize stomach acid on contact</p>",,,none,,1,,,0,0,0,,,,1,,,36350,Antacids,"antacids\,, care\,, digestive, healthplus\,, otc\,, tums",,https://eutawpharmacycare.com/wp-content/uploads/2026/04/Tums_20Calcium_20Carbonate_20Antacid_20Assorted_20Berries_201000mg_20Tablet_20x72_f5c72fa4-4e0f-4700-be73-20610bced050.jpg,,,,,,,,,0,"HealthPlus Pharmacy","Tums Calcium Carbonate Antacid Assorted Berries 1000mg Tablet x72","Tums Calcium Carbonate Antacid Assorted Berries 1000mg Tablet x72",1,0
21969,simple,SKU-339819,,"Swanson Full Spectrum Dandelion 515mg Capsule x60",1,0,visible,,"<p>• Supports liver detoxification and digestive health<br>\n• Acts as a natural diuretic to reduce water retention<br>\n• Rich in antioxidants for overall wellness<br>\n• Promotes healthy digestion and nutrient absorption</p>",,,none,,1,,,0,0,0,,,,1,,,23340,"Herbal Remedies","care\,, detox\,, digestive, healthplus\,, otc\,, swanson",,https://eutawpharmacycare.com/wp-content/uploads/2026/04/Swanson_20Full_20Spectrum_20Dandelion_20515mg_20Capsule_20x60_2ee67313-12d8-4c97-befd-409c75cf9c3c.jpg,,,,,,,,,0,"HealthPlus Pharmacy","Swanson Full Spectrum Dandelion 515mg Capsule x60","Swanson Full Spectrum Dandelion 515mg Capsule x60",1,0
21972,simple,SKU-339842,,"Swanson L-Glutathione 100mg Capsule x100",1,0,visible,,"<p>• Powerful antioxidant for cellular protection and detoxification<br>\n• Supports immune system function and liver health<br>\n• Helps promote skin brightness and overall vitality<br>\n• Essential for neutralizing free radicals in the body</p>",,,none,,1,,,0,0,0,,,,1,,,60000,Supplements,"antioxidants\,, healthplus\,, immune, otc\,, support\,, swanson",,https://eutawpharmacycare.com/wp-content/uploads/2026/04/Swanson_20L-Glutathione_20100mg_20Capsule_20x100_d14b06d6-9c4b-4c64-a45e-4577b6ef046c.jpg,,,,,,,,,0,"HealthPlus Pharmacy","Swanson L-Glutathione 100mg Capsule x100","Swanson L-Glutathione 100mg Capsule x100",1,0
21974,simple,SKU-SKU-NG-91340,,"Metrone (Metronidazole) 200mg Tablet x100",1,0,visible,,"<p>• Helps treat bacterial and parasitic infections<br>\n• Supports recovery from gastrointestinal infections<br>\n• Effective against a range of anaerobic bacteria<br>\n• Contributes to overall infection resolution</p>",,,none,,1,,,0,0,0,,,,1,,,1610,Antibacterial,"antibiotics\,, healthplus\,, infections\,, metrone\,, only, prescription",,,,,,,,,,,0,"HealthPlus Pharmacy","Metrone (Metronidazole) 200mg Tablet x100","Metrone (Metronidazole) 200mg Tablet x100",1,0
21976,simple,SKU-SKU-NG-85787,,"Perfectil Triple Active Skin, Hair & Nails [Vitabiotics] Tablet x30",1,0,visible,,"<p>• Promotes radiant skin with essential vitamins and minerals<br>\n• Strengthens hair and reduces breakage<br>\n• Supports healthy nail growth and durability<br>\n• Contains antioxidants for overall beauty wellness</p>",,,none,,1,,,0,0,0,,,,1,,,20170,Supplements,"&, hair\,, healthplus\,, nails\,, otc\,, skin, vitabiotics",,https://eutawpharmacycare.com/wp-content/uploads/2026/04/Perfectil_20Triple_20Active_20Skin_2C_20Hair_20and_20Nails_20Vitabiotics_20Tablet_20x30_2961af6e-7dea-4e29-9db6-302bb077f483.jpg,,,,,,,,,0,"HealthPlus Pharmacy","Perfectil Triple Active Skin, Hair & Nails [Vitabiotics] Tablet x30","Perfectil Triple Active Skin, Hair & Nails [Vitabiotics] Tablet x30",1,0
21979,simple,SKU-339847,,"Maca [Swanson Health Products] 500mg Capsule x60",1,0,visible,,"<p>• Supports natural energy and stamina levels<br>\n• May help balance hormones and improve mood<br>\n• Traditionally used for vitality and endurance<br>\n• Plant-based adaptogen for overall wellness</p>",,,none,,1,,,0,0,0,,,,1,,,27500,"Herbal Remedies","&, diet, enhancer\,, healthplus\,, libido, nutrition\,, otc\,, swanson",,https://eutawpharmacycare.com/wp-content/uploads/2026/04/Maca_20_5BSwanson_20Health_20Products_5D_20500mg_20Capsule_20x60_2f34ac43-550b-44dc-bda9-ae4818df97ff.jpg,,,,,,,,,0,"HealthPlus Pharmacy","Maca [Swanson Health Products] 500mg Capsule x60","Maca [Swanson Health Products] 500mg Capsule x60",1,0
21982,simple,SKU-130121,,"Zinc [Nature'S Field] 50mg Tablet x100",1,0,visible,,"<p>• Boosts immune system function and response<br>\n• Supports wound healing and skin health<br>\n• Essential for cellular growth and repair<br>\n• Contributes to proper taste and smell senses</p>",,,none,,1,,,0,0,0,,,,1,,,13730,Supplements,"field\,, healthplus\,, immune, nature's, otc\,, supplements, support\,, zinc",,https://eutawpharmacycare.com/wp-content/uploads/2026/04/Zinc_20_5BNature_27S_20Field_5D_2050mg_20Tablet_20x100_2674ab6d-be28-4fd7-9694-5b8ad6d46b26.png,,,,,,,,,0,"HealthPlus Pharmacy","Zinc [Nature'S Field] 50mg Tablet x100","Zinc [Nature'S Field] 50mg Tablet x100",1,0
21985,simple,SKU-136950,,"Aquaclav 625mg x14",1,0,visible,,"<p>Antibiotc medication</p>",,,none,,1,,,0,0,0,,,,1,,,4040,Antibacterial,"antibacterial\,, antibiotics\,, healthplus\,, only, prescription",,https://eutawpharmacycare.com/wp-content/uploads/2026/04/online-pharmacy-product-image-placeholder_d0a51b16-6293-4ae6-a80b-4eece24e667a.png,,,,,,,,,0,"HealthPlus Pharmacy","Aquaclav 625mg x14","Aquaclav 625mg x14",1,0
21988,simple,SKU-303560,,"Buscopan 10mg x56",1,0,visible,,"<p>• Helps relieve abdominal cramps and spasms<br>\n• Reduces discomfort from irritable bowel syndrome<br>\n• Targets smooth muscle contractions in digestive tract<br>\n• Provides focused relief without drowsiness</p>",,,none,,1,,,0,0,0,,,,1,,,25700,"Digestive Care","buscopan\,, care\,, digestive, healthplus\,, otc",,https://eutawpharmacycare.com/wp-content/uploads/2026/04/Buscopan_2010mg_20x56_a41a8f8c-ca9f-40cc-b40b-2efd608bf6d6.jpg,,,,,,,,,0,"HealthPlus Pharmacy","Buscopan 10mg x56","Buscopan 10mg x56",1,0
21991,simple,SKU-349156,,"Canesten (Clotrimazole) 500mg Pessary x1",1,0,visible,,"<p>• Treats vaginal yeast infections effectively<br>\n• Provides rapid relief from itching and discomfort<br>\n• Single-dose convenience for complete treatment<br>\n• Restores natural balance to intimate area</p>",,,none,,1,,,0,0,0,,,,1,,,37170,Antifungal,"antifungal\,, canesten\,, feminine, healthplus\,, hygiene\,, otc",,https://eutawpharmacycare.com/wp-content/uploads/2026/04/Canesten_20_28Clotrimazole_29_20500mg_20Pessary_20x1_4e9bfd91-3b3a-4dba-9648-4e22058fd6b3.png,,,,,,,,,0,"HealthPlus Pharmacy","Canesten (Clotrimazole) 500mg Pessary x1","Canesten (Clotrimazole) 500mg Pessary x1",1,0
21994,simple,SKU-SKU-NG-85365,,"Clarityn Allergy One A Day (Loratadine) 10mg Tablet x10",1,0,visible,,"<p>• Provides 24-hour relief from seasonal allergy symptoms<br>\n• Reduces sneezing, itchy eyes, and runny nose<br>\n• Non-drowsy formula for daytime use<br>\n• Fast-acting allergy protection in one daily dose</p>",,,none,,1,,,0,0,0,,,,1,,,15000,Allergies,"allergies, antihistamines\,, clarityn\,, healthplus\,, otc\,, other",,https://eutawpharmacycare.com/wp-content/uploads/2026/04/online-pharmacy-product-image-placeholder_8631b0a2-9309-4609-b571-0da894c0b0da.png,,,,,,,,,0,"HealthPlus Pharmacy","Clarityn Allergy One A Day (Loratadine) 10mg Tablet x10","Clarityn Allergy One A Day (Loratadine) 10mg Tablet x10",1,0
21997,simple,SKU-SKU-NG-85453,,"Dulcolax Adult (Bisacodyl) 5mg Gastro-Resistant Tablet x20",1,0,visible,,"<p>• Helps relieve occasional constipation effectively<br>\n• Stimulates natural bowel movement<br>\n• Gastro-resistant coating for targeted release<br>\n• Supports digestive regularity and comfort</p>",,,none,,1,,,0,0,0,,,,1,,,11800,"Digestive Care","care\,, digestive, dulcolax\,, laxative",,https://eutawpharmacycare.com/wp-content/uploads/2026/04/online-pharmacy-product-image-placeholder_175527bb-fd0b-40ce-b0b4-0754765a9be6.png,,,,,,,,,0,"HealthPlus Pharmacy","Dulcolax Adult (Bisacodyl) 5mg Gastro-Resistant Tablet x20","Dulcolax Adult (Bisacodyl) 5mg Gastro-Resistant Tablet x20",1,0
22000,simple,SKU-SKU-NG-91936,,"Durex Massage Guarana (Lubricant) 200ml Gel",1,0,visible,,"<p>• Provides smooth lubrication for massage and intimacy<br>\n• Energizing guarana extract for sensory enhancement<br>\n• Long-lasting gel formula for extended use<br>\n• Gentle on skin and easy to wash off</p>",,,none,,1,,,0,0,0,,,,1,,,25410,Lubricants,"durex\,, Health, lubricants\,, reproductive",,https://eutawpharmacycare.com/wp-content/uploads/2026/04/Durex_20Massage_20Lube_20Guarana_20Stimulating_20Pleasure_20200ml_20Gel.png,,,,,,,,,0,"HealthPlus Pharmacy","Durex Massage Guarana (Lubricant) 200ml Gel","Durex Massage Guarana (Lubricant) 200ml Gel",1,0
22003,simple,SKU-SKU-NG-91935,,"Grassfed Collagen Peptides + Vitamin C & Biotin [Neocell] 6000mg Tablet x360",1,0,visible,,"<p>• Supports skin elasticity and reduces wrinkles<br>\n• Strengthens hair and promotes healthy growth<br>\n• Improves nail strength and reduces brittleness<br>\n• Enhances joint flexibility and comfort</p>",,,none,,1,,,0,0,0,,,,1,,,85990,Supplements,"&, body, hair\,, nails, neocell\,, skin, skincare\,",,https://eutawpharmacycare.com/wp-content/uploads/2026/04/online-pharmacy-product-image-placeholder_4f2202f3-3896-4718-a057-0d09a68edb67.png,,,,,,,,,0,"HealthPlus Pharmacy","Grassfed Collagen Peptides + Vitamin C & Biotin [Neocell] 6000mg Tablet x360","Grassfed Collagen Peptides + Vitamin C & Biotin [Neocell] 6000mg Tablet x360",1,0
22006,simple,SKU-SKU-NG-91944,,"C-1000 With Bioflavonoids And Wild Rose Hips [Puritan's Pride] 1000mg Caplets x100",1,0,visible,,"<p>• Boosts immune system with high-dose vitamin C<br>\n• Enhances antioxidant protection for cells<br>\n• Supports collagen production for skin health<br>\n• Improves iron absorption and energy levels</p>",,,none,,1,,,0,0,0,,,,1,,,17500,Vitamins,"&, c, diet, nutrition\,, pride\,, puritan's, vitamin",,https://eutawpharmacycare.com/wp-content/uploads/2026/04/Puritan_27s_20Pride_20C-1000_20With_20Bioflavonoids_20And_20Wild_20Rose_20Hips_201000mg_20Caplets_20x100_cfb01b9b-2a82-46c7-bb36-26edb908e1e9.jpg,,,,,,,,,0,"HealthPlus Pharmacy","C-1000 With Bioflavonoids And Wild Rose Hips [Puritan's Pride] 1000mg Caplets x100","C-1000 With Bioflavonoids And Wild Rose Hips [Puritan's Pride] 1000mg Caplets x100",1,0
22009,simple,SKU-SKU-NG-91486,,"Magnesium Glycinate [Nature's Bounty] 240mg Capsule x180",1,0,visible,,"<p>• Promotes muscle relaxation and reduces cramps<br>\n• Supports restful sleep and stress reduction<br>\n• Enhances bone health and density<br>\n• Aids in energy production and metabolism</p>",,,none,,1,,,0,0,0,,,,1,,,70990,Supplements,"&, bounty, diet, nature's, nutrition\,",,https://eutawpharmacycare.com/wp-content/uploads/2026/04/Nature_27s_20Bounty_20Magnesium_20Glycinate_20240mg_20Capsules_20x180_017df38c-1ba7-449a-b7ca-d481e1e8a8b3.jpg,,,,,,,,,0,"HealthPlus Pharmacy","Magnesium Glycinate [Nature's Bounty] 240mg Capsule x180","Magnesium Glycinate [Nature's Bounty] 240mg Capsule x180",1,0
22012,simple,SKU-338620,,"Seven Seas Omega 3 + Cod Liver Oil x60",1,0,visible,,"<p>• Supports heart health and reduces inflammation<br>\n• Enhances brain function and cognitive health<br>\n• Improves joint mobility and reduces stiffness<br>\n• Boosts vision and eye health</p>",,,none,,1,,,0,0,0,,,,1,,,24170,Vitamins,"&, diet, fish, nutrition\,, oils, omegas\,, seas, seven",,https://eutawpharmacycare.com/wp-content/uploads/2026/04/Seven_20Seas_20Omega_203_20_2B_20Cod_20Liver_20Oil_20x60_27bba63b-8955-4247-98ef-b315c829e174.png,,,,,,,,,0,"HealthPlus Pharmacy","Seven Seas Omega 3 + Cod Liver Oil x60","Seven Seas Omega 3 + Cod Liver Oil x60",1,0
22015,simple,SKU-SKU-NG-91932,,"Tums Assorted Fruit Ultra Strength (Calcium Carbonate) 1000mg Tablet x72",1,0,visible,,"<p>• Neutralizes stomach acid for fast heartburn relief<br>\n• Provides calcium to support bone health<br>\n• Assorted fruit flavors for pleasant consumption<br>\n• Works within seconds to alleviate discomfort</p>",,,none,,1,,,0,0,0,,,,1,,,33320,Antacids,"antacids\,, care\,, digestive, healthplus\,, otc\,, tums",,https://eutawpharmacycare.com/wp-content/uploads/2026/04/Tums_20Assorted_20Fruit_20Ultra_20Strength_20_28Calcium_20Carbonate_29_201000mg_20Tablet_20x72_a813c2aa-85f7-458a-8d02-2100e8ce22ae.jpg,,,,,,,,,0,"HealthPlus Pharmacy","Tums Assorted Fruit Ultra Strength (Calcium Carbonate) 1000mg Tablet x72","Tums Assorted Fruit Ultra Strength (Calcium Carbonate) 1000mg Tablet x72",1,0
22018,simple,SKU-SKU-NG-91933,,"Tums Peppermint Ultra Strength (Calcium Carbonate) 1000mg Tablet x72",1,0,visible,,"<p>• Quickly relieves acid indigestion and heartburn<br>\n• Fresh peppermint flavor for refreshing relief<br>\n• Contains calcium for additional bone support<br>\n• Ultra-strength formula for maximum effectiveness</p>",,,none,,1,,,0,0,0,,,,1,,,36350,Antacids,"antacids\,, care\,, digestive, healthplus\,, otc\,, tums",,https://eutawpharmacycare.com/wp-content/uploads/2026/04/Tums_20Peppermint_20Ultra_20Strength_20_28Calcium_20Carbonate_29_201000mg_20Tablet_20x72_65b185c5-b232-4f08-913c-8bb9726373c1.jpg,,,,,,,,,0,"HealthPlus Pharmacy","Tums Peppermint Ultra Strength (Calcium Carbonate) 1000mg Tablet x72","Tums Peppermint Ultra Strength (Calcium Carbonate) 1000mg Tablet x72",1,0
22021,simple,SKU-SKU-NG-91934,,"Tums Tropical Fruit Ultra Strength (Calcium Carbonate) 1000mg Tablet x72",1,0,visible,,"<p>• Provides rapid relief from acid reflux symptoms<br>\n• Tropical fruit flavor for enjoyable consumption<br>\n• Helps neutralize stomach acid on contact<br>\n• Supports digestive comfort after meals</p>",,,none,,1,,,0,0,0,,,,1,,,36350,Antacids,"antacids\,, care\,, digestive, healthplus\,, otc\,, tums",,https://eutawpharmacycare.com/wp-content/uploads/2026/04/Tums_20Tropical_20Fruit_20Ultra_20Strength_20_28Calcium_20Carbonate_29_201000mg_20Tablet_20x72_dbacc7c7-1952-4305-b22e-7deb1e7e5ef2.jpg,,,,,,,,,0,"HealthPlus Pharmacy","Tums Tropical Fruit Ultra Strength (Calcium Carbonate) 1000mg Tablet x72","Tums Tropical Fruit Ultra Strength (Calcium Carbonate) 1000mg Tablet x72",1,0
22024,simple,SKU-347333,,"Immpower (Ahcc Proprietary Blend) 500mg Capsule x30",1,0,visible,,"<p>• Supports immune system function and response<br>\n• Enhances natural killer cell activity<br>\n• Provides antioxidant protection for cells<br>\n• Promotes overall immune health and wellness</p>",,,none,,1,,,0,0,0,,,,1,,,111650,"Immune Support","antioxidants\,, healthplus\,, immpower\,, immune, otc, support\,",,https://eutawpharmacycare.com/wp-content/uploads/2026/04/Immpower_20_28Ahcc_20Proprietary_20Blend_29_20500mg_20Capsule_20x30_f6168c67-8d64-45ad-b627-c55ad590683f.jpg,,,,,,,,,0,"HealthPlus Pharmacy","Immpower (Ahcc Proprietary Blend) 500mg Capsule x30","Immpower (Ahcc Proprietary Blend) 500mg Capsule x30",1,0
22027,simple,SKU-270363,,"Wellbaby Multivitamin Drops 30ml",1,0,visible,,"<p>• Provides essential vitamins for infant development<br>\n• Supports healthy growth and immune function<br>\n• Easy-to-administer liquid form for babies<br>\n• Helps meet nutritional needs during early years</p>",,,none,,1,,,0,0,0,,,,1,,,13840,Vitamins,"baby, care\,, healthplus\,, otc\,, wellbaby",,https://eutawpharmacycare.com/wp-content/uploads/2026/04/Wellbaby_20Multivitamin_20Drops_2030ml.jpg,,,,,,,,,0,"HealthPlus Pharmacy","Wellbaby Multivitamin Drops 30ml","Wellbaby Multivitamin Drops 30ml",1,0
22030,simple,SKU-167666,,"Pregnacare Conception [Vitabiotics] Tablet x30",1,0,visible,,"<p>• Supports reproductive health and fertility<br>\n• Provides essential nutrients for conception<br>\n• Helps prepare the body for pregnancy<br>\n• Contains folic acid for early fetal development</p>",,,none,,1,,,0,0,0,,,,1,,,21250,"Fertility Support","fertility, healthplus\,, otc\,, support\,, vitabiotics",,https://eutawpharmacycare.com/wp-content/uploads/2026/04/Pregnacare_20Conception_20_5BVitabiotics_5D_20Tablet_20x30_9a4900da-002d-4503-aaf5-fe642514629f.jpg,,,,,,,,,0,"HealthPlus Pharmacy","Pregnacare Conception [Vitabiotics] Tablet x30","Pregnacare Conception [Vitabiotics] Tablet x30",1,0
22033,simple,SKU-SKU-NG-91347,,"Clarityn Allergy One A Day (Loratadine) 10mg Tablet x20",1,0,visible,,"<p>• Provides 24-hour relief from allergy symptoms<br>\n• Reduces sneezing, itchy eyes, and runny nose<br>\n• Non-drowsy formula for daily use<br>\n• Fast-acting protection against allergens</p>",,,none,,1,,,0,0,0,,,,1,,,21480,Allergies,"allergies, antihistamines\,, clarityn\,, healthplus\,, otc\,, other",,https://eutawpharmacycare.com/wp-content/uploads/2026/04/Clarityn_20Allergy_20One_20A_20Day_20_28Loratadine_29_2010mg_20Tablet_20x20_734df3cc-3556-4a58-86bb-1248d169ad59.jpg,,,,,,,,,0,"HealthPlus Pharmacy","Clarityn Allergy One A Day (Loratadine) 10mg Tablet x20","Clarityn Allergy One A Day (Loratadine) 10mg Tablet x20",1,0
22036,simple,SKU-337087,,"Livolin Hepatotonic x30",1,0,visible,,"<p>• Supports liver function and detoxification<br>\n• Helps protect liver cells from damage<br>\n• Aids in digestion and nutrient processing<br>\n• Promotes overall liver health and wellness</p>",,,none,,1,,,0,0,0,,,,1,,,14000,Uncategorized,"healthplus\,, liver, livolin\,, otc, support\,",,https://eutawpharmacycare.com/wp-content/uploads/2026/04/Livolin_20Hepatotonic_20x30_68361d78-b59c-437b-86a6-3735267100e6.png,,,,,,,,,0,"HealthPlus Pharmacy","Livolin Hepatotonic x30","Livolin Hepatotonic x30",1,0
22039,simple,SKU-SKU-NG-85853,,"Revive Active (Co-Q 10/L-Arginine) 150/3000mg Powder x30",1,0,visible,,"<p>• Supports cardiovascular health and circulation<br>\n• Enhances energy production at cellular level<br>\n• Promotes blood vessel flexibility and function<br>\n• Supports overall vitality and endurance</p>",,,none,,1,,,0,0,0,,,,1,,,117590,Uncategorized,"active, healthplus\,, heart, otc\,, revive, support\,",,https://eutawpharmacycare.com/wp-content/uploads/2026/04/Revive_20Active_20_28Co-Q_2010-L-Arginine_29_20150-3000mg_20Powder_20x30_6e12c361-f2ab-43f0-8ad3-83d1b039b63c.png,,,,,,,,,0,"HealthPlus Pharmacy","Revive Active (Co-Q 10/L-Arginine) 150/3000mg Powder x30","Revive Active (Co-Q 10/L-Arginine) 150/3000mg Powder x30",1,0
22042,simple,SKU-SKU-NG-85856,,"Revive Active Joint Complex (Collagen Peptides) 5000mg Sachet x7",1,0,visible,,"<p>• Supports joint flexibility and mobility<br>\n• Helps reduce joint discomfort and stiffness<br>\n• Promotes cartilage health and repair<br>\n• Enhances overall joint function and comfort</p>",,,none,,1,,,0,0,0,,,,1,,,26000,Supplements,"&, active, bone, collagen, healthplus\,, joints\,, otc\,, revive, supplements\,",,https://eutawpharmacycare.com/wp-content/uploads/2026/04/Revive_20Active_20Joint_20Complex_20_28Collagen_20Peptides_29_205000mg_20Satchet_20x7_eb5fe15c-c775-47bf-aa28-12e3b5df6b74.jpg,,,,,,,,,0,"HealthPlus Pharmacy","Revive Active Joint Complex (Collagen Peptides) 5000mg Sachet x7","Revive Active Joint Complex (Collagen Peptides) 5000mg Sachet x7",1,0
22045,simple,SKU-270358,,"Vitamin D3 (Naturesfield) 1000IU x100",1,0,visible,,"<p>• Supports bone health and calcium absorption<br>\n• Enhances immune system function<br>\n• Helps maintain muscle strength<br>\n• Contributes to overall mood and wellness</p>",,,none,,1,,,0,0,0,,,,1,,,15750,Vitamins,"&, d, diet, healthplus\,, naturesfield\,, nutrition\,, otc\,, vitamin",,https://eutawpharmacycare.com/wp-content/uploads/2026/04/Vitamin_20D3_20_28Naturesfield_29_201000IU_20x100_1851a462-a319-4bf9-9e4c-0009963aa78d.jpg,,,,,,,,,0,"HealthPlus Pharmacy","Vitamin D3 (Naturesfield) 1000IU x100","Vitamin D3 (Naturesfield) 1000IU x100",1,0
22048,simple,SKU-215375,,"Wellwoman Max Tablets/Capsules x 84",1,0,visible,,"<p>- Contribute to normal energy release<br>\n- Contributes to the regulation of hormonal activity<br>\n- Contributes to normal formation of red blood cells and haemoglobin<br>\n- Helps for the maintenance of normal bones<br>\nWellwoman Max provides maximum support with a convenient 3-in-1 triple pack: Wellwoman micronutrient vitamin and mineral tablets, high purity Omega 3-6-9 capsules, and Calcium and vitamin D tablets. Wellwoman Max helps to safeguard your daily nutritional intake with a wide range of nutrients which give support to the areas of health which are most relevant to women.</p>",,,none,,1,,,0,0,0,,,,1,,,41250,Vitamins,"brand\,, Health, healthplus\,, multivitamins\,, supplements\,, top, vitabiotics\,, vitamins\,, women's",,https://eutawpharmacycare.com/wp-content/uploads/2026/04/Wellwoman-Max_20Tablets-Capsules_20x_2084_4149f359-6a7f-469c-91e4-7c9c04c6445d.png,,,,,,,,,0,Vitabiotics,"Wellwoman Max Tablets/Capsules x 84","Wellwoman Max Tablets/Capsules x 84",1,0
22051,simple,SKU-SKU-NG-85335,,"Calcough Infant Glycerol Cough Syrup 125ml",1,0,visible,,"<p>- Suitable for children 3 months and over<br>\n- For the relief of dry tickly coughs.<br>\n- Non-drowsy<br>\nCalcough Infant Syrup is a soothing, non-drowsy, colour and sugar-free syrup that is developed to relieve your child’s symptoms when they’re suffering from a dry and tickly cough.</p>",,,none,,1,,,0,0,0,,,,1,,,11040,"Mother & Child","&, calcough\,, child, children's, cold\,, cough, health\,, healthplus\,, mother",,https://eutawpharmacycare.com/wp-content/uploads/2026/04/Calcough_20Infant_20Glycerol_20Cough_20Syrup_20125ml-2_5df44456-332b-4725-8668-65f41b861a7a.jpg,,,,,,,,,0,"Johnson &amp; Johnson","Calcough Infant Glycerol Cough Syrup 125ml","Calcough Infant Glycerol Cough Syrup 125ml",1,0
22054,simple,SKU-SKU-NG-85766,,"Clearblue Digital Ovulation Test Kit x 10",1,0,visible,,"<p>- Clear results<br>\n- Over 99% accuracy at detecting the LH surge<br>\n- Easy to use <br>\nClearblue Digital Ovulation Test helps you maximise your chances of conceiving naturally by identifying your 2 most fertile days each cycle by measuring the changes in level of a key fertility hormone – luteinising hormone (LH).</p>",,,none,,1,,,0,0,0,,,,1,,,85110,"Test & Diagnostics","&, clearblue\,, diagnostics, healthplus\,, ovulation, test, test\,",,https://eutawpharmacycare.com/wp-content/uploads/2026/04/Clearblue_20Digital_20Ovulation_20Test_20Kit_20x_2010_1d331628-e2f2-429d-b0c1-eee824567eea.jpg,,,,,,,,,0,Clearblue,"Clearblue Digital Ovulation Test Kit x 10","Clearblue Digital Ovulation Test Kit x 10",1,0
22057,simple,SKU-SKU-NG-101701,,"Corsodyl Original Mouthwash 300ml",1,0,visible,,"<p>- Treats and prevents gum disease (where gums may bleed when brushed)<br>\n- Promotes gum healing after dental surgery or treatment<br>\n- Controls mouth ulcers<br>\n- Maintains oral hygiene<br>\nCorsodyl Original Mouthwash helps in the treatment and prevention of mouth problems such as gingivitis (gum irritation), ulcers, denture sores, and oral thrush. It contains the active ingredient chlorhexidine digluconate, an antibacterial agent which also reduces the formation of dental plaque.</p>",,,none,,1,,,0,0,0,,,,1,,,17250,"Oral Care","care, corsodyl\,, healthplus\,, mouthwash\,, oral",,https://eutawpharmacycare.com/wp-content/uploads/2026/04/Corsodyl_20Original_20Mouthwash_20300ml.jpg,,,,,,,,,0,GSK,"Corsodyl Original Mouthwash 300ml","Corsodyl Original Mouthwash 300ml",1,0
22060,simple,SKU-225189,,"Durex Select Condoms x 3",1,0,visible,,"<p>- Premium quality condoms for reliable protection.<br>\n- Flavored variety for enhanced pleasure.<br>\n- Electronically tested for safety and comfort.</p>",,,none,,1,,,0,0,0,,,,1,,,4800,"Sexual Health","condoms\,, contraceptives\,, durex\,, family, healthplus, planning\,",,https://eutawpharmacycare.com/wp-content/uploads/2026/04/Durex_20Select_20Condoms_20x3_9c2bdb91-c260-4588-82ae-d2b0dfddf925.jpg,,,,,,,,,0,"HealthPlus Pharmacy","Durex Select Condoms x 3","Durex Select Condoms x 3",1,0
22063,simple,SKU-177239,,"Futurebiotics 30 Day Beauty Secret x 30",1,0,visible,,"<p>- Glowing skin<br>\n- Healthy Hair and Nails<br>\n- Comprehensive multi-nutritional formula<br>\n- Maintains your overall health<br>\nThe 30-Day Beauty Secret is a radical concept in total body nutrition that provides you with an unprecedented blend of special nutrients to nurture your most precious gifts: your health and vitality. In today's hectic world, stress, environmental pollution and internal toxins all take their toll. This comprehensive, multi-nutritional formula includes two advanced formulas in each daily packet that work to replenish those nutritional reserves the body loses through time.</p>",,,none,,1,,,0,0,0,,,,1,,,58350,Supplements,"&, 30, beauty, brand, day, hair\,, healthplus\,, nails\,, secret\,, skin, supplements\,, top",,https://eutawpharmacycare.com/wp-content/uploads/2026/04/de5c6fc6b03578ba084a4cd61839e606.jpg,,,,,,,,,0,Futurebiotics,"Futurebiotics 30 Day Beauty Secret x 30","Futurebiotics 30 Day Beauty Secret x 30",1,0
22066,simple,SKU-SKU-NG-85577,,"Imodium Plus 2mg Caplets x12",1,0,visible,,"<p>- For diarrhoea accompanied by painful cramps, bloating, and wind<br>\n- Helps to restore the absorption of fluids into your body<br>\n- Suitable for adults and children over 12 years<br>\nImodium Plus caplets have a dual-action formula that helps to effectively relieve both the diarrhoea itself and the associated bloating, cramps and wind, providing complete relief from the discomfort of a stomach upset.</p>",,,none,,1,,,0,0,0,,,,1,,,30730,"Digestive Care","anti-diarrheal\,, care\,, digestive, healthplus\,, imodium",,https://eutawpharmacycare.com/wp-content/uploads/2026/04/202418_3_imodium-plus-2mg-125mg-12-comprimidos.jpg,,,,,,,,,0,"Johnson &amp; Johnson","Imodium Plus 2mg Caplets x12","Imodium Plus 2mg Caplets x12",1,0
22069,simple,SKU-SKU-NG-93544,,"Genuine Phillips Milk Of Magnesia Original Bottle 769ml",1,0,visible,,"<p>- Heartburn &amp; indigestion relief<br>\n- Soothes upset stomach<br>\n- Laxative in occasional constipation<br>\nMilk Of Magnesia is a peppermint flavoured liquid that contains magnesium hydroxide and can be used as an antacid for heartburn and indigestion or as a laxative. At low doses, Milk of Magnesia can neutralise excess acid in the stomach. At higher doses it can provide overnight relief from constipation. It provides gentle soothing relief from upset stomach and indigestion.</p>",,,none,,1,,,0,0,0,,,,1,,,5100,"Digestive Care","antacids\,, care\,, digestive, healthplus\,, magnesia\,, milk, of, only, prescription",,https://eutawpharmacycare.com/wp-content/uploads/2026/04/Milk_20Of_20Magnesia_20Suspension_20200ml.jpg,,,,,,,,,0,"HealthPlus Pharmacy","Genuine Phillips Milk Of Magnesia Original Bottle 769ml","Genuine Phillips Milk Of Magnesia Original Bottle 769ml",1,0
22072,simple,SKU-SKU-NG-93388,,"Optrex Multi Action Eye Wash 300ml",1,0,visible,,"<p>-  Washes, soothes and cleanses tired, irritated and uncomfortable eyes<br>\n- Gently washes your eyes and provides sensitive and moisture replenishing relief for eyes irritated by dust, grit, smoke etc. <br>\n- Balanced at the natural pH level of tears and enriched with plant extracts<br>\nOptrex Multi Action Eye Wash washes, soothes and cleanses tired, irritated and uncomfortable eyes. The specially developed formula gently washes your eyes and provides sensitive and moisture replenishing relief for eyes irritated by dust, grit, smoke etc. Balanced at the natural pH level of tears and enriched with plant extracts, it gently helps to remove dust, make-up and other particles that can easily get trapped on the surface of your eye.</p>",,,none,,1,,,0,0,0,,,,1,,,7680,"Eye Care","care\,, eye, healthplus\,, optrex, wash\,",,https://eutawpharmacycare.com/wp-content/uploads/2026/04/Optrex_20Multi_20Action_20Eye_20Wash_20100ml.jpg,,,,,,,,,0,"Reckitt Benckiser","Optrex Multi Action Eye Wash 300ml","Optrex Multi Action Eye Wash 300ml",1,0
22075,simple,SKU-364832,,"Nizoral Anti-Dandruff Shampoo 60ml",1,0,visible,,"<p>Nizoral (Ketoconazole) 2% Shampoo is an antifungal medication used to treat fungal infections of the skin such as athlete's foot, jock itch, ringworm, and seborrhea (dry, flaking skin). Nizoral shampoo is also used for the treatment of dandruff. </p>",,,none,,1,,,0,0,0,,,,1,,,36670,Infections,"antifungal\,, healthplus\,, infections\,, nizoral",,https://eutawpharmacycare.com/wp-content/uploads/2026/04/Nizoral_20Anti-Dandruff_20Shampoo_2060ml_90cd8be0-82e6-4097-8df8-cbda4dc0aae4.jpg,,,,,,,,,0,Nizoral,"Nizoral Anti-Dandruff Shampoo 60ml","Nizoral Anti-Dandruff Shampoo 60ml",1,0
22078,simple,SKU-SKU-NG-91603,,"Novomix 30 Flexpen (Insulin) 100IU Inj x3ml x5",1,0,visible,,"<p>Novomix 30 Flexpen 100IU/ml is a combination of two ingredients used to improve blood sugar control in people with type 1 and type 2 diabetes mellitus. It is a fast-acting type of insulin that helps to lower blood sugar levels after meals and reduce the chances of developing serious complications of diabetes.</p>",,,none,,1,,,0,0,0,,,,1,,,109500,Diabetes,"body, diabetes, diabetes\,, healthplus\,, medication\,, novomix\,, only, pain\,, prescription",,https://eutawpharmacycare.com/wp-content/uploads/2026/04/Novomix_2030_20Flexpen_20_28Insulin_29_20100IU_20Inj_20x3ml_20x5_64f873d1-ab1c-4946-ab71-d11eede4ec8f.jpg,,,,,,,,,0,"Novo Nordisk","Novomix 30 Flexpen (Insulin) 100IU Inj x3ml x5","Novomix 30 Flexpen (Insulin) 100IU Inj x3ml x5",1,0
22081,simple,SKU-SKU-NG-92098,,"Omron Digital Blood Pressure RS3 Series Wrist Monitor",1,0,visible,,"<p>- Intellisense technology <br>\n- Cuff wrapping guide <br>\n- Optimal speed and pressure for gentle inflation/deflation <br>\n- Pre-formed, easy to fit cuff <br>\n- Irregular heartbeat detection<br>\nThe RS2 is a compact, economical fully-automatic, wrist-type blood pressure monitor from healthcare specialists Omron. Featuring Omron's Intellisense technology, the RS2 determines the optimal speed and pressure for gentle inflation and deflation, leading to an improved patient experience. This fully automatic wrist blood pressure monitor provides an easy and convenient way to check for hypertension.</p>",,,none,,1,,,0,0,0,,,,1,,,138000,"Test & Diagnostics","&, blood, diagnostics, healthplus\,, monitor\,, omron\,, otc\,, pressure, test",,https://eutawpharmacycare.com/wp-content/uploads/2026/04/Omron_20Digital_20Blood_20Pressure_20RS2_20Series_20Wrist_20Monitor_98503ef3-0b4d-4a3c-a438-2f3a66ffceef.jpg,,,,,,,,,0,Omron,"Omron Digital Blood Pressure RS3 Series Wrist Monitor","Omron Digital Blood Pressure RS3 Series Wrist Monitor",1,0
22084,simple,SKU-151270,,"P-Alaxin (Dihydroartemisinin/Piperaquine) 80mg/640ml 80ml Suspension",1,0,visible,,"<p>P-alaxin is used in the treatment of uncomplicated malaria, as it affects the growth of the parasite which causes malaria. Active ingredients are Dihydroartemisinin and Piperaquine.</p>",,,none,,1,,,0,0,0,,,,1,,,2760,Malaria,"bliss, gvs\,, healthplus\,, malaria, malaria\,, treatment",,https://eutawpharmacycare.com/wp-content/uploads/2026/04/P-Alaxin_20_28Dihydroartemisinin-Piperaquine_29_20Suspension_2020g-80ml.jpg,,,,,,,,,0,"Bliss GVS","P-Alaxin (Dihydroartemisinin/Piperaquine) 80mg/640ml 80ml Suspension","P-Alaxin (Dihydroartemisinin/Piperaquine) 80mg/640ml 80ml Suspension",1,0
22087,simple,SKU-SKU-NG-85865,,"Robitussin Chesty Cough Syrup 100ml",1,0,visible,,"<p>- Loosens chesty coughs<br>\n- Soothes the chest area<br>\n- Sugar free<br>\nRobitussin Chesty Cough is a non-drowsy and sugar free cough syrup specially designed to coat and soothe irritated throats and formulated to provide effective cough relief. It contains the maximum amount of expectorant to loosen and relieve chest congestion.</p>",,,none,,1,,,0,0,0,,,,1,,,14160,Cough,"cough\,, healthplus\,, robitussin",,https://eutawpharmacycare.com/wp-content/uploads/2026/04/Robitussin_20Chesty_20Cough_20Syrup_20100ml.jpg,,,,,,,,,0,GSK,"Robitussin Chesty Cough Syrup 100ml","Robitussin Chesty Cough Syrup 100ml",1,0
22090,simple,SKU-SKU-NG-85866,,"Robitussin Dry Cough Syrup 100ml",1,0,visible,,"<p>- Sugar free<br>\n- Suppresses dry coughs<br>\n- Soothes irritation<br>\n- Non-drowsy<br>\nRobitussin Dry Cough Medicine can help to treat dry, persistent and uncomfortable coughs.  Robitussin also helps to soothe discomfort caused by coughing. Robitussin liquid cough medicine is easy to administer and its soothing effects can last up to 8 hours. </p>",,,none,,1,,,0,0,0,,,,1,,,11320,Cough,"cough\,, healthplus\,, robitussin",,https://eutawpharmacycare.com/wp-content/uploads/2026/04/Robitusin_20Dry_20Cough_20Syrup_35eb3b87-4e39-428a-bad4-fcc23405e242.jpg,,,,,,,,,0,GSK,"Robitussin Dry Cough Syrup 100ml","Robitussin Dry Cough Syrup 100ml",1,0
22093,simple,SKU-SKU-NG-93282,,"Aptamil 1 First Infant Milk From Birth 800g",1,0,visible,,"<p>- Suitable from birth <br>\n- Nutritionally complete<br>\n- Breastmilk substitute<br>\nAptamil 1 First Infant Milk is a complete formula suitable from birth onwards. It is a breastmilk substitute that is suitable for combination or bottle feeding.</p>",,,none,,1,,,0,0,0,,,,1,,,42010,"Baby Care","aptamil\,, baby, care\,, food\,, healthplus",,https://eutawpharmacycare.com/wp-content/uploads/2026/04/l1zsxjlkygmawhixfahz.jpg,,,,,,,,,0,"Nutricia Wexford","Aptamil 1 First Infant Milk From Birth 800g","Aptamil 1 First Infant Milk From Birth 800g",1,0
22096,simple,SKU-SKU-NG-85400,,"Colgate Double Action Toothbrush",1,0,visible,,"<p>- V-shaped bristles gently penetrate deeper and clean between teeth<br>\n- Big head provides a broader brushing surface<br>\n- Angled handle and thumb grip<br>\nColgate Double Action Toothbrush bristles with medium V shape gently enter deeper and clean between teeth. The large head provides a larger brushing surface, allowing for faster and more effective tooth cleaning. Brushing is more comfortable and controlled with an angled handle and thumb grip.</p>",,,none,,1,,,0,0,0,,,,1,,,1400,"Oral Care","care\,, colgate\,, healthplus\,, oral, toothbrush",,https://eutawpharmacycare.com/wp-content/uploads/2026/04/Colgate_20Double_20Action_20Toothbrush.png,,,,,,,,,0,Colgate,"Colgate Double Action Toothbrush","Colgate Double Action Toothbrush",1,0
22099,simple,SKU-SKU-NG-91510,,"Disprin Direct (Aspirin 300mg) Tablets X 16",1,0,visible,,"<p>- Used to treat a variety of pain symptoms, including headache, cold and flu symptoms and back pain<br>\n- Suitable for adults and children 16 years and over</p>",,,none,,1,,,0,0,0,,,,1,,,4170,"Fevers, Headache & Migraine","&, dispirin\,, fevers\,, headache, healthplus, migraine\,",,https://eutawpharmacycare.com/wp-content/uploads/2026/04/4114927_t1_3c4f445b-1a0c-4200-9aff-5a9d79a4a7cf.jpg,,,,,,,,,0,Dispirin,"Disprin Direct (Aspirin 300mg) Tablets X 16","Disprin Direct (Aspirin 300mg) Tablets X 16",1,0
22102,simple,SKU-SKU-NG-85341,,"Canesten Thrush Duo Cream 150g",1,0,visible,,"<p>- Clotrimazole is an antifungal which treats the root cause of fungal skin infections<br>\n- Hydrocortisone reduces the swelling, redness and itching associated with inflammation of the skin<br>\n- Recommended for the treatment and relief of athlete’s foot, jock itch and fungal skin rash</p>",,,none,,1,,,0,0,0,,,,1,,,38000,Infections,"antifungal\,, canesten\,, Health, healthplus\,, infections\,, itch\,, jock, women's",,https://eutawpharmacycare.com/wp-content/uploads/2026/04/Canesten_20Thrush_20Duo_20Cream_20150g_a81c8fe0-0682-43fb-998f-b67712e88df8.png,,,,,,,,,0,Bayer,"Canesten Thrush Duo Cream 150g","Canesten Thrush Duo Cream 150g",1,0
22105,simple,SKU-SKU-NG-85270,,"Aptamil 3 Toodler (Baby Milk) 800g Powder",1,0,visible,,"<p>Aptamil Anti-Reflux is a nutritionally complete, thickened baby formula designed to help reduce reflux and regurgitation while supporting healthy digestion and overall development.</p>",,,none,,1,,,0,0,0,,,,1,,,52890,"Baby Care","aptamil\,, healthplus\,, immune, otc, support\,",,https://eutawpharmacycare.com/wp-content/uploads/2026/04/Aptamil_203_20Toodler_20_28Baby_20Milk_29_20800g_20Powder.jpg,,,,,,,,,0,"HealthPlus Pharmacy","Aptamil 3 Toodler (Baby Milk) 800g Powder","Aptamil 3 Toodler (Baby Milk) 800g Powder",1,0
22108,simple,SKU-106517,,"Teva Amlodipine 5mg X28",1,0,visible,,"<p>Amlodipine is used in management of Hypertension, Angina amongst others</p>",,,none,,1,,,0,0,0,,,,1,,,3750,"Chronic Diseases","antihypertensive\,, healthplus\,, only\,, prescription, teva",,https://eutawpharmacycare.com/wp-content/uploads/2026/04/Teva_20Amlodipine_205mg_20x28_20_281_29_225dda1b-0952-4d11-8c0a-6ea57a0655fb.jpg,,,,,,,,,0,"HealthPlus Pharmacy","Teva Amlodipine 5mg X28","Teva Amlodipine 5mg X28",1,0
22111,simple,SKU-177237,,"Benylin Dry Cough 7.5mg/5ml 150ml",1,0,visible,,"<p>Benylin Dry Coughs 7.5mg/5ml Syrup provides fast, effective relief for persistent, dry, and irritating coughs. With a soothing action, this syrup helps calm the throat and reduce coughing, allowing you to feel more comfortable.<br>\n Ideal for those suffering from a dry cough caused by colds, allergies, or environmental irritants, Benylin offers targeted relief without drowsiness. Its easy-to-take liquid form makes it a convenient solution for managing dry coughs and improving overall throat comfort. Perfect for day or night use.</p>",,,none,,1,,,0,0,0,,,,1,,,17570,Cough,"benylin\,, healthplus\,, otc\,, others",,https://eutawpharmacycare.com/wp-content/uploads/2026/04/Benylin_20Dry_20Cough_207.5mg-5ml_20150ml_c20d7aee-61bd-4811-bd2f-43e1bbc320fa.png,,,,,,,,,0,"HealthPlus Pharmacy","Benylin Dry Cough 7.5mg/5ml 150ml","Benylin Dry Cough 7.5mg/5ml 150ml",1,0
22114,simple,SKU-233537,,"Addyzoa x20 Capsules",1,0,visible,,"<p>- Promotes sperm formation and helps to improve sperm count<br>\n- Enhances sperm motility<br>\n- Supports to improve sperm shape and size by preventing free radical damage to the sperms<br>\nAddyzoa promotes healthy sperm production, motility, shape, and size, as well as increasing sperm density. It's an antioxidant that prevents sperm destruction by reducing oxidative stress at the cellular level. By sustaining the activities of male reproductive organs and enhancing male hormonal levels, Addyzoa aids spermatogenesis (the process of sperm creation).</p>",,,none,,1,,,0,0,0,,,,1,,,13750,"Fertility Support","addyzoa\,, fertility, healthplus\,, supplements, support\,",,https://eutawpharmacycare.com/wp-content/uploads/2026/04/Addyzoa_20x20_20Capsules.jpg,,,,,,,,,0,Charak,"Addyzoa x20 Capsules","Addyzoa x20 Capsules",1,0
22117,simple,SKU-SKU-NG-85308,,"Benylin Cold & Flu Max Strength Capsules x16",1,0,visible,,"<p>- Helps relieve cold and flu symptoms<br>\n- Contains paracetamol, which helps to bring down a fever whilst also helping to reduce aches, pains and headaches<br>\n- Contains decongestant which helps you to breathe more easily</p>",,,none,,1,,,0,0,0,,,,1,,,10030,Cold,"benylin\,, cold\,, healthplus",,https://eutawpharmacycare.com/wp-content/uploads/2026/04/Benylin_20Cold_20and_20Flu_20Max_20Strength_20Capsules_20x16_992770d1-9184-4406-b61e-e533075d68c2.png,,,,,,,,,0,Benylin,"Benylin Cold & Flu Max Strength Capsules x16","Benylin Cold & Flu Max Strength Capsules x16",1,0
22120,simple,SKU-365848,,"Aptamil Lactose Free First Infant Milk 400g",1,0,visible,,"<p>- Specially formulated for infants with lactose or sucrose intolerance<br>\n- Nutritionally complete<br>\n- Suitable as a sole source of nutrition from birth and as part of a varied weaning diet from 6 months<br>\n- Contains DHA</p>",,,none,,1,,,0,0,0,,,,1,,,27000,"Mother & Child","&, aptamil\,, baby, child, food\,, healthplus\,, mother",,https://eutawpharmacycare.com/wp-content/uploads/2026/04/qzu15kn09blu333tymyr.jpg,,,,,,,,,0,Aptamil,"Aptamil Lactose Free First Infant Milk 400g","Aptamil Lactose Free First Infant Milk 400g",1,0
22123,simple,SKU-365843,,"Aptamil Anti-Reflux (Baby Milk) 800g Powder",1,0,visible,,"<p>Aptamil Anti-Reflux is specially formulated for babies who have frequent reflux or regurgitation (spitting up, spitting back milk) after feeds.</p>",,,none,,1,,,0,0,0,,,,1,,,55010,"Baby Care","aptamil\,, baby, care\,, food\,, healthplus\,, otc",,https://eutawpharmacycare.com/wp-content/uploads/2026/04/Aptamil_20Anti-Reflux_20_28Baby_20Milk_29_20800g_20Powder.jpg,,,,,,,,,0,"HealthPlus Pharmacy","Aptamil Anti-Reflux (Baby Milk) 800g Powder","Aptamil Anti-Reflux (Baby Milk) 800g Powder",1,0
22126,simple,SKU-SKU-NG-92541,,"Beechams Aspirin & Caffeine Sachets Powder x10",1,0,visible,,"<p>• Fast-acting relief for cold/flu symptoms<br>\n• Helps reduce fever and body aches<br>\n• Convenient powder form dissolves quickly<br>\n• Provides energy boost when needed</p>",,,none,,1,,,0,0,0,,,,1,,,6700,"Fevers, Headache & Migraine","&, beechams\,, fevers\,, headache, healthplus\,, migraine\,, otc",,https://eutawpharmacycare.com/wp-content/uploads/2026/04/Beechams_20Aspirin_20and_20Caffeine_20Sachets_20Powder_20x10_e1321c16-53b8-44cc-b52c-72e0c5a3c5ac.jpg,,,,,,,,,0,"HealthPlus Pharmacy","Beechams Aspirin & Caffeine Sachets Powder x10","Beechams Aspirin & Caffeine Sachets Powder x10",1,0
22129,simple,SKU-SKU-NG-82600,,"Anthisan Cream 20g",1,0,visible,,"<p>- Provides relief of pain, itch and inflammation caused by insect bites, insect stings and rashes caused by stinging nettles</p>",,,none,,1,,,0,0,0,,,,1,,,20840,Allergies,"allergies\,, anthisan\,, healthplus",,https://eutawpharmacycare.com/wp-content/uploads/2026/04/81Thl6SADuL._AC_SX679_73276e0b-1461-4d28-915f-7d14cb415c92.jpg,,,,,,,,,0,Sanofi,"Anthisan Cream 20g","Anthisan Cream 20g",1,0
22132,simple,SKU-347073,,"Aldactone Spironolactone 25mg x20",1,0,visible,,"<p>Aldactone helps in management of conditions such as heart failure, high blood pressure, and other disease states.</p>",,,none,,1,,,0,0,0,,,,1,,,7970,Hypertension,"brand, healthplus\,, only\,, others\,, pfizer\,, prescription, top",,https://eutawpharmacycare.com/wp-content/uploads/2026/04/Aldactone_20Spironolactone_2025mg_20x20_0c3be2e4-bd6a-4e98-bb29-aee400a8d801.jpg,,,,,,,,,0,"HealthPlus Pharmacy","Aldactone Spironolactone 25mg x20","Aldactone Spironolactone 25mg x20",1,0
22135,simple,SKU-SKU-NG-85812,,"Force Factor ProbioSlim Weight Loss Essentials x120 Capsules",1,0,visible,,"<p>- Supports digestion and weight loss <br>\n - Promotes a healthy metabolism and gut balance</p>",,,none,,1,,,0,0,0,,,,1,,,45000,Uncategorized,"burner\,, factor\,, fat, force, healthplus\,, management, otc\,, weight",,https://eutawpharmacycare.com/wp-content/uploads/2026/04/Force_20Factor_20ProbioSlim_20Weight_20Loss_20Essentials_20x120_20Capsules_1982c1a1-5b30-4929-a7f3-9ec761ed4a17.png,,,,,,,,,0,"HealthPlus Pharmacy","Force Factor ProbioSlim Weight Loss Essentials x120 Capsules","Force Factor ProbioSlim Weight Loss Essentials x120 Capsules",1,0
22138,simple,SKU-SKU-NG-85567,,"Force Factor Horny Goat Weed Max Passion Berry Gummies x90",1,0,visible,,"<p>- Herbal supplement to boost libido and energy</p>",,,none,,1,,,0,0,0,,,,1,,,48340,"Libido Enhancer","enhancer\,, factor\,, force, healthplus\,, libido, otc",,https://eutawpharmacycare.com/wp-content/uploads/2026/04/viekuwxjayzo5jjyrzu5_304d19c2-2399-435e-9e6d-bf94d039e0aa.png,,,,,,,,,0,"HealthPlus Pharmacy","Force Factor Horny Goat Weed Max Passion Berry Gummies x90","Force Factor Horny Goat Weed Max Passion Berry Gummies x90",1,0
22141,simple,SKU-SKU-NG-85403,,"Force Factor Collagen Boosting Superfoods Capsules x60",1,0,visible,,"<p>- Supports healthy skin, joints, and connective tissues</p>",,,none,,1,,,0,0,0,,,,1,,,70000,"Hair, Skin & Nails","&, collagen\,, factor\,, force, hair\,, healthplus\,, nails, otc\,, skin",,https://eutawpharmacycare.com/wp-content/uploads/2026/04/Force_20Factor_20Collagen_20Boosting_20Superfoods_20Capsules_20x60_96ee5ca2-4745-48fa-98cf-e293210a535b.png,,,,,,,,,0,"HealthPlus Pharmacy","Force Factor Collagen Boosting Superfoods Capsules x60","Force Factor Collagen Boosting Superfoods Capsules x60",1,0
22144,simple,SKU-SKU-NG-85319,,"Force Factor Black Maca Passion Berry Gummies x60",1,0,visible,,"<p>- Enhances energy, stamina, and libido</p>",,,none,,1,,,0,0,0,,,,1,,,49100,"Libido Enhancer","enhancer\,, factor\,, force, healthplus\,, libido, otc",,https://eutawpharmacycare.com/wp-content/uploads/2026/04/Force_20Factor_20Black_20Maca_20Passion_20Berry_20Gummies_20x60_867ee351-4e91-451c-9a0c-d1890784256d.png,,,,,,,,,0,"HealthPlus Pharmacy","Force Factor Black Maca Passion Berry Gummies x60","Force Factor Black Maca Passion Berry Gummies x60",1,0
22147,simple,SKU-SKU-NG-85489,,"Force Factor Eye Health Blue Light Protection Capsule x60",1,0,visible,,"<p>- Helps protect eyes from digital screen exposure <br>\n - Contains antioxidants to support long-term vision health</p>",,,none,,1,,,0,0,0,,,,1,,,50000,"Eye Care","care\,, eye, factor\,, force, healthplus\,, otc, support\,",,https://eutawpharmacycare.com/wp-content/uploads/2026/04/Force_20Factor_20Eye_20Health_20Blue_20Light_20Protection_20Capsule_20x60_cbed2612-b48f-441f-8466-f1b6851596fb.png,,,,,,,,,0,"HealthPlus Pharmacy","Force Factor Eye Health Blue Light Protection Capsule x60","Force Factor Eye Health Blue Light Protection Capsule x60",1,0
22150,simple,SKU-SKU-NG-85261,,"Force Factor Anabolic Muscle Builder Capsules x150",1,0,visible,,"<p>- Designed to support muscle growth and recovery <br>\n - Enhances strength and performance for active lifestyles</p>",,,none,,1,,,0,0,0,,,,1,,,141670,"Sports Nutrition","factor\,, force, healthplus\,, nutrition\,, otc\,, sports, supplements",,https://eutawpharmacycare.com/wp-content/uploads/2026/04/Force_20Factor_20Anabolic_20Muscle_20Builder_20Capsules_20x150_0db6dc2e-d4a0-4f7b-b61a-69150c02b8f8.jpg,,,,,,,,,0,"HealthPlus Pharmacy","Force Factor Anabolic Muscle Builder Capsules x150","Force Factor Anabolic Muscle Builder Capsules x150",1,0
22153,simple,SKU-SKU-NG-85966,,"Force Factor Test X180 Multivitamin For Men x120",1,0,visible,,"<p>- Supports energy, testosterone, and overall well-being</p>",,,none,,1,,,0,0,0,,,,1,,,60000,Uncategorized,"factor\,, force, grooming\,, healthplus\,, men's, multivitamins\,, otc",,https://eutawpharmacycare.com/wp-content/uploads/2026/04/Force_20Factor_20Test_20X180_20Multivitamin_20For_20Men_20x120_59695075-beba-4e5a-9fca-3028a11fd05c.jpg,,,,,,,,,0,"HealthPlus Pharmacy","Force Factor Test X180 Multivitamin For Men x120","Force Factor Test X180 Multivitamin For Men x120",1,0
22156,simple,SKU-SKU-NG-85891,,"Force Factor Score Hardcore x120",1,0,visible,,"<p>- Enhances male performance and vitality <br>\n - Supports stamina, libido, and blood flow</p>",,,none,,1,,,0,0,0,,,,1,,,76670,"Libido Enhancer","enhancer\,, factor\,, force, healthplus\,, libido, otc",,https://eutawpharmacycare.com/wp-content/uploads/2026/04/Force_20Factor_20Score_20Hardcore_20x120_880c417a-5921-4030-8479-218d97b31fd3.png,,,,,,,,,0,"HealthPlus Pharmacy","Force Factor Score Hardcore x120","Force Factor Score Hardcore x120",1,0
22159,simple,SKU-SKU-NG-85281,,"Atorvastatin 10 Lifeback 10mg x30",1,0,visible,,"<p>- Helps reduce bad cholesterol and triglycerides <br>\n- Supports cardiovascular health</p>",,,none,,1,,,0,0,0,,,,1,,,3640,"High Cholesterol","cholesterol\,, healthplus\,, high, lifeback\,, otc",,https://eutawpharmacycare.com/wp-content/uploads/2026/04/Atorvastatin_2010_20Lifeback_2010mg_20X30_4ccd4379-3dba-4efb-9498-067967ce8899.png,,,,,,,,,0,"HealthPlus Pharmacy","Atorvastatin 10 Lifeback 10mg x30","Atorvastatin 10 Lifeback 10mg x30",1,0
22162,simple,SKU-SKU-NG-91134,,"Atorvastatin 20 Lifeback 20mg x30",1,0,visible,,"<p>- Helps reduce bad cholesterol and triglycerides <br>\n- Supports cardiovascular health</p>",,,none,,1,,,0,0,0,,,,1,,,,"High Cholesterol","healthplus, high cholesterol, lifeback, otc",,https://eutawpharmacycare.com/wp-content/uploads/2026/04/online-pharmacy-product-image-placeholder_9acd769d-ff1a-42c7-9eae-14451afb0bf5.png,,,,,,,,,0,"HealthPlus Pharmacy","Atorvastatin 20 Lifeback 20mg x30","Atorvastatin 20 Lifeback 20mg x30",1,0
22165,simple,SKU-342147,,"Xatral LP (Alfuzosin) 10mg Tabs x30",1,0,visible,,"<p>xatral is used by men to treat the symptoms of an enlarged prostate (benign prostatic hyperplasia-BPH). It helps to relieve symptoms of BPH such as difficulty in beginning the flow of urine, weak stream, and the need to urinate often or urgently (including during the middle of the night)</p>",,,none,,1,,,0,0,0,,,,1,,,,"Prostate Health","healthplus, prescription only, prostate health, prostate therapy, sanofi",,https://eutawpharmacycare.com/wp-content/uploads/2026/04/XATRAL_2010MG_20X30_3ab853c0-54d0-4a0f-9272-f98639b41c1a.jpg,,,,,,,,,0,Sanofi,"Xatral LP (Alfuzosin) 10mg Tabs x30","Xatral LP (Alfuzosin) 10mg Tabs x30",1,0
22168,simple,SKU-224254,,"De-Deon's Syrup 280ml",1,0,visible,,"<p>- Used for the treatment of anemia<br>\n- Boosts strength and physical endurance<br>\nDe-Deon's Tonic is used for anemia, strength and physical endurance, Vitamin B12 deficiencies and chronic tiredness.. The active ingredients in De-Deon's Tonic include cyanocobalamin, and liver Extract. De-Deon's works by transporting oxygen from the lungs to the body's tissues, boosting the amount of liver cells, and restoring normal red blood cell and nerve tissue production.</p>",,,none,,1,,,0,0,0,,,,1,,,,Vitamins,"de-deon's, healthplus, hematinics, vitamins",,https://eutawpharmacycare.com/wp-content/uploads/2026/04/De-Deon_27s_20Syrup_20280ml.jpg,,,,,,,,,0,De-Deon's,"De-Deon's Syrup 280ml","De-Deon's Syrup 280ml",1,0
22171,simple,SKU-SKU-NG-91623,,"Nature's Field Healthy You Men's 50+ Formula x 30",1,0,visible,,"<p>- Supports prostate health<br>\n- Boosts immunity<br>\n- Antioxidant<br>\nNature's Field's Healthy You Men's Formula is a quality multivitamin, multimineral, and antioxidant created specifically for men's nutritional needs. Men's antioxidants, fruits, and vegetable combination are also included in this powerful supplement. For males, it's all-in-one nourishment in a single tablet. It does not contain any iron. Healthy You Men's Formula, a quality multivitamin supplement, enhances immunity and promotes healthy weight gain. Healthy You Men's Formula contains antioxidants that help to remove free radicals from your system.</p>",,,none,,1,,,0,0,0,,,,1,,,,Vitamins,"healthplus, multivitamins, nature's field, vitamins",,https://eutawpharmacycare.com/wp-content/uploads/2026/04/Nature_27s_20Field_20Healthy_20You_20Men_27s_2050_2B_20Formula_20x100_b58d902b-d660-4916-be8e-562e4f1f0289.png,,,,,,,,,0,Sylken,"Nature's Field Healthy You Men's 50+ Formula x 30","Nature's Field Healthy You Men's 50+ Formula x 30",1,0
22175,simple,SKU-SKU-NG-85561,,"Nature's Field Healthy You Kid's Formula x30",1,0,visible,,"<p>Nature’s Field Healthy You Kid’s Formula x30 is a children’s multivitamin designed to support healthy growth, strong immunity, and overall wellness. Packed with essential vitamins and minerals, it helps fill nutritional gaps and keeps kids energized and active every day. A great choice for parents looking to boost their child’s daily nutrient intake naturally.</p>",,,none,,1,,,0,0,0,,,,1,,,,Vitamins,"children's health, healthplus, multivitamins, nature's field, vitamins",,https://eutawpharmacycare.com/wp-content/uploads/2026/04/Nature_27s_20Field_20Healthy_20You_20Men_27s_20Formula_20x100_ecfe32d8-7720-4366-aaaa-f8f6638d822c.png,,,,,,,,,0,Sylken,"Nature's Field Healthy You Kid's Formula x30","Nature's Field Healthy You Kid's Formula x30",1,0
22178,simple,SKU-SKU-NG-85485,,"Nature's Field Eve's Desire 500mg x30",1,0,visible,,"<p>- Improves sexual response in a woman<br>\n- Helps improve vaginal dryness in women and restore sexual desire<br>\n- Increases energy and enhances libido<br>\nNature's Field Eve's Desire is a professionally developed tablet that contains a rich blend of specific herbs to boost libido, sexual response, and enjoyment in women. Eve's Desire improves vaginal lubrication and orgasm for increased sexual pleasure. Eve's Desire offers all of the characteristics of a great female sexual dysfunction supplement.</p>",,,none,,1,,,0,0,0,,,,1,,,,"Libido Enhancer","enhancers, healthplus, libido enhancer, nature's field",,https://eutawpharmacycare.com/wp-content/uploads/2026/04/Nature_27s_20Field_20Eve_27s_20Desire_20500mg_20x30_0e0c80ca-e6dd-4e4d-8ee9-081036154b86.png,,,,,,,,,0,Sylken,"Nature's Field Eve's Desire 500mg x30","Nature's Field Eve's Desire 500mg x30",1,0
22181,simple,SKU-SKU-NG-85362,,"Nature's Field Cholesterol Defence x60",1,0,visible,,"<p>- Helps keep cholesterol levels in check<br>\nNature's Field Cholesterol Defence helps to maintain a healthy cholesterol level, which can help to prevent strokes, high blood pressure, heart failure, and other cardiovascular problems. Cholesterol Defence is a supplement that contains Red Yeast Rice Extract, phytosterols, fish oils, garlic, and other components that help to maintain cardiovascular health. It provides dietary guidance as well as an alternative treatment for excessive cholesterol and triglyceride levels.</p>",,,none,,1,,,0,0,0,,,,1,,,,Supplements,"healthplus, heart support, nature's field, supplements",,https://eutawpharmacycare.com/wp-content/uploads/2026/04/Nature_27s_20Field_20Cholesterol_20Defence_20x60_b3191a09-dbd0-40f6-8f44-fbdf23d0a703.jpg,,,,,,,,,0,Sylken,"Nature's Field Cholesterol Defence x60","Nature's Field Cholesterol Defence x60",1,0
22184,simple,SKU-SKU-NG-85815,,"Procold x4 Tablets",1,0,visible,,"<p>- Convenient solution for cold, headache, flu, fever and pain<br>\n- Unique combination of Paracetamol, Pseudoephedrine HCI, and Chlorpheniramine Maleate<br>\n- Also helps relieve runny and stuffy nose, watery eyes and sneezing</p>",,,none,,1,,,0,0,0,,,,1,,,,Cold,"cold, healthcare top seller, healthplus, procold",,https://eutawpharmacycare.com/wp-content/uploads/2026/04/Procold_20Tablets_20x4_f62e8d37-8d52-4f79-99eb-a58786d6b273.png,,,,,,,,,0,"Orange Drugs","Procold x4 Tablets","Procold x4 Tablets",1,0
22187,simple,SKU-SKU-NG-85940,,"Sudafed Decongestant Liquid 100ml",1,0,visible,,"<p>- Provides relief from the symptoms of blocked nose or sinuses and catarrh associated with colds<br>\n- Non-drowsy for daytime use</p>",,,none,,1,,,0,0,0,,,,1,,,,Cold,"cold, healthplus, nasal congestion, sudafed",,https://eutawpharmacycare.com/wp-content/uploads/2026/04/Sudafed_20Decongestant_20Liquid_20100ml_f94f60b2-a919-494e-a7a7-8d44be7f5640.jpg,,,,,,,,,0,McNeil,"Sudafed Decongestant Liquid 100ml","Sudafed Decongestant Liquid 100ml",1,0
22190,simple,SKU-SKU-NG-85616,,"Levofem 0.15mg/0.03mg tablets x28",1,0,visible,,"<p>About Levofem<br>\nLevofem is a reliable contraceptive pill that effectively prevents pregnancy.<br>\nIt is a combination pill which releases both the hormones estrogen and progestin.</p>\n\n<p>How it works:<br>\nThis combination prevents pregnancy by stopping your ovaries from releasing eggs and thickens your cervical mucus to keep sperm from reaching an egg. You should take the pill at the same time each day, whether or not you have sex.</p>",,,none,,1,,,0,0,0,,,,1,,,,"Sexual Health","contraceptives, family planning, healthplus, levofem, oral contraceptives, prescription only",,https://eutawpharmacycare.com/wp-content/uploads/2026/04/Levofem_20Tablets_20x28_caefabcd-54bd-4345-a066-6d959f2b77f3.png,,,,,,,,,0,"DKT International","Levofem 0.15mg/0.03mg tablets x28","Levofem 0.15mg/0.03mg tablets x28",1,0
22193,simple,SKU-338714,,"Shooot Condom Dotted x 12",1,0,visible,,"<p>- Lubricated with non-spermicidal lubricant<br>\n- Shaped to be easier to put on and to provide a better fit and feel during lovemakin<br>\n- No loss of sensitivity during sex</p>",,,none,,1,,,0,0,0,,,,1,,,,"Sexual Health","condoms, contraceptives, family planning, healthplus, shooot",,https://eutawpharmacycare.com/wp-content/uploads/2026/04/Shooot_20Condom_20Dotted_20x_2012.jpg,,,,,,,,,0,Shooot,"Shooot Condom Dotted x 12","Shooot Condom Dotted x 12",1,0
22196,simple,SKU-SKU-NG-85952,,"Swidon Nitrazepam Tablet 5mg x30",1,0,visible,,"<p>Swidon 5mg Tablets are a benzodiazepine-class hypnotic drug prescribed for short-term relief from severe anxiety and insomnia.<br>\n It is specifically used to alleviate severe, disabling symptoms of these conditions.</p>",,,none,,1,,,0,0,0,,,,1,,,,"Chronic Diseases","healthplus, others, prescription only, swipha",,https://eutawpharmacycare.com/wp-content/uploads/2026/04/Swidon_20Nitrazepam_20Tablet_205mg_20x30_c7a08891-6821-4054-b9ee-bdd4953fb075.jpg,,,,,,,,,0,"HealthPlus Pharmacy","Swidon Nitrazepam Tablet 5mg x30","Swidon Nitrazepam Tablet 5mg x30",1,0
22199,simple,SKU-118059,,"Ginko Biloba (Mason) X90",1,0,visible,,"<p>It aids memory and concentration.</p>\n\n<p>It also promotes circulation to the brain and the body.</p>\n\n<p>Whole Herb.<br>\nMay support mental alertness.<br>\nDietary Supplement capsule.<br>\nGluten Free.<br>\nSoy Free.</p>",,,none,,1,,,0,0,0,,,,1,,,,Vitamins,"healthplus, mason natural, otc, top brand, vitamins",,https://eutawpharmacycare.com/wp-content/uploads/2026/04/Ginko_20Biloba_20_28Mason_29_20X90_809949b2-56eb-4176-bb6f-f43acb521e98.jpg,,,,,,,,,0,"Mason Natural","Ginko Biloba (Mason) X90","Ginko Biloba (Mason) X90",1,0
22202,simple,SKU-355151,,"Puritan's Pride Alpha-lipoic Acid 300mg x60",1,0,visible,,"<p>- Neutralizes free radicals in both water and fat compartments of cells, protecting against oxidative damage.<br>\n- Supports sugar metabolism in muscles for increased energy.<br>\n- Supports liver function and revitalizes skin structure for a healthier appearance.</p>",,,none,,1,,,0,0,0,,,,1,,,,Supplements,"antioxidants, energy support, healthplus, otc, puritan's pride",,https://eutawpharmacycare.com/wp-content/uploads/2026/04/Alphalipoic_20Acid_28Puritanspride_29300Mg_20X60_9eb3c32b-cd80-4c1a-90b8-2c50cbbe4c91.jpg,,,,,,,,,0,"HealthPlus Pharmacy","Puritan's Pride Alpha-lipoic Acid 300mg x60","Puritan's Pride Alpha-lipoic Acid 300mg x60",1,0
22205,simple,SKU-SKU-NG-86000,,"Uni-Nature's pride Triple Omega 3-6-9 1000mg x90",1,0,visible,,"<p>Uni-Nature's pride Triple Omega 3-6-9 is a comprehensive formula containing three essential omega fatty acids: Omega-3, Omega-6, and Omega-9, which are beneficial for:</p>\n\n<p>- providing the body with a rich source of Vitamin E.<br>\n- Supporting cardiovascular function: Omega 3-6-9 is considered one of the best ways to promote heart health.<br>\n- These good fats, particularly Omega-3s, may contribute to joint and skin health.<br>\n- In addition to the omega fatty acids, Triple Omega 3-6-9 includes a proprietary blend of essential oils, such as Flaxseed Oil, Fish Oil, Evening Primrose Oil, and Borage Oil.</p>",,,none,,1,,,0,0,0,,,,1,,,,Supplements,"diet & nutrition, healthplus, heart support, otc, top brand, uni-nature's pride, vitamin e",,https://eutawpharmacycare.com/wp-content/uploads/2026/04/online-pharmacy-product-image-placeholder_02472c36-4d0f-455a-b5ec-f5435f3d65cb.png,,,,,,,,,0,"Uni-Nature's pride","Uni-Nature's pride Triple Omega 3-6-9 1000mg x90","Uni-Nature's pride Triple Omega 3-6-9 1000mg x90",1,0
22208,simple,SKU-SKU-NG-85301,,"Benadryl Allergy Children's 2+ Years (Cetrizine Hydrochloride) 100ml Syrup",1,0,visible,,"<p>Benadryl Allergy Children’s 2+ Years (Cetirizine Hydrochloride) 100ml Syrup provides gentle, effective relief from sneezing, runny nose, itchy eyes, and other common allergy symptoms. Formulated for kids aged 2 and above, it features a pleasant taste and fast-acting antihistamine support to help children stay comfortable throughout the day.</p>",,,none,,1,,,0,0,0,,,,1,,,,"Allergies (Cough & Cold)","allergies, benadryl, children's health, healthplus, otc",,https://eutawpharmacycare.com/wp-content/uploads/2026/04/Benadryl_20Allergy_20Diphenhydramine_20HCl-Antihistamine_20x24_20Tablets_12d14d82-aa30-4c4b-98e5-b53b26887ad3.jpg,,,,,,,,,0,Benadryl,"Benadryl Allergy Children's 2+ Years (Cetrizine Hydrochloride) 100ml Syrup","Benadryl Allergy Children's 2+ Years (Cetrizine Hydrochloride) 100ml Syrup",1,0
22211,simple,SKU-SKU-NG-93679,,"Puritan's Pride Vitamin D3 1000Iu x100",1,0,visible,,"<p>Puritan's Pride Vitamin D3 1000 IU is a dietary supplement that supports bone health, enhancing immune function.</p>",,,none,,1,,,0,0,0,,,,1,,,,Supplements,"bone & joints, healthplus, otc, puritan's pride, top brand",,https://eutawpharmacycare.com/wp-content/uploads/2026/04/Puritan_27s_20Pride_20Vitamin_20D3_201000Iu_20x100_dbeddd20-01fe-4c00-afe7-1b872b08723d.jpg,,,,,,,,,0,"HealthPlus Pharmacy","Puritan's Pride Vitamin D3 1000Iu x100","Puritan's Pride Vitamin D3 1000Iu x100",1,0
22214,simple,SKU-357055,,"Puritan's Pride Biotin 10000mcg x50",1,0,visible,,"<p>Puritan's Pride Biotin 10,000 mcg tablets support healthy hair, skin, and nails.</p>",,,none,,1,,,0,0,0,,,,1,,,,Supplements,"hair, hair care, healthplus, otc, puritan's pride, skin & nails",,https://eutawpharmacycare.com/wp-content/uploads/2026/04/Puritan_27s_20Pride_20Biotin_2010000mcg_20x50_02407e30-4ef3-4c7b-9047-8f2aa9f491cb.jpg,,,,,,,,,0,"HealthPlus Pharmacy","Puritan's Pride Biotin 10000mcg x50","Puritan's Pride Biotin 10000mcg x50",1,0
22217,simple,SKU-SKU-NG-95374,,"Pepto Bismol (Bismuth Subsalicylate) 17.5mg/ml Suspension",1,0,visible,,"<p>Pepto's 5 SYMPTOM Digestive Relief is a trusted remedy for various digestive issues including nausea, heartburn, indigestion, upset stomach, and diarrhea. It's recommended by pharmacists as the top choice for upset stomachs, featuring an improved formula designed to calm and soothe with Bismuth Subsalicylate.<br>\n Whether you need relief for upset stomach, nausea, indigestion, heartburn, or diarrhea, Pepto offers fast relief and effective comfort.</p>",,,none,,1,,,0,0,0,,,,1,,,,Supplements,"diarrhea, digestive care, healthplus, otc, pepto bismol",,https://eutawpharmacycare.com/wp-content/uploads/2026/04/Pepto_20Bismol_20_28Bismuth_20Subsalicylate_29_2017.5mg-ml_20Suspension_198dae3a-20be-4cc1-a971-e95328460724.png,,,,,,,,,0,Pepto,"Pepto Bismol (Bismuth Subsalicylate) 17.5mg/ml Suspension","Pepto Bismol (Bismuth Subsalicylate) 17.5mg/ml Suspension",1,0
22220,simple,SKU-SKU-NG-93157,,"Doctor's Best High Absorption Magnesium 105mg Capsule x120",1,0,visible,,"<p>Doctor's Best High Absorption Magnesium Glycinate 100mg Capsules (120 count) offer superior bioavailability for enhanced absorption and optimal benefits. This highly absorbable form of magnesium supports muscle function, promotes relaxation, and helps maintain healthy bones.<br>\n Ideal for those seeking to reduce occasional muscle cramps, support heart health, and improve sleep quality, these capsules provide 100mg of magnesium per serving. Non-GMO and gluten-free, Doctor's Best Magnesium Glycinate ensures you get the maximum benefit from every dose.</p>",,,none,,1,,,0,0,0,,,,1,,,,Supplements,"bone & joints, doctor's best, healthplus, heart support, otc",,https://eutawpharmacycare.com/wp-content/uploads/2026/04/Doctor_27s_20Best_20High_20Absorption_20Magnesium_20105mg_20Capsule_20x120_34b10ffe-2fb8-4707-b4f4-1f5972c8ffd8.png,,,,,,,,,0,"HealthPlus Pharmacy","Doctor's Best High Absorption Magnesium 105mg Capsule x120","Doctor's Best High Absorption Magnesium 105mg Capsule x120",1,0
22223,simple,SKU-346782,,"Aciclovir (Ranbaxy) 400mg x56",1,0,visible,,"<p>Aciclovir is used to treat infections caused by certain types of viruses. It treats cold sores around the mouth (caused by herpes simplex), shingles (caused by herpes zoster), and chickenpox.This medication is also used to treat outbreaks of genital herpes.</p>",,,none,,1,,,0,0,0,,,,1,,,,Infections,"aciclovir, antiviral, healthplus, infections, prescription only",,https://eutawpharmacycare.com/wp-content/uploads/2026/04/Aciclovir_20_28Ranbaxy_29_20400mg_20x56_090fff14-fa33-4d57-8b1d-ba67bb3038da.png,,,,,,,,,0,Ranbaxy,"Aciclovir (Ranbaxy) 400mg x56","Aciclovir (Ranbaxy) 400mg x56",1,0
22226,simple,SKU-SKU-NG-91637,,"Puritan's Pride One Daily Men's Multivitamin x100",1,0,visible,,"<p>Puritan's Pride One Daily Men's Multivitamin supports male reproductive and heart health with essential vitamins and minerals like Vitamin D, Calcium, Zinc, Selenium, Chromium, Manganese, and Copper. These nutrients promote overall well-being, focusing on key aspects of men's health.</p>",,,none,,1,,,0,0,0,,,,1,,,,Supplements,"healthplus, multivitamins, others, puritan's pride",,https://eutawpharmacycare.com/wp-content/uploads/2026/04/Puritan_27s_20Pride_20One_20Daily_20Men_27s_20Multivitamin_20x100_4eb10668-f121-4f3c-9efc-eeff9e380e92.jpg,,,,,,,,,0,"HealthPlus Pharmacy","Puritan's Pride One Daily Men's Multivitamin x100","Puritan's Pride One Daily Men's Multivitamin x100",1,0
22229,simple,SKU-387024,,"Amcard 10 Amlodipine Besylate 10mg x28",1,0,visible,,"<p>Amcard 10 Tablet is a prescription medicine available in tablet form. It is primarily used for the treatment of high blood pressure (hypertension).</p>",,,none,,1,,,0,0,0,,,,1,,,,"Chronic Diseases","amcard 10, antihypertensive, healthplus, prescription only",,https://eutawpharmacycare.com/wp-content/uploads/2026/04/Amcard_2010_20Amlodipine_20Besylate_2010mg_20x28_ab813065-48a2-4b78-a2bb-288c7e2b8a3d.jpg,,,,,,,,,0,"HealthPlus Pharmacy","Amcard 10 Amlodipine Besylate 10mg x28","Amcard 10 Amlodipine Besylate 10mg x28",1,0
22232,simple,SKU-SKU-NG-97559,,"Nature's Field CoQ10 100mg x60",1,0,visible,,"<p>- Improves heart function<br>\n- Powerful antioxidant<br>\n- Promotes exercise capacity and decrease fatigue<br>\nNature's Field CoQ10 helps replenish Coenzyme 10, a vitamin-like component necessary for energy production, good cardiovascular and immunological functions. CoQ10 may assist to avoid or treat the side effects of statin-type cholesterol medicines, such as muscle discomfort and liver problems. Coenzyme Q10, also known as ubiquinone, aids in the energy production of your body's cells. CoQ10 is an antioxidant that protects cells from aging's detrimental effects.</p>",,,none,,1,,,0,0,0,,,,1,,,,"Immune Support",healthplus,,https://eutawpharmacycare.com/wp-content/uploads/2026/04/Nature_27s_20Field_20CoQ10_20100Mg_20X60_8639e7cd-f96f-4185-9d56-8ed1cdf5d757.jpg,,,,,,,,,0,Sylken,"Nature's Field CoQ10 100mg x60","Nature's Field CoQ10 100mg x60",1,0
22235,simple,SKU-SKU-NG-85303,,"Benadryl Allergy Capsule 8mg x24",1,0,visible,,"<p>Benadryl Allergy Relief is effective in alleviating the symptoms associated with hay fever and other allergic conditions such as pet allergies, skin allergies, and dust allergies.</p>",,,none,,1,,,0,0,0,,,,1,,,,"Allergies (Cough & Cold)","anti-allergy, benadryl (acrivastine) x24, cold, healthplus, itchy skin relief, otc",,https://eutawpharmacycare.com/wp-content/uploads/2026/04/Benadryl_20Allergy_20Capsule_208Mg_20X24-3_00bf85f6-ba26-4370-8d7f-9e4aa8a6d184.jpg,,,,,,,,,0,McNeil,"Benadryl Allergy Capsule 8mg x24","Benadryl Allergy Capsule 8mg x24",1,0
22238,simple,SKU-SKU-NG-85832,,"Uni-Nature's Pride Radiant Glow Essentials L-Glutathione with Cranberry 279g",1,0,visible,,"<p>- Enhances skin radiance with powerful antioxidant properties.</p>",,,none,,1,,,0,0,0,,,,1,,,,Uncategorized,"antioxidants, healthplus, otc, skincare, uni-nature's pride",,https://eutawpharmacycare.com/wp-content/uploads/2026/04/Uni-Nature_27s_20Pride_20Radiant_20Glow_20Essentials_20L-Glutathione_20with_20Cranberry_20279g.jpg,,,,,,,,,0,"HealthPlus Pharmacy","Uni-Nature's Pride Radiant Glow Essentials L-Glutathione with Cranberry 279g","Uni-Nature's Pride Radiant Glow Essentials L-Glutathione with Cranberry 279g",1,0
22241,simple,SKU-SKU-NG-85486,,"Uni-Nature's Pride Evening Primrose Oils 1000mg x60",1,0,visible,,"<p>• Supports skin health and hormonal balance</p>",,,none,,1,,,0,0,0,,,,1,,,,Uncategorized,"healthplus, hormonal support, hormone support, otc, uni-nature's pride",,https://eutawpharmacycare.com/wp-content/uploads/2026/04/Uni-Nature_27s_20Pride_20Evening_20Primrose_20Oils_201000mg_20x60_b0bf6770-bd5b-42e1-89c2-b7064b4f6352.png,,,,,,,,,0,"HealthPlus Pharmacy","Uni-Nature's Pride Evening Primrose Oils 1000mg x60","Uni-Nature's Pride Evening Primrose Oils 1000mg x60",1,0
22244,simple,SKU-203586,,"Chloramphenicol Eye Ointment Drugfield 5g",1,0,visible,,"<p>- Treats bacterial eye infections such as conjunctivitis <br>\n - Reduces inflammation and redness <br>\n - Suitable for short-term use under medical supervision</p>",,,none,,1,,,0,0,0,,,,1,,,,"Eye Care","drugfield, eye care, eye cream, healthplus, otc",,https://eutawpharmacycare.com/wp-content/uploads/2026/04/Chloramphenicol_20Eye_20Ointment_20Drugfield_205g_1811a6c6-62d3-49f7-8be1-3e6663bd78a7.png,,,,,,,,,0,"HealthPlus Pharmacy","Chloramphenicol Eye Ointment Drugfield 5g","Chloramphenicol Eye Ointment Drugfield 5g",1,0
22247,simple,SKU-SKU-NG-85406,,"Seven Seas Complete Multivitamin Men 50+ Tablet x28",1,0,visible,,"<p>Seven Seas Complete Multivitamin Men 50+ Tablets x28 provides essential vitamins and minerals tailored to support men aged 50 and over. Formulated to help maintain energy, heart health, immunity, and overall wellbeing in a convenient daily tablet.</p>",,,none,,1,,,0,0,0,,,,1,,,,Supplements,"fish oils & omegas, healthplus, otc, seven seas, supplements, women's health",,https://eutawpharmacycare.com/wp-content/uploads/2026/04/Seven_20Seas_20Complete_20Multivitamin_20Men_2050_2B_20Tablet_20x28_d43163b0-ceea-40d5-b25f-0b9cb7fb9f11.jpg,,,,,,,,,0,"Seven Seas","Seven Seas Complete Multivitamin Men 50+ Tablet x28","Seven Seas Complete Multivitamin Men 50+ Tablet x28",1,0
22250,simple,SKU-SKU-NG-85588,,"Seven Seas JointCare Supplex & Turmeric Duo Pack x 30 Day",1,0,visible,,"<p>- Supports the maintenance of normal bones and muscle function<br>\n- Contributes to normal collagen formation<br>\n- Contributes to the normal formation of connective tissues</p>",,,none,,1,,,0,0,0,,,,1,,,,"Bone & Joints","bone & joints, healthplus, joint support, otc, supplements, vitabiotics",,https://eutawpharmacycare.com/wp-content/uploads/2026/04/Seven_20Seas_20JointCare_20Supplex_20-_20Turmeric_20Duo_20Pack_20x_2030_20Day_90ac0dad-d33e-447e-94ab-983e96ae66f1.png,,,,,,,,,0,"Seven Seas","Seven Seas JointCare Supplex & Turmeric Duo Pack x 30 Day","Seven Seas JointCare Supplex & Turmeric Duo Pack x 30 Day",1,0
22253,simple,SKU-SKU-NG-85900,,"Seven Seas Omega 3 Fish Oil Plus Cod Liver Oil & Multivitamins Capsule x30",1,0,visible,,"<p>Seven Seas Omega-3 Fish Oil Plus Cod Liver Oil &amp; Multivitamins Capsules x30 combine essential Omega-3s with key vitamins to support heart, brain, immune health, and daily vitality. A convenient all-in-one supplement for everyday wellbeing.</p>",,,none,,1,,,0,0,0,,,,1,,,,Supplements,"healthplus, otc, seven seas, supplements",,https://eutawpharmacycare.com/wp-content/uploads/2026/04/Seven_20Seas_20Omega_203_20Fish_20Oil_20Plus_20Cod_20Liver_20Oil_20and_20Multivitamins_20Capsule_20x30_c8218b25-e95e-4226-8037-de0d12fdf7f2.png,,,,,,,,,0,"Seven Seas","Seven Seas Omega 3 Fish Oil Plus Cod Liver Oil & Multivitamins Capsule x30","Seven Seas Omega 3 Fish Oil Plus Cod Liver Oil & Multivitamins Capsule x30",1,0
22256,simple,SKU-SKU-NG-91095,,"Jointace Active Magnet (Magnetic Plasters) x18",1,0,visible,,"<p>- Specially designed to help support joints and muscles<br>\n- May provide sustained support for joint health and support muscle<br>\n- Suitable for long term use</p>",,,none,,1,,,0,0,0,,,,1,,,,"Bone & Joints","bone & joints, healthplus, joint pain, vitabiotics",,https://eutawpharmacycare.com/wp-content/uploads/2026/04/klruhbdlogvkhdejcken_dce6f112-bcef-4bad-a9af-9562ed739e99.png,,,,,,,,,0,Vitabiotics,"Jointace Active Magnet (Magnetic Plasters) x18","Jointace Active Magnet (Magnetic Plasters) x18",1,0
22259,simple,SKU-SKU-NG-85906,,"Seven Seas Omega 3 & Multivitamins Man 50+ 30 Day Duo Pack x60",1,0,visible,,"<p>Omega-3 and multivitamins for Men to support heart, brain, and eye health, promoting normal function in these vital areas of the body.</p>",,,none,,1,,,0,0,0,,,,1,,,,Supplements,"healthplus, multivitamins, otc, others, seven seas",,https://eutawpharmacycare.com/wp-content/uploads/2026/04/Seven_20Seas_20Omega_203_20-_20Multivitamins_20Woman_2030_20Day_20Duo_20Pack_20X60_6a8bddc2-296c-47dd-959a-526261ea52b4.png,,,,,,,,,0,"HealthPlus Pharmacy","Seven Seas Omega 3 & Multivitamins Man 50+ 30 Day Duo Pack x60","Seven Seas Omega 3 & Multivitamins Man 50+ 30 Day Duo Pack x60",1,0
22262,simple,SKU-SKU-NG-85905,,"Seven Seas Omega-3 & Multivitamins Man x60",1,0,visible,,"<p>Seven Seas Omega-3 Day Duo Man x60 is a supplement with omega-3 fish oil to support heart, brain, and joint health. It includes 60 capsules designed to enhance overall wellness for men.</p>",,,none,,1,,,0,0,0,,,,1,,,,Supplements,"healthplus, heart support, otc, others, seven seas, top brand",,https://eutawpharmacycare.com/wp-content/uploads/2026/04/Seven_20Seas_20Omega-3_20Day_20Duo_20Man_20x60_59db1da1-8397-4c0c-82a8-d1f048e55c5b.jpg,,,,,,,,,0,"HealthPlus Pharmacy","Seven Seas Omega-3 & Multivitamins Man x60","Seven Seas Omega-3 & Multivitamins Man x60",1,0
22265,simple,SKU-SKU-NG-85758,,"Seven Seas Original Cod Liver Oil Plus Omega 3 Fish Oil 450ml",1,0,visible,,"<p>Seven Seas Original Cod Liver Oil Plus Omega-3 Fish Oil 450ml offers a trusted blend of cod liver oil and Omega-3 fatty acids to support everyday wellness. This larger, family-friendly bottle provides essential nutrients in a smooth liquid format for convenient daily use.</p>",,,none,,1,,,0,0,0,,,,1,,,,Supplements,"healthplus, otc, others, seven seas, top brand, vitamin a",,https://eutawpharmacycare.com/wp-content/uploads/2026/04/Seven_20Seas_20Original_20Cod_20Liver_20Oil_20Plus_20Omega_203_20Fish_20Oil_20450ml_a86c19a6-5578-4f48-b602-f0298ac68aec.png,,,,,,,,,0,"HealthPlus Pharmacy","Seven Seas Original Cod Liver Oil Plus Omega 3 Fish Oil 450ml","Seven Seas Original Cod Liver Oil Plus Omega 3 Fish Oil 450ml",1,0
22268,simple,SKU-SKU-NG-85757,,"Seven Seas Original Cod Liver Oil Plus Omega 3 Fish Oil 150ml",1,0,visible,,"<p>Seven Seas Original Cod Liver Oil Plus Omega-3 Fish Oil 150ml delivers a classic blend of cod liver oil and Omega-3 to support heart, brain, joint, and immune health. A trusted daily supplement in an easy-to-take liquid for whole-body wellbeing.</p>",,,none,,1,,,0,0,0,,,,1,,,,Supplements,"healthplus, otc, others, seven seas, top brand",,https://eutawpharmacycare.com/wp-content/uploads/2026/04/Seven_20Seas_20Original_20Cod_20Liver_20Oil_20Plus_20Omega_203_20Fish_20Oil_20150ml_9acf9b51-c93e-4c39-ac9d-10e2e0a46b5d.png,,,,,,,,,0,"HealthPlus Pharmacy","Seven Seas Original Cod Liver Oil Plus Omega 3 Fish Oil 150ml","Seven Seas Original Cod Liver Oil Plus Omega 3 Fish Oil 150ml",1,0
22271,simple,SKU-SKU-NG-85807,,"Seven Seas Pregnancy Plus Follow On - Dual Pack with Omega-3 x56",1,0,visible,,"<p>Seven Seas Pregnancy Plus Follow On – Dual Pack with Omega-3 (56 capsules) provides tailored nutrients and essential Omega-3 to support you and your baby after birth. This convenient dual pack helps maintain energy, immunity, and overall wellbeing during the post-natal period.</p>",,,none,,1,,,0,0,0,,,,1,,,,"Pregnancy & Breastfeeding","healthplus, kid's health, otc, pregnancy & breastfeeding, prenatal vitamins, seven seas, supplements, women's health",,https://eutawpharmacycare.com/wp-content/uploads/2026/04/Seven_20Seas_20Pregnancy_20Plus_20Follow_20On_20-_20Dual_20Pack_20with_20Omega-3_20x56_44747c46-c313-4c2c-bcd1-f00ea6ea673f.png,,,,,,,,,0,"Seven Seas","Seven Seas Pregnancy Plus Follow On - Dual Pack with Omega-3 x56","Seven Seas Pregnancy Plus Follow On - Dual Pack with Omega-3 x56",1,0
22274,simple,SKU-SKU-NG-85902,,"Seven Seas Omega 3 Fish Oil plus Cod Liver Oil Maximum Strength 150ml Syrup",1,0,visible,,"<p>Seven Seas Omega-3 Fish Oil plus Cod Liver Oil Maximum Strength 150ml Syrup delivers a potent blend of Omega-3s and essential vitamins to support heart, brain, and immune health—all in a smooth, easy-to-take liquid formula.</p>",,,none,,1,,,0,0,0,,,,1,,,,Supplements,"fish oils & omegas, healthplus, hormone support, otc, seven seas, supplements",,https://eutawpharmacycare.com/wp-content/uploads/2026/04/Seven_20Seas_20Omega_203_20Fish_20Oil_20plus_20Cod_20Liver_20Oil_20Maximum_20Strength_20150ml_20Syrup.png,,,,,,,,,0,"Seven Seas","Seven Seas Omega 3 Fish Oil plus Cod Liver Oil Maximum Strength 150ml Syrup","Seven Seas Omega 3 Fish Oil plus Cod Liver Oil Maximum Strength 150ml Syrup",1,0
22277,simple,SKU-SKU-NG-91071,,"Seven Seas Omega 3 Fish Oil Plus Cod Liver Oil & Multivitamins Capsule x90",1,0,visible,,"<p>Seven Seas Omega-3 Fish Oil Plus Cod Liver Oil &amp; Multivitamins Capsules x90 deliver a powerful blend of Omega-3s, cod liver oil, and essential vitamins to support heart, brain, immune health, and overall daily wellness. A convenient 90-day supply for consistent, whole-body support.</p>",,,none,,1,,,0,0,0,,,,1,,,,Supplements,"family health, fish oils & omegas, healthplus, otc, seven seas, supplements",,https://eutawpharmacycare.com/wp-content/uploads/2026/04/Seven_20Seas_20Omega_203_20Fish_20Oil_20Plus_20Cod_20Liver_20Oil_20and_20Multivitamins_20Capsule_20x90_1348016c-0a44-4746-a2ed-b55e17813097.jpg,,,,,,,,,0,"Seven Seas","Seven Seas Omega 3 Fish Oil Plus Cod Liver Oil & Multivitamins Capsule x90","Seven Seas Omega 3 Fish Oil Plus Cod Liver Oil & Multivitamins Capsule x90",1,0
22280,simple,SKU-SKU-NG-85936,,"Agary Adhesive Plaster Strips x100 pieces",1,0,visible,,"<p>- Easy to use<br>\n- Used as a dressing for injuries not serious enough to<br>\nrequire a full-size bandage<br>\n- Provide protection for wounds, cuts and injuries</p>",,,none,,1,,,0,0,0,,,,1,,,,"First Aid","agary, healthplus, others",,https://eutawpharmacycare.com/wp-content/uploads/2026/04/Agary_20Adhesive_20Plaster_20Strips_20x100_20pieces.jpg,,,,,,,,,0,"HealthPlus Pharmacy","Agary Adhesive Plaster Strips x100 pieces","Agary Adhesive Plaster Strips x100 pieces",1,0
22283,simple,SKU-SKU-NG-93295,,"Elastoplast Aquaprotect PlasterStrip X20",1,0,visible,,"<p>Elastoplast Aqua protect X20 Plasters have a flexible, breathable, and 100% waterproof backing that enhances comfort and prevents water from entering around the wound. With a strong adhesive, they offer high-level protection, making them ideal for activities like washing, showering, bathing, and swimming.</p>",,,none,,1,,,0,0,0,,,,1,,,,"First Aid","elastoplast, healthplus, otc, others, plasters, top seller",,https://eutawpharmacycare.com/wp-content/uploads/2026/04/Elastoplast_20Aquaprotect_20Plasterstrip_20X20_0a9a0e0c-d507-478c-beb3-3dba6bfee203.jpg,,,,,,,,,0,"HealthPlus Pharmacy","Elastoplast Aquaprotect PlasterStrip X20","Elastoplast Aquaprotect PlasterStrip X20",1,0
22286,simple,SKU-SKU-NG-85235,,"Fiesta 3-In-1 Condoms x3",1,0,visible,,"<p>- Designed with dots and ribs to increase stimulation and pleasure for both partners<br>\n- Natural rubber latex condoms<br>\n- Gives you long lasting pleasures</p>",,,none,,1,,,0,0,0,,,,1,,,,"Sexual Health","condoms, contraceptives, family planning, fiesta, healthplus",,https://eutawpharmacycare.com/wp-content/uploads/2026/04/Fiesta_203-In-1_20Condoms_20x3_9eb5b4e2-1bed-459c-a0c8-c8d11450c932.jpg,,,,,,,,,0,"DKT International","Fiesta 3-In-1 Condoms x3","Fiesta 3-In-1 Condoms x3",1,0
22289,simple,SKU-SKU-NG-85361,,"Fiesta Chocolate Condoms x3",1,0,visible,,"<p>- Chocolate flavoured, coloured and ribbed to pleasure your partners senses and increase excitement<br>\n- Natural rubber latex condoms<br>\n- Gives you long lasting pleasures</p>",,,none,,1,,,0,0,0,,,,1,,,,"Sexual Health","condoms, contraceptives, family planning, fiesta, healthplus",,https://eutawpharmacycare.com/wp-content/uploads/2026/04/Fiesta_20Chocolate_20Condoms_20x3_7da1aad7-7c12-4d98-bd9f-131f0e872fdd.png,,,,,,,,,0,"DKT International","Fiesta Chocolate Condoms x3","Fiesta Chocolate Condoms x3",1,0
22292,simple,SKU-SKU-NG-85487,,"Fiesta Extra Large Condoms x3",1,0,visible,,"<p>- Larger than normal condoms and with a unique flare shape to allow improved comfort and confidence <br>\n- Natural rubber latex condoms<br>\n- Provides heightened sensual excitement and pleasure for both partners</p>",,,none,,1,,,0,0,0,,,,1,,,,"Sexual Health","condoms, contraceptives, family planning, fiesta, healthplus",,https://eutawpharmacycare.com/wp-content/uploads/2026/04/500x500-11_500x_ba4d143c-c758-49f2-81cd-9f47d5f25127.jpg,,,,,,,,,0,"DKT International","Fiesta Extra Large Condoms x3","Fiesta Extra Large Condoms x3",1,0
22295,simple,SKU-SKU-NG-85756,,"Fiesta Original Black Condoms x3",1,0,visible,,"<p>- Gently lubricated, black condoms to increase pleasure for you and your partner<br>\n- Natural rubber latex condoms<br>\n- Straight walled, teat-ended condoms with non-spermicidal lubricant</p>",,,none,,1,,,0,0,0,,,,1,,,,"Sexual Health","condoms, contraceptives, family planning, fiesta, healthplus",,https://eutawpharmacycare.com/wp-content/uploads/2026/04/Fiesta_20Original_20Black_20Condoms_20x3_805c2fb3-8804-4135-ae25-192ddb4b864e.png,,,,,,,,,0,"DKT International","Fiesta Original Black Condoms x3","Fiesta Original Black Condoms x3",1,0
22298,simple,SKU-SKU-NG-85859,,"Fiesta Ribbed Condoms x3",1,0,visible,,"<p>- Fiesta ribbed condom has more than 50 pleasure rings to increase stimulation for both partners<br>\n- Teat-ended and made of natural latex condoms with a non-spermicidal lubricant<br>\n- Gives you long lasting pleasures</p>",,,none,,1,,,0,0,0,,,,1,,,,"Sexual Health","condoms, contraceptives, family planning, fiesta, healthplus",,https://eutawpharmacycare.com/wp-content/uploads/2026/04/fiesta-ribbed-condoms-x3.jpg,,,,,,,,,0,"DKT International","Fiesta Ribbed Condoms x3","Fiesta Ribbed Condoms x3",1,0
22301,simple,SKU-SKU-NG-85930,,"Fiesta Strawberry Condoms x3",1,0,visible,,"<p>- Strawberry flavoured, coloured and dotted to increase sensual excitement<br>\n- Teat-ended and made of natural latex condoms<br>\n- Contains a non-spermicidal lubricant</p>",,,none,,1,,,0,0,0,,,,1,,,,"Sexual Health","condoms, contraceptives, family planning, fiesta, healthplus",,https://eutawpharmacycare.com/wp-content/uploads/2026/04/laldoh6glbbvhijich52.png,,,,,,,,,0,"DKT International","Fiesta Strawberry Condoms x3","Fiesta Strawberry Condoms x3",1,0
22304,simple,SKU-SKU-NG-86023,,"Fiesta Ultra Thin Condoms x3",1,0,visible,,"<p>- Ultra thin condom for enhanced sensitivity<br>\n- Provides greater sensitivity and pleasure<br>\n- Teat-ended and made of natural latex condoms</p>",,,none,,1,,,0,0,0,,,,1,,,,"Sexual Health","condoms, contraceptives, family planning, fiesta, healthplus",,https://eutawpharmacycare.com/wp-content/uploads/2026/04/pioyeqdzodx3eo9vwv4z.jpg,,,,,,,,,0,"DKT International","Fiesta Ultra Thin Condoms x3","Fiesta Ultra Thin Condoms x3",1,0
22307,simple,SKU-128460,,"Em-B-Plex Vitamin B Complex Syrup 100ml",1,0,visible,,"<p>- Provides vital nutrients needed for healthy formation of blood cells and a strong immune system<br>\n- Help maintain the health of the nerves<br>\n- Promotes healthy brain development</p>",,,none,,1,,,0,0,0,,,,1,,,,Supplements,"em-b-plex, healthplus, supplements",,https://eutawpharmacycare.com/wp-content/uploads/2026/04/o7qev3uihupqo6cmdrzg_b3349bd4-c344-496b-bf55-50ee9687857b.jpg,,,,,,,,,0,Emzor,"Em-B-Plex Vitamin B Complex Syrup 100ml","Em-B-Plex Vitamin B Complex Syrup 100ml",1,0
22310,simple,SKU-SKU-NG-85565,,"Fiesta Honey & Banana Condoms x3",1,0,visible,,"<p>- Offer enhance sexual pleasure for both partners<br>\n- Provides great protection from both pregnancy and STIs and HIV<br>\n- Allow couples to focus on pleasure without worrying about pregnancy or STIs</p>",,,none,,1,,,0,0,0,,,,1,,,,"Sexual Health","condoms, contraceptives, family planning, fiesta, healthplus",,https://eutawpharmacycare.com/wp-content/uploads/2026/04/y83usskjarbsvumjwa4r.jpg,,,,,,,,,0,"DKT International","Fiesta Honey & Banana Condoms x3","Fiesta Honey & Banana Condoms x3",1,0
22313,simple,SKU-SKU-NG-86075,,"Fiesta Wet & Wild Condoms x3",1,0,visible,,"<p>- Extra lubricated for a smooth, and pleasurable fun time with your partner<br>\n- Provides great protection from both pregnancy and STIs and HIV<br>\n- Allow couples to focus on pleasure without worrying about pregnancy or STIs</p>",,,none,,1,,,0,0,0,,,,1,,,,"Sexual Health","condoms, contraceptives, family planning, fiesta, healthplus",,https://eutawpharmacycare.com/wp-content/uploads/2026/04/a6vq30h6lk6thizkhh1x.jpg,,,,,,,,,0,"DKT International","Fiesta Wet & Wild Condoms x3","Fiesta Wet & Wild Condoms x3",1,0
22316,simple,SKU-SKU-NG-92706,,"Fiesta Intim Cool Gel Lubricant 70ml",1,0,visible,,"<p>- Provides a non-greasy and exciting sexual experience<br>\n- Compatible with condoms and sex toys<br>\n- Provides lubrication for smooth and easier penetration</p>",,,none,,1,,,0,0,0,,,,1,,,,Lubricants,"fiesta, healthplus, lubricants",,https://eutawpharmacycare.com/wp-content/uploads/2026/04/Fiesta_20Intim_20Cool_20Gel_20Lubricant_2070ml.png,,,,,,,,,0,DKT,"Fiesta Intim Cool Gel Lubricant 70ml","Fiesta Intim Cool Gel Lubricant 70ml",1,0
22319,simple,SKU-SKU-NG-92705,,"Fiesta Intim Natural Gel Lubricant 70ml",1,0,visible,,"<p>- Provides a non-greasy and exciting sexual experience<br>\n- Compatible with condoms and sex toys<br>\n- Provides lubrication for smooth and easier penetration</p>",,,none,,1,,,0,0,0,,,,1,,,,Lubricants,"fiesta, healthplus, lubricants",,https://eutawpharmacycare.com/wp-content/uploads/2026/04/Fiesta_20Intim_20Natural_20Gel_20Lubricant_2070ml.jpg,,,,,,,,,0,DKT,"Fiesta Intim Natural Gel Lubricant 70ml","Fiesta Intim Natural Gel Lubricant 70ml",1,0
22322,simple,SKU-SKU-NG-85404,,"Neocell Super Collagen Peptides Type 1&3 200g Powder",1,0,visible,,"<p>Boost your beauty routine with Neocell Super Collagen Peptides, featuring highly absorbable Type 1 &amp; 3 collagen to support glowing skin, stronger hair, nails, and healthy joints. Easy to mix and perfect for daily wellness.</p>",,,none,,1,,,0,0,0,,,,1,,,,Supplements,"hair, healthplus, neocell, otc, skin & nails, supplements, top brand",,https://eutawpharmacycare.com/wp-content/uploads/2026/04/Neocell_20Super_20Collagen_206.6g_20Powder_20198g.jpg,,,,,,,,,0,Neocell,"Neocell Super Collagen Peptides Type 1&3 200g Powder","Neocell Super Collagen Peptides Type 1&3 200g Powder",1,0
22325,simple,SKU-160155,,"Omron Compressor Nebulizer C28P Machine",1,0,visible,,"<p>Omron Compressor Nebulizer C28P – Efficient, Reliable Respiratory Relief</p>\n\n<p>The Omron C28P Compressor Nebulizer delivers fast, effective medication directly to the lungs with powerful, consistent airflow. Easy to use at home, it’s ideal for managing asthma, COPD, and other respiratory conditions safely and comfortably.</p>",,,none,,1,,,0,0,0,,,,1,,,,"Test & Diagnostics","healthplus, nebulizer, omron, otc, test & diagnostics, top brand",,https://eutawpharmacycare.com/wp-content/uploads/2026/04/Omron_20Compressor_20Nebulizer_20C28P_20Machine.jpg,,,,,,,,,0,Omron,"Omron Compressor Nebulizer C28P Machine","Omron Compressor Nebulizer C28P Machine",1,0
22328,simple,SKU-SKU-NG-85696,,"Omron C28 Compressor Nebulizer",1,0,visible,,"<p>The Omron C28 Compressor Nebulizer is a reliable and efficient device designed to deliver fast and effective medication for respiratory conditions such as asthma, bronchitis, and other breathing issues. With its compact and user-friendly design, the C28 ensures consistent aerosol delivery for optimal medication absorption. Ideal for both children and adults, it features a quiet operation and is equipped with a durable compressor, making it perfect for home use. Enjoy enhanced respiratory care and improved breathing with the Omron C28 Nebulizer, a trusted solution for better lung health.</p>",,,none,,1,,,0,0,0,,,,1,,,,"Tests & Diagnostics","healthplus, nebulizer, omron, otc, test & diagnostics",,https://eutawpharmacycare.com/wp-content/uploads/2026/04/Omron_20C28_20Nebulizer.jpg,,,,,,,,,0,Omron,"Omron C28 Compressor Nebulizer","Omron C28 Compressor Nebulizer",1,0
22331,simple,SKU-SKU-NG-91069,,"NeuroGesic Extra 25g Ointment",1,0,visible,,"<p>Neurogesic Extra combines menthol and diclofenac to deliver additional relief from muscular aches, swelling, and stiffness linked to rheumatism and musculoskeletal disorders.<br>\n It offers sustained relief from arthritis, backaches, muscle aches, sprains, and other traumatic injuries. This formulation also provides fast, soothing relief for sore and aching muscles.</p>",,,none,,1,,,0,0,0,,,,1,,,,"Pain Management - Others","dgf - neurogesic extra, healthplus, otc, others, top brand",,https://eutawpharmacycare.com/wp-content/uploads/2026/04/Neurogesic_20Extra_2025G_20X1_03edd99d-e56d-46c0-bf1c-1b3b32af8cba.jpg,,,,,,,,,0,"HealthPlus Pharmacy","NeuroGesic Extra 25g Ointment","NeuroGesic Extra 25g Ointment",1,0
22334,simple,SKU-SKU-NG-85431,,"Denivit Whitening Expert Anti-Stain Intense Toothpaste 100ml",1,0,visible,,"<p>Denivit Whitening Expert Anti-Stain Intense Toothpaste (100ml) effectively removes stains and prevents new ones, revealing visibly whiter teeth. With its advanced formula, it combats plaque and provides long-lasting freshness, ensuring a brighter smile and improved oral hygiene. Perfect for daily use.</p>",,,none,,1,,,0,0,0,,,,1,,,,"Oral Care","denivit, healthplus, otc, others, toothpaste",,https://eutawpharmacycare.com/wp-content/uploads/2026/04/Denivit_20Whitening_20Expert_20Anti-Stain_20Intense_20Toothpaste_20100ml.png,,,,,,,,,0,"HealthPlus Pharmacy","Denivit Whitening Expert Anti-Stain Intense Toothpaste 100ml","Denivit Whitening Expert Anti-Stain Intense Toothpaste 100ml",1,0
22337,simple,SKU-SKU-NG-85545,,"Legend Golden Black Tea 50g x25 Tea Bags",1,0,visible,,"<p>Savor the bold, smooth flavor of Legend's Golden Black Tea. Packed with antioxidants, it boosts energy and supports overall wellness. With 25 tea bags, it's perfect for a refreshing, revitalizing cup any time of day.</p>",,,none,,1,,,0,0,0,,,,1,,,,"Diet & Nutrition","antioxidants, healthplus, legend, otc, top brand",,https://eutawpharmacycare.com/wp-content/uploads/2026/04/Golden_20Black_20Tea_20_28Legend_29_2050g_20Tea_20Bags_20x25_817bbc47-91b9-478b-b37b-84150a3b7ae0.jpg,,,,,,,,,0,"HealthPlus Pharmacy","Legend Golden Black Tea 50g x25 Tea Bags","Legend Golden Black Tea 50g x25 Tea Bags",1,0
22340,simple,SKU-SKU-NG-85295,,"Legend Beauty Tea 30g x20 Tea Bags",1,0,visible,,"<p>Legend's Beauty Tea typically contains green tea, chamomile, rose petals, lavender, tumeric, and hibiscus. This blend is rich in antioxidants and helps promote healthy skin, hydration, and overall wellness.</p>",,,none,,1,,,0,0,0,,,,1,,,,"Diet & Nutrition","antioxidants, healthplus, legend, otc, top brand",,https://eutawpharmacycare.com/wp-content/uploads/2026/04/Beauty_20_28Legend_29_2030g_20Tea_20Bags_20x20_d0c9a6f8-b4a8-45d2-aaa6-913f40384bbd.jpg,,,,,,,,,0,"HealthPlus Pharmacy","Legend Beauty Tea 30g x20 Tea Bags","Legend Beauty Tea 30g x20 Tea Bags",1,0
22343,simple,SKU-SKU-NG-85521,,"Legend Focus Tea 30g x20 Tea Bags",1,0,visible,,"<p>Stay sharp with Legend Focus Tea, a powerful blend designed to enhance mental clarity and concentration. Made with ginseng, spearmint, mango, pineapple, bacopa, sage and peppermint, this herbal mix supports focus, energy, and overall wellness. With 20 tea bags, it's perfect for a refreshing boost whenever you need it.</p>",,,none,,1,,,0,0,0,,,,1,,,,"Diet & Nutrition","healthplus, legend, otc, supplements, top brand",,https://eutawpharmacycare.com/wp-content/uploads/2026/04/Focus_20_28Legend_29_2030g_20Tea_20Bags_20x20_35affe3a-07b8-4d6d-b083-d72333ee03d2.jpg,,,,,,,,,0,"HealthPlus Pharmacy","Legend Focus Tea 30g x20 Tea Bags","Legend Focus Tea 30g x20 Tea Bags",1,0
22346,simple,SKU-SKU-NG-85950,,"Legend Supportive Tea 30g x20 Tea Bags",1,0,visible,,"<p>Promote overall well-being with Legend Supportive Tea, a soothing blend of natural ingredients. With a mix of hibiscus, ginger, licorice and lemon, it supports digestion, relaxation, and immune health. Perfect for daily wellness, this tea comes with 20 bags for convenient enjoyment.</p>",,,none,,1,,,0,0,0,,,,1,,,,"Diet & Nutrition","digestive care, healthplus, legend, otc, top brand",,https://eutawpharmacycare.com/wp-content/uploads/2026/04/Supportive_20_28Legend_29_2030g_20Tea_20Bags_20x20_50619fe2-43ea-4c38-872d-e330f1bc1ed7.jpg,,,,,,,,,0,"HealthPlus Pharmacy","Legend Supportive Tea 30g x20 Tea Bags","Legend Supportive Tea 30g x20 Tea Bags",1,0
22349,simple,SKU-SKU-NG-85476,,"Legend Energy Tea 30g x20 Tea Bags",1,0,visible,,"<p>Revitalize your day with Legend Energy Tea, a refreshing blend designed to boost energy and vitality. Infused with holy basil, moringa, mandarin and apple flavour, it promotes alertness and stamina. With 20 tea bags, it's the perfect companion for an energizing pick-me-up anytime.</p>",,,none,,1,,,0,0,0,,,,1,,,,"Diet & Nutrition","energy support, healthplus, legend, otc, top brand",,https://eutawpharmacycare.com/wp-content/uploads/2026/04/Energy_20_28Legend_29_2030g_20Tea_20Bags_20x20_ee6fe8c5-d65c-406e-8e27-9bda153dc4ab.jpg,,,,,,,,,0,"HealthPlus Pharmacy","Legend Energy Tea 30g x20 Tea Bags","Legend Energy Tea 30g x20 Tea Bags",1,0
22352,simple,SKU-SKU-NG-91092,,"Legend Chamomile, Honey and Vanilla Tea 30g x20 Tea Bags",1,0,visible,,"<p>Legend Chamomile, Honey, and Vanilla Tea (30g x 20 Tea Bags) offers a soothing blend that promotes relaxation and supports restful sleep. Infused with chamomile’s calming properties, honey’s natural sweetness, and vanilla’s rich aroma, this tea helps reduce stress, calm the mind, and improve digestion for overall well-being.</p>",,,none,,1,,,0,0,0,,,,1,,,,"Diet & Nutrition","digestive care, healthplus, legend, otc",,https://eutawpharmacycare.com/wp-content/uploads/2026/04/Chamomile_2C_20Honey_2C_20Vanilla_20_28Legend_29_2030g_20Tea_20Bags_20x20_3d3fe00f-9fe9-4bfd-bc25-dfe32bd8eff4.jpg,,,,,,,,,0,"HealthPlus Pharmacy","Legend Chamomile, Honey and Vanilla Tea 30g x20 Tea Bags","Legend Chamomile, Honey and Vanilla Tea 30g x20 Tea Bags",1,0
22355,simple,SKU-SKU-NG-85931,,"Legend Strawberry & Mango Tea 30g x20 Tea Bags",1,0,visible,,"<p>Legend Strawberry &amp; Mango Tea (30g x 20 Tea Bags) is a refreshing, fruity blend that boosts hydration and supports digestive health. Packed with the natural goodness of strawberry and mango, this tea helps detoxify the body, promote a healthy metabolism, and provide a flavorful, energizing experience.</p>",,,none,,1,,,0,0,0,,,,1,,,,"Diet & Nutrition","digestive care, healthplus, legend, otc",,https://eutawpharmacycare.com/wp-content/uploads/2026/04/Strawberry_20and_20Mango_20_28Legend_29_2030g_20Tea_20Bags_20x20_110675ea-73d3-459e-9ca9-4c579d2e8efa.jpg,,,,,,,,,0,"HealthPlus Pharmacy","Legend Strawberry & Mango Tea 30g x20 Tea Bags","Legend Strawberry & Mango Tea 30g x20 Tea Bags",1,0
22358,simple,SKU-SKU-NG-85874,,"Legend Rosehip & Hibiscus Tea 30g x20 Tea Bags",1,0,visible,,"<p>Legend Rosehip &amp; Hibiscus Tea (30g x 20 Tea Bags) is a vibrant, antioxidant-rich blend that supports immune health and promotes radiant skin. Packed with rosehip’s vitamin C and hibiscus’ natural properties, this tea helps detoxify, reduce inflammation, and improve overall well-being. This is naturally caffeine free</p>",,,none,,1,,,0,0,0,,,,1,,,,"Diet & Nutrition","antioxidants, healthplus, legend, otc",,https://eutawpharmacycare.com/wp-content/uploads/2026/04/Rosehip_20and_20Hibiscus_20_28Legend_29_2030g_20Tea_20Bags_20x20_86179b0a-6f67-47ff-82b2-5b9326124be6.jpg,,,,,,,,,0,"HealthPlus Pharmacy","Legend Rosehip & Hibiscus Tea 30g x20 Tea Bags","Legend Rosehip & Hibiscus Tea 30g x20 Tea Bags",1,0
22361,simple,SKU-SKU-NG-85351,,"Legend Chai Tea 30g x20 Tea Bags",1,0,visible,,"<p>Legend Chai Tea (30g x 20 Tea Bags) is a bold, aromatic blend of spices that supports digestion and boosts metabolism. This tea also helps promote heart health, reduce inflammation, and provide a warming, energizing boost.</p>",,,none,,1,,,0,0,0,,,,1,,,,"Diet & Nutrition","antioxidants, healthplus, legend, otc, supplements",,https://eutawpharmacycare.com/wp-content/uploads/2026/04/Chai_20Tea_20_28Legend_29_2030g_20Tea_20Bags_20x20_952573a4-d18c-4560-ac3b-19a82b266dda.jpg,,,,,,,,,0,"HealthPlus Pharmacy","Legend Chai Tea 30g x20 Tea Bags","Legend Chai Tea 30g x20 Tea Bags",1,0
22364,simple,SKU-SKU-NG-85575,,"Legend Immune Tea Bag 30g x20",1,0,visible,,"<p>Legend's Immune Tea typically contains coriander, ginger, tumeric, heenbovitiya and raspberry. This blend is rich in antioxidants and helps strengthen the body's immune system and promotes overall wellness.</p>",,,none,,1,,,0,0,0,,,,1,,,,Supplements,"casabella top sellers, diet & nutrition, healthplus, legend, otc",,https://eutawpharmacycare.com/wp-content/uploads/2026/04/online-pharmacy-product-image-placeholder_1e7dde23-9f4c-48bd-8156-650cc02c2799.png,,,,,,,,,0,"HealthPlus Pharmacy","Legend Immune Tea Bag 30g x20","Legend Immune Tea Bag 30g x20",1,0
22367,simple,SKU-SKU-NG-85700,,"NeoCell Collagen Beauty Builder Tablets x150",1,0,visible,,"<p>- Nourishes inner beauty and provides some of the building blocks our bodies need to make collagen<br>\n- Promotes beautiful hair, skin and nails<br>\n- Strengthens, hydrates and protects skin cells</p>",,,none,,1,,,0,0,0,,,,1,,,,Supplements,"hair, healthplus, neocell, otc, skin & nails, supplements",,https://eutawpharmacycare.com/wp-content/uploads/2026/04/NeoCell_20Collagen_20Beauty_20Builder_20Tablets_20x150_42efeb7f-63f0-464a-a542-2ec67b0f22a2.png,,,,,,,,,0,Neocell,"NeoCell Collagen Beauty Builder Tablets x150","NeoCell Collagen Beauty Builder Tablets x150",1,0
22370,simple,SKU-SKU-NG-85568,,"Rough Rider Hot Passion x3",1,0,visible,,<p>Condoms</p>,,,none,,1,,,0,0,0,,,,1,,,,"Sexual Health","condoms, contraceptives, family planning, healthplus, otc, rough rider",,https://eutawpharmacycare.com/wp-content/uploads/2026/04/Rough_20Rider_20Hot_20Passion_20x3_3efa8b07-b7fd-4322-8aa7-d3f574a8946f.jpg,,,,,,,,,0,"HealthPlus Pharmacy","Rough Rider Hot Passion x3","Rough Rider Hot Passion x3",1,0
22373,simple,SKU-SKU-NG-85949,,"Neocell Super Collagen Peptides 60 servings 600g",1,0,visible,,"<p>- Promotes healthier skin, hair, nails, and joints <br>\n - Supports collagen production and skin elasticity</p>",,,none,,1,,,0,0,0,,,,1,,,,"Hair, Skin & Nails","collagen, hair, healthplus, neocell, otc, skin & nails",,https://eutawpharmacycare.com/wp-content/uploads/2026/04/Neocell_20Super_20Collagen_20Peptides_2060_20servings_20600g.jpg,,,,,,,,,0,"HealthPlus Pharmacy","Neocell Super Collagen Peptides 60 servings 600g","Neocell Super Collagen Peptides 60 servings 600g",1,0
22376,simple,SKU-SKU-NG-93338,,"Omron Compair Nebuliser Ne-C801 Device",1,0,visible,,"<p>Omron Compair Nebuliser NE-C801 – Compact, Quiet &amp; Effective Respiratory Relief</p>\n\n<p>The Omron CompAir NE-C801 is a lightweight, easy-to-use compressor nebulizer designed to deliver respiratory medication efficiently for asthma, COPD and other lower airway conditions in both adults and children. Featuring Virtual Valve Technology for better drug delivery and quiet operation (≈46 dB), it ensures comfortable, deep-lung treatment at home. Compact and reliable, it’s the perfect choice for daily respiratory care.</p>",,,none,,1,,,0,0,0,,,,1,,,,"Tests & Diagnostics","healthplus, omron, otc",,https://eutawpharmacycare.com/wp-content/uploads/2026/04/Omron_20Compair_20Nebuliser_20Ne-C801_20Device_e2bb577c-e42f-4a56-a799-6893be89d1c7.png,,,,,,,,,0,Omron,"Omron Compair Nebuliser Ne-C801 Device","Omron Compair Nebuliser Ne-C801 Device",1,0
22379,simple,SKU-SKU-NG-85329,,"Omron Kids Compressor Nebuliser Compair Ne-C801KD - Yellow Machine",1,0,visible,,"<p>Omron Kids Compressor Nebuliser Compair NE‑C801KD – Fun, Gentle Respiratory Care</p>\n\n<p>The Omron Kids Compressor Nebuliser NE‑C801KD (Yellow) delivers effective, child‑friendly respiratory treatment with gentle airflow and easy‑to‑use design. Bright, fun color and reliable performance make it perfect for managing asthma and breathing issues with comfort and confidence.</p>",,,none,,1,,,0,0,0,,,,1,,,,"Tests & Diagnostics","healthplus, omron, otc",,https://eutawpharmacycare.com/wp-content/uploads/2026/04/Omron_20Compressor_20Nebuliser_20NE-C801KD_6c904c93-157d-4aca-8861-08d82ca4a2cb.jpg,,,,,,,,,0,Omron,"Omron Kids Compressor Nebuliser Compair Ne-C801KD - Yellow Machine","Omron Kids Compressor Nebuliser Compair Ne-C801KD - Yellow Machine",1,0
22382,simple,SKU-SKU-NG-85641,,"Omron M3 Comfort Blood Pressure Monitor Device",1,0,visible,,"<p>Omron M3 Comfort Blood Pressure Monitor – Fast, Accurate, Hassle-Free Readings</p>\n\n<p>The Omron M3 Comfort delivers clinically validated, precise blood pressure measurements with its IntelliWrap™ cuff for effortless, correct positioning every time. Easy to use, highly reliable, and designed for daily monitoring, it helps you track your heart health with total confidence.</p>",,,none,,1,,,0,0,0,,,,1,,,,"Tests & Diagnostics","healthplus, omron, otc",,https://eutawpharmacycare.com/wp-content/uploads/2026/04/Omron_20M3_20Comfort_20Blood_20Pressure_20Monitor_20Device.jpg,,,,,,,,,0,Omron,"Omron M3 Comfort Blood Pressure Monitor Device","Omron M3 Comfort Blood Pressure Monitor Device",1,0
22385,simple,SKU-SKU-NG-93333,,"Omron Microair U22 Pocket Nebulizer Piece",1,0,visible,,"<p>Omron MicroAir U22 Pocket Nebulizer – Portable, Quiet, Powerful</p>\n\n<p>The Omron MicroAir U22 delivers fast, fine-particle mist in a compact, handheld design—perfect for quick, effective nebulization anywhere. Ultra-quiet, easy to use, and travel-friendly, it offers smooth, reliable relief on the go.</p>",,,none,,1,,,0,0,0,,,,1,,,,"Tests & Diagnostics","healthplus, omron, otc",,https://eutawpharmacycare.com/wp-content/uploads/2026/04/Omron_20Microair_20Pocket_20Nebulizer_896680c0-0362-4fe8-92c7-29eecfe94eb1.jpg,,,,,,,,,0,Omron,"Omron Microair U22 Pocket Nebulizer Piece","Omron Microair U22 Pocket Nebulizer Piece",1,0
22388,simple,SKU-SKU-NG-85743,,"Omron Jog Style Activity Monitor Device",1,0,visible,,"<p>The Omron Jog Style Activity Monitor delivers precise step, distance, and calorie tracking to keep you motivated every day. Its compact, user-friendly design makes it easy to monitor your workouts and stay on top of your fitness goals—anytime, anywhere.</p>",,,none,,1,,,0,0,0,,,,1,,,,"Tests & Diagnostics","healthplus, omron, otc",,https://eutawpharmacycare.com/wp-content/uploads/2026/04/Omron_20Jog_20Style_20Activity_20Monitor_20Device.jpg,,,,,,,,,0,Omron,"Omron Jog Style Activity Monitor Device","Omron Jog Style Activity Monitor Device",1,0
22391,simple,SKU-SKU-NG-85744,,"Omron Large Cuff CL2 Device",1,0,visible,,"<p>Omron Large Cuff CL2 – Comfortable, Accurate Blood Pressure Accessory</p>\n\n<p>The Omron Large Cuff CL2 is a high-quality replacement cuff designed for use with compatible Omron upper-arm blood pressure monitors. It fits larger arm sizes (approximately 32–42 cm circumference) for a secure, comfortable fit and helps ensure more accurate and consistent readings compared to a cuff that’s too small. A must-have accessory for anyone with bigger arms who wants reliable home blood pressure monitoring.</p>",,,none,,1,,,0,0,0,,,,1,,,,"Tests & Diagnostics","healthplus, omron, otc",,https://eutawpharmacycare.com/wp-content/uploads/2026/04/Omron_20Large_20Cuff_20CL2_20Device.jpg,,,,,,,,,0,Omron,"Omron Large Cuff CL2 Device","Omron Large Cuff CL2 Device",1,0
22394,simple,SKU-SKU-NG-85745,,"Omron Peak Flow Meter PFM20 Device",1,0,visible,,"<p>Omron Peak Flow Meter PFM20 – Reliable, Easy Lung Monitoring</p>\n\n<p>The Omron PFM20 delivers fast, accurate peak-flow readings to help you track asthma and lung function with confidence. Lightweight, durable, and simple to use, it’s the perfect daily tool for staying on top of your respiratory health.</p>",,,none,,1,,,0,0,0,,,,1,,,,"Tests & Diagnostics","healthplus, omron, otc",,https://eutawpharmacycare.com/wp-content/uploads/2026/04/Omron_20Peak_20Flow_20Meter_20PFM20_20Device.png,,,,,,,,,0,Omron,"Omron Peak Flow Meter PFM20 Device","Omron Peak Flow Meter PFM20 Device",1,0
22397,simple,SKU-SKU-NG-85746,,"Omron Walking Style III Step Counter Device",1,0,visible,,"<p>The Omron Walking Style III step counter delivers reliable tracking of steps, distance, and calories burned with a sleek, clip-on design. Easy to use and perfect for daily fitness goals, it helps you stay motivated and active every day.</p>",,,none,,1,,,0,0,0,,,,1,,,,"Tests & Diagnostics","healthplus, omron, otc",,https://eutawpharmacycare.com/wp-content/uploads/2026/04/Omron_20Walking_20Style_20III_20Step_20Counter_20Device_2c55acc8-6a67-46f9-8694-4ef584e56cb4.jpg,,,,,,,,,0,Omron,"Omron Walking Style III Step Counter Device","Omron Walking Style III Step Counter Device",1,0
22400,simple,SKU-SKU-NG-86058,,"Vulkan 3056 Padded Elbow XL",1,0,visible,,"<p>- Helps protect against bumps and bruises<br>\n- High quality knee brace<br>\n- Provides light compression and support without restricting movement</p>",,,none,,1,,,0,0,0,,,,1,,,,Uncategorized,"family health, healthplus, supports & compliance aids, vulkan",,https://eutawpharmacycare.com/wp-content/uploads/2026/04/Vulkan_203056_20Padded_20Elbow_20XL.png,,,,,,,,,0,Vulkan,"Vulkan 3056 Padded Elbow XL","Vulkan 3056 Padded Elbow XL",1,0
22403,simple,SKU-SKU-NG-85247,,"Dr. Brown's Adult Diapers Large x10",1,0,visible,,"<p>Dr. Brown's Adult Diapers in Large (10 pack) offer reliable, comfortable protection for adults. Designed with advanced leak-proof technology and a secure fit, they provide confidence and all-day dryness. Perfect for managing incontinence, these soft, breathable diapers ensure comfort while maintaining skin health. Ideal for those needing extra absorbency and a discreet, secure solution.</p>",,,none,,1,,,0,0,0,,,,1,,,,"Household Supplies","adult diaper, dr. brown's, healthplus, otc, others",,https://eutawpharmacycare.com/wp-content/uploads/2026/04/Dr._20Brown_27s_20Adult_20Diapers_20Large_20x10_4ab860db-1995-4d2a-8668-148f7a8fd426.jpg,,,,,,,,,0,"HealthPlus Pharmacy","Dr. Brown's Adult Diapers Large x10","Dr. Brown's Adult Diapers Large x10",1,0
22406,simple,SKU-SKU-NG-92096,,"KissKids Super Dry Baby Diapers Size 4, 7-18kg x46",1,0,visible,,"<p>KissKids Super Dry Baby Diapers Size 4 (7-18kg, 46 pack) offer superior absorbency and comfort for your little one. With a soft, breathable design and leak-proof technology, these diapers keep your baby dry and cozy all day.<br>\n Perfect for active babies, they ensure a snug fit and protection against leaks, making them ideal for both day and night use.</p>",,,none,,1,,,0,0,0,,,,1,,,,"Mother & Child","baby care, children's bath & body, healthplus, kisskids, otc",,https://eutawpharmacycare.com/wp-content/uploads/2026/04/Baby_20Diapers_20_28KissKids_29_20Super_20Dry_20Size_204_2C_207-18kg_20x46_b64f4f5e-aef3-4a5c-8af7-eb70a1da5229.png,,,,,,,,,0,"HealthPlus Pharmacy","KissKids Super Dry Baby Diapers Size 4, 7-18kg x46","KissKids Super Dry Baby Diapers Size 4, 7-18kg x46",1,0
22409,simple,SKU-SKU-NG-85292,,"KissKids Super Dry Baby Diapers Size 3, 4-9kg x50",1,0,visible,,"<p>KissKids Super Dry Baby Diapers Size 3 (4-9kg, 50 pack) provide exceptional comfort and dryness for your baby. With advanced absorbency and a breathable design, these diapers keep your little one dry, fresh, and comfortable all day long. Ideal for babies on the move, they offer a secure fit and leak protection for ultimate peace of mind.</p>",,,none,,1,,,0,0,0,,,,1,,,,"Mother & Child","baby care, children's bath & body, healthplus, kisskids, otc",,https://eutawpharmacycare.com/wp-content/uploads/2026/04/KissKids_20Super_20Dry_20Baby_20Diapers_20Size_203_2C_204-9kg_20x50_a5f00e6a-65a0-4275-b5c8-de38e16fb804.png,,,,,,,,,0,"HealthPlus Pharmacy","KissKids Super Dry Baby Diapers Size 3, 4-9kg x50","KissKids Super Dry Baby Diapers Size 3, 4-9kg x50",1,0
22412,simple,SKU-SKU-NG-85701,,"Isis Neotone Body Lotion 100ml",1,0,visible,,"<p>- Keeps the skin hydrated for up to 8 hours<br>\n- Lightens and corrects brown spot<br>\n- Moisturising and de-pigmenting body lotion</p>",,,none,,1,,,0,0,0,,,,1,,,,"Hair, Skin & Nails","casabella, casabella top sellers, isis pharma, lotion, skincare",,https://eutawpharmacycare.com/wp-content/uploads/2026/04/Isis_20Neotone_20Body_20Lotion_20100ml_04ff43b0-b767-4c60-8e7c-5d681b5e9b44.jpg,,,,,,,,,0,"Isis Pharma","Isis Neotone Body Lotion 100ml","Isis Neotone Body Lotion 100ml",1,0
22415,simple,SKU-SKU-NG-93529,,"Isis Pharma Neotone Sensitive Intensive 30ml Balm",1,0,visible,,"<p>The Neotone Sensitive Intensive Balm targets dark spots and pigmentation while soothing and nourishing sensitive skin, helping reveal a brighter, more even complexion with nightly use.</p>",,,none,,1,,,0,0,0,,,,1,,,,"Hair, Skin & Nails","casabella, casabella top sellers, isis pharma, skincare",,https://eutawpharmacycare.com/wp-content/uploads/2026/04/Isispharma_20Neotone_20Sensitive_20Balm_2030ml.png,,,,,,,,,0,"Isis Pharma","Isis Pharma Neotone Sensitive Intensive 30ml Balm","Isis Pharma Neotone Sensitive Intensive 30ml Balm",1,0
22418,simple,SKU-SKU-NG-91997,,"Isis Glyco-A Soft Peeling Night Cream 30ml",1,0,visible,,"<p>- Offers all the benefits of a superficial peel at home<br>\n- Promotes a brighter complexion <br>\n- A real treatment that acts during the night and does not need to be rinsed</p>",,,none,,1,,,0,0,0,,,,1,,,,"Hair, Skin & Nails","casabella, casabella top sellers, isis pharma, skincare",,https://eutawpharmacycare.com/wp-content/uploads/2026/04/Isis_20Glyco-A_20Soft_20Peeling_2030ml.jpg,,,,,,,,,0,"Isis Pharma","Isis Glyco-A Soft Peeling Night Cream 30ml","Isis Glyco-A Soft Peeling Night Cream 30ml",1,0
22421,simple,SKU-SKU-NG-85248,,"Dr. Brown's Adult Diapers Medium x10",1,0,visible,,"<p>• Provides comfortable protection for incontinence<br>\n• Breathable material helps prevent skin irritation<br>\n• Secure fit for active lifestyles<br>\n• Highly absorbent for day/night use</p>",,,none,,1,,,0,0,0,,,,1,,,,Others,"adult diaper, dr. brown, family health, healthplus, otc",,https://eutawpharmacycare.com/wp-content/uploads/2026/04/Dr._20Brown_27s_20Adult_20Diapers_20Medium_20x10_e8f6f7f2-b9bb-46f3-a37a-60ae6f5df2c8.png,,,,,,,,,0,"HealthPlus Pharmacy","Dr. Brown's Adult Diapers Medium x10","Dr. Brown's Adult Diapers Medium x10",1,0
22424,simple,SKU-341875,,"Vulkan 3007 Calf Fast Injury Recovery XL",1,0,visible,,"<p>The Vulkan 3007 Calf Fast Injury Recovery XL offers enhanced compression and support to speed recovery from calf strains, pulls, and muscle fatigue. Designed for larger legs, it improves circulation, reduces swelling, and provides comfortable, stable relief during activity and rest. Perfect for athletes and active lifestyles.</p>",,,none,,1,,,0,0,0,,,,1,,,,Uncategorized,"healthplus, supports & compliance aids, vulkan",,https://eutawpharmacycare.com/wp-content/uploads/2026/04/Vulkan_203007_20Calf_20Fast_20Injury_20Recovery_20XL.jpg,,,,,,,,,0,Vulkan,"Vulkan 3007 Calf Fast Injury Recovery XL","Vulkan 3007 Calf Fast Injury Recovery XL",1,0
22427,simple,SKU-SKU-NG-92066,,"Vulkan 3017 Tennis Elbow XS Support",1,0,visible,,"<p>The Vulkan 3017 Tennis Elbow Support (XS) delivers focused compression to help relieve tennis elbow pain, reduce strain, and support muscle recovery. Lightweight and adjustable for a secure fit, it’s perfect for active users seeking comfortable, effective elbow support.</p>",,,none,,1,,,0,0,0,,,,1,,,,Uncategorized,"healthplus, supports & compliance aids, vulkan",,https://eutawpharmacycare.com/wp-content/uploads/2026/04/Vulkan_207902_20Tennis_20Elbow.jpg,,,,,,,,,0,Vulkan,"Vulkan 3017 Tennis Elbow XS Support","Vulkan 3017 Tennis Elbow XS Support",1,0
22430,simple,SKU-SKU-NG-86053,,"Vulkan Classic Heat Retaining Thigh Support 3010 Small A",1,0,visible,,"<p>The Vulkan Classic Heat Retaining Thigh Support (3010, Small A) delivers therapeutic warmth and targeted compression to help ease thigh strains, muscle soreness, and stiffness. Designed for a snug, comfortable fit, it boosts blood flow for faster recovery, ideal for active lifestyles and injury prevention.</p>",,,none,,1,,,0,0,0,,,,1,,,,Uncategorized,"healthplus, supports & compliance aids, vulkan",,https://eutawpharmacycare.com/wp-content/uploads/2026/04/Vulkan_20Classic_20Heat_20Retaining_20Thigh_20Support_203010_20Small_20A_25f8227f-76fa-41d9-8130-fc437f4def52.jpg,,,,,,,,,0,Vulkan,"Vulkan Classic Heat Retaining Thigh Support 3010 Small A","Vulkan Classic Heat Retaining Thigh Support 3010 Small A",1,0
22433,simple,SKU-SKU-NG-85964,,"Vulkan 7902 Tennis Elbow Brace Large A",1,0,visible,,"<p>The Vulkan 7902 Tennis Elbow Brace (Large A) delivers firm, targeted support to help reduce pain, strain, and inflammation around the elbow during sports or daily activities. Designed for a comfortable, secure fit, it enhances stability and promotes recovery, perfect for active users seeking reliable elbow protection</p>",,,none,,1,,,0,0,0,,,,1,,,,Uncategorized,"healthplus, supports & compliance aids, vulkan",,https://eutawpharmacycare.com/wp-content/uploads/2026/04/Vulkan_207902_20Tennis_20Elbow_20Brace_20Large_20A_7f765b0f-05a7-4862-a8c6-7190446722ec.jpg,,,,,,,,,0,Vulkan,"Vulkan 7902 Tennis Elbow Brace Large A","Vulkan 7902 Tennis Elbow Brace Large A",1,0
22440,simple,SKU-SKU-NG-85372,,"Vulkan Classic Heat Retaining Calf Support 3007 Large A",1,0,visible,,"<p>The Vulkan Classic Heat Retaining Calf Support (3007, Large A) combines therapeutic warmth and firm compression to help relieve calf strains, muscle soreness, and stiffness. Designed for a comfortable, supportive fit, it boosts circulation and aids recovery, ideal for active lifestyles and injury prevention.</p>",,,none,,1,,,0,0,0,,,,1,,,,Uncategorized,"healthplus, supports & compliance aids, vulkan",,https://eutawpharmacycare.com/wp-content/uploads/2026/04/Vulkan_20Classic_20Heat_20Retaining_20Calf_20Support_203007_9050bfba-3f19-4a9c-9004-4c982198a1bf.jpg,,,,,,,,,0,Vulkan,"Vulkan Classic Heat Retaining Calf Support 3007 Large A","Vulkan Classic Heat Retaining Calf Support 3007 Large A",1,0
22443,simple,SKU-SKU-NG-85371,,"Vulkan Classic Heat Retaining Calf Support 3007 X-Large A",1,0,visible,,"<p>The Vulkan Classic Heat Retaining Calf Support (3007, X-Large A) provides therapeutic warmth and targeted compression to help ease calf muscle strains, soreness, and stiffness. Designed for a comfortable, supportive fit for larger legs, it enhances circulation and aids recovery, perfect for active lifestyles and injury prevention.</p>",,,none,,1,,,0,0,0,,,,1,,,,Uncategorized,"healthplus, supports & compliance aids, vulkan",,https://eutawpharmacycare.com/wp-content/uploads/2026/04/Vulkan_20Classic_20Heat_20Retaining_20Calf_20Support_203007.jpg,,,,,,,,,0,Vulkan,"Vulkan Classic Heat Retaining Calf Support 3007 X-Large A","Vulkan Classic Heat Retaining Calf Support 3007 X-Large A",1,0
22446,simple,SKU-SKU-NG-85380,,"Vulkan Classic Heat Retaining Support Tennis Elbow Strap 3074",1,0,visible,,"<p>The Vulkan Classic Heat Retaining Tennis Elbow Strap (3074) delivers therapeutic warmth and focused compression to help reduce pain, muscle strain, and inflammation around the elbow. Designed for a comfortable, secure fit, it supports everyday activities and sports while promoting improved circulation and faster recovery. Perfect for athletes and active lifestyles.</p>",,,none,,1,,,0,0,0,,,,1,,,,Uncategorized,"healthplus, supports & compliance aids, vulkan",,https://eutawpharmacycare.com/wp-content/uploads/2026/04/Vulkan_20Classic_20Heat_20Retaining_20Support_20Tennis_20Elbow_20Strap_203074_3dc0e7bc-e018-40c0-946c-7114ff49c19b.jpg,,,,,,,,,0,Vulkan,"Vulkan Classic Heat Retaining Support Tennis Elbow Strap 3074","Vulkan Classic Heat Retaining Support Tennis Elbow Strap 3074",1,0
22456,simple,SKU-303543,,"Efamol Evening Primrose Oil 500mg x 90 Capsules",1,0,visible,,"<p>- Helps support beautifully nourished and smooth looking skin<br>\n- Helps protect cells from oxidative stress</p>",,,none,,1,,,0,0,0,,,,1,,,,Vitamins,"antioxidants, efamol, healthplus, supplements, top brand, vitamin e, vitamins",,https://eutawpharmacycare.com/wp-content/uploads/2026/04/Efamol-EPO-500mg-90s_front_E9_80_8F_E5_BA_95-min.png,,,,,,,,,0,Efamol,"Efamol Evening Primrose Oil 500mg x 90 Capsules","Efamol Evening Primrose Oil 500mg x 90 Capsules",1,0
22993,simple,SKU-132396,,"Calgovit Calcium, Vitamin C & Vitamin D3 500/200mcg Tablet x20",1,0,visible,,"<p>- Helps maintain strong bones and teeth<br>\n- Regulates muscle contractions<br>\n- Helps release essential hormones and enzymes</p>",,,none,,1,,,0,0,0,,,,1,,,6730,"Bone & Joints","bone & joints, calgovit, healthplus, supplements",,https://eutawpharmacycare.com/wp-content/uploads/2026/04/Calgovit_20Calcium_20Effervescent_20x20_20Tablets.jpg,,,,,,,,,0,Oakleaf,"Calgovit Calcium, Vitamin C & Vitamin D3 500/200mcg Tablet x20","Calgovit Calcium, Vitamin C & Vitamin D3 500/200mcg Tablet x20",1,0
22996,simple,SKU-SKU-NG-85350,,"Centrum Women 50+ Multivitamin Tablets x 30",1,0,visible,,"<p>- Daily multivitamin designed for women aged 50 and over<br>\n- Supports the normal function of the immune system<br>\n- Helps support bone health</p>",,,none,,1,,,0,0,0,,,,1,,,28900,Vitamins,"centrum, family health, healthplus, multivitamins, supplements, vitamins, women's health",,https://eutawpharmacycare.com/wp-content/uploads/2026/04/Centrum_20Women_2050_2B_20Multivitamin_20Tablets_20x_2030.jpg,,,,,,,,,0,GSK,"Centrum Women 50+ Multivitamin Tablets x 30","Centrum Women 50+ Multivitamin Tablets x 30",1,0
22999,simple,SKU-SKU-NG-91566,,"Vitabiotics Hairfollic Her Advanced Dual Pack Capsules x 60",1,0,visible,,"<p>- Specifically formulated for women’s hair<br>\n- Supports normal hair and nails<br>\n- Doubles up as a comprehensive multivitamin for all-round health and wellbeing</p>",,,none,,1,,,0,0,0,,,,1,,,66650,"Hair, Skin & Nails","family health, hair, hair care, healthplus, skin & nails, supplements, vitabiotics, women's health",,https://eutawpharmacycare.com/wp-content/uploads/2026/04/ldfko6uipnyuumksijw4.png,,,,,,,,,0,Vitabiotics,"Vitabiotics Hairfollic Her Advanced Dual Pack Capsules x 60","Vitabiotics Hairfollic Her Advanced Dual Pack Capsules x 60",1,0
23002,simple,SKU-SKU-NG-86018,,"Vitabiotics Ultra Bilberry, Lutein & Zeaxanthin Tablets x 30",1,0,visible,,"<p>- Contributes to the maintenance of normal eye health<br>\n- Antioxidant properties<br>\n- Contains no preservatives</p>",,,none,,1,,,0,0,0,,,,1,,,22150,"Eye Care","eye care, eye support, healthplus, supplements, vitabiotics",,https://eutawpharmacycare.com/wp-content/uploads/2026/04/fbrefrymjqhmw8br5wnw.png,,,,,,,,,0,Vitabiotics,"Vitabiotics Ultra Bilberry, Lutein & Zeaxanthin Tablets x 30","Vitabiotics Ultra Bilberry, Lutein & Zeaxanthin Tablets x 30",1,0
23005,simple,SKU-SKU-NG-85802,,"Vitabiotics Pregnacare Him and Her Conception Tablets x 60",1,0,visible,,"<p>- Helps support a healthy conception for couples who are trying for a baby<br>\n- Helps support sperm formation and mobility.<br>\n- Contributes to maternal tissue growth during pregnancy</p>",,,none,,1,,,0,0,0,,,,1,,,21410,"Pregnancy & Breastfeeding","healthplus, pregnancy & breastfeeding, supplements, vitabiotics",,https://eutawpharmacycare.com/wp-content/uploads/2026/04/grokbmpcxuivajqunkx3.png,,,,,,,,,0,Vitabiotics,"Vitabiotics Pregnacare Him and Her Conception Tablets x 60","Vitabiotics Pregnacare Him and Her Conception Tablets x 60",1,0
23008,simple,SKU-SKU-NG-86020,,"Vitabiotics Ultra Ginkgo & Gingseng Tablets x 60",1,0,visible,,"<p>- Contributes to normal mental performance and cognitive function<br>\n- Contributes to the normal function of the immune system<br>\n- An ideal combination with many supportive actions within the body</p>",,,none,,1,,,0,0,0,,,,1,,,20000,Supplements,"healthplus, immune support, supplements, vitabiotics",,https://eutawpharmacycare.com/wp-content/uploads/2026/04/qctnoglbq5yxpimosifk.png,,,,,,,,,0,Vitabiotics,"Vitabiotics Ultra Ginkgo & Gingseng Tablets x 60","Vitabiotics Ultra Ginkgo & Gingseng Tablets x 60",1,0
23013,simple,SKU-365870,,"Centrum Kids MultiGummies Orange & Mixed Berry x30",1,0,visible,,"<p>- Supports immune health<br>\n- Antioxidants properties<br>\n- Supports general health and wellbeing</p>",,,none,,1,,,0,0,0,,,,1,,,10470,"Immune Support","centrum, children's health, healthplus, immune support, kid's health, supplements",,https://eutawpharmacycare.com/wp-content/uploads/2026/04/Centrum_20Kids_20MultiGummies_20Orange_20and_20Mixed_20Berry_20x30_0dc2dd49-4266-44d1-891f-b9b5621e8ff7.png,,,,,,,,,0,Centrum,"Centrum Kids MultiGummies Orange & Mixed Berry x30","Centrum Kids MultiGummies Orange & Mixed Berry x30",1,0
23016,simple,SKU-SKU-NG-92042,,"Teva Losartan 25mg x28",1,0,visible,,"<p>- Lowers blood pressure and enhances blood flow.<br>\n- It prevents blood vessels from narrowing.<br>\n- Used for treating hypertension (high blood pressure).<br>\n- Reduces the risk of stroke in individuals with heart disease.<br>\n- Slows down kidney damage in people with type 2 diabetes and high blood pressure.</p>",,,none,,1,,,0,0,0,,,,1,,,3340,"Chronic Diseases","antihypertensive, healthplus, prescription only, teva",,https://eutawpharmacycare.com/wp-content/uploads/2026/04/Teva_20Losartan_2025mg_20x28_5527b23e-3c81-4c2e-9071-b4874db5fff9.jpg,,,,,,,,,0,"HealthPlus Pharmacy","Teva Losartan 25mg x28","Teva Losartan 25mg x28",1,0
23019,simple,SKU-106516,,"Teva Amlodipine 10mg x28",1,0,visible,,"<p>- Amlodipine is a daily tablet used to treat high blood pressure.<br>\n- It works by reducing the influx of calcium into the cells of the heart and blood vessels.</p>",,,none,,1,,,0,0,0,,,,1,,,3840,Antihypertensive,"healthplus, others, prescription only, teva",,https://eutawpharmacycare.com/wp-content/uploads/2026/04/Teva_20Amlodipine_2010mg_20x28_ea1f1bcc-fc1f-40f2-90d8-b4362818f55e.jpg,,,,,,,,,0,"HealthPlus Pharmacy","Teva Amlodipine 10mg x28","Teva Amlodipine 10mg x28",1,0
23022,simple,SKU-SKU-NG-85801,,"Vitabiotics Pregnacare Before Conception Tablets x30",1,0,visible,,"<p>- Specially formulated for women to help support a healthy conception when trying for a baby<br>\n- Contains zinc which contributes to normal fertility and reproduction<br>\n- Contributes to maternal tissue growth during pregnancy</p>",,,none,,1,,,0,0,0,,,,1,,,19460,"Pregnancy & Breastfeeding","fertility support, healthplus, otc, vitabiotics",,https://eutawpharmacycare.com/wp-content/uploads/2026/04/Vitabiotics_20Pregnacare_20Before_20Conception_20Tablets_20x30_c95c2ed2-9c02-436c-b57e-7e54fe52521e.jpg,,,,,,,,,0,"HealthPlus Pharmacy","Vitabiotics Pregnacare Before Conception Tablets x30","Vitabiotics Pregnacare Before Conception Tablets x30",1,0
23025,simple,SKU-132331,,"Casodex Bicalutamide 50mg x28",1,0,visible,,"<p>- Casodex is used to treat prostate cancer<br>\n- It works by blocking the action of male hormones in the prostate</p>",,,none,,1,,,0,0,0,,,,1,,,144780,"Chronic Diseases","astrazeneca, healthplus, others, prescription only",,https://eutawpharmacycare.com/wp-content/uploads/2026/04/Casodex_20Bicalutamide_2050mg_20x28_57d5720c-8059-4202-92af-d445225133d6.png,,,,,,,,,0,"HealthPlus Pharmacy","Casodex Bicalutamide 50mg x28","Casodex Bicalutamide 50mg x28",1,0
23028,simple,SKU-SKU-NG-86021,,"Vitabiotic Ultra Omega 3-6-9 3In1 Formula x60",1,0,visible,,"<p>The Ultra Omega-3 capsules provide a powerful reservoir of essential fatty acids. Each 3-in-1 capsule comprises meticulously selected oils:</p>\n\n<p>Omega-3: Obtained from Fish oil (High Purity sourced from sustainable fisheries)<br>\nOmega-6: Extracted from Blackcurrant Seed oil and Pumpkin Seed oil<br>\nOmega-9: Derived from Olive oil (European Pharmacopoeia quality grade)<br>\nFurthermore, they are enriched with vitamin E, which contributes to shielding cells from oxidative stress and maintaining the oil's purity.</p>",,,none,,1,,,0,0,0,,,,1,,,24470,"Immune Support","healthplus, multivitamins, otc, top brand, vitabiotics, vitamins",,https://eutawpharmacycare.com/wp-content/uploads/2026/04/Vitabiotic_20Ultra_20Omega_203-6-9_203In1_20_20X60_8b068430-b65e-48b4-881d-6af37a883dec.png,,,,,,,,,0,"HealthPlus Pharmacy","Vitabiotic Ultra Omega 3-6-9 3In1 Formula x60","Vitabiotic Ultra Omega 3-6-9 3In1 Formula x60",1,0
23032,simple,SKU-SKU-NG-91117,,"Vitabiotics Neuromind Original Tablets x30",1,0,visible,,"<p>Neuromind, an advanced micronutrient supplement featuring essential elements like iron, zinc, and iodine. Designed to enhance cognitive function and mental performance, it includes Ginkgo biloba to support memory maintenance. Developed by the UK's leading vitamin company, it's enriched with over 25 nutrients and has earned the prestigious Queen's Award four times.<br>\n Neuromind is vegan-friendly, free from artificial colors, and hasn't been tested on animals. Benefit from vitamins B6, B12, and C, riboflavin, niacin, and pantothenic acid for optimal nervous system function and psychological well-being.</p>",,,none,,1,,,0,0,0,,,,1,,,25280,Supplements,"healthplus, otc, top brand, vitabiotics, vitamins",,https://eutawpharmacycare.com/wp-content/uploads/2026/04/Vitabiotics_20Neuromind_20Original_20Tablets_20x_2030.jpg,,,,,,,,,0,Vitabiotics,"Vitabiotics Neuromind Original Tablets x30","Vitabiotics Neuromind Original Tablets x30",1,0
23035,simple,SKU-SKU-NG-85347,,"Centrum A-Z Fruity Chewable Adult Multivitamins Tablet x30",1,0,visible,,"<p>Centrum Fruity Chewable Adult Tablets are a tasty multivitamin supplement for adults, available in a 30-tablet bottle. They provide essential vitamins and minerals to support overall health, immune function, and energy levels.</p>",,,none,,1,,,0,0,0,,,,1,,,23400,Supplements,"centrum, healthplus, otc, vitamins",,https://eutawpharmacycare.com/wp-content/uploads/2026/04/Centrum_20Fruity_20Chewable_20Adult_20Tablet_20x30_499823cf-8b5e-4e26-bcfa-da9578a3ea83.jpg,,,,,,,,,0,"HealthPlus Pharmacy","Centrum A-Z Fruity Chewable Adult Multivitamins Tablet x30","Centrum A-Z Fruity Chewable Adult Multivitamins Tablet x30",1,0
23038,simple,SKU-SKU-NG-85776,,"Panda Paracetamol 125mg/5ml 60ml",1,0,visible,,"<p>Paracetamol Panda 125mg/5ml is a children's liquid pain reliever and fever reducer that provides fast and effective relief. Formulated specifically for young ones, this easy-to-administer syrup helps alleviate mild to moderate pain and reduce fever, ensuring your child feels better quickly.<br>\n With its pleasant taste, Paracetamol Panda is designed to make medication time easier for both parents and kids. Trust Paracetamol Panda for safe, reliable relief whenever your little one needs it.</p>",,,none,,1,,,0,0,0,,,,1,,,1090,"Baby Care","afrab chem limited, children's health, fevers, headache & migraine, healthplus, otc, pain management - others, top brand",,https://eutawpharmacycare.com/wp-content/uploads/2026/04/Paracetamol_20Panda_20125mg-5ml.jpg,,,,,,,,,0,"HealthPlus Pharmacy","Panda Paracetamol 125mg/5ml 60ml","Panda Paracetamol 125mg/5ml 60ml",1,0
23041,simple,SKU-349375,,"Celebrex Celecoxib 200mg Capsules x100",1,0,visible,,"<p>Celebrex (Celecoxib) is a nonsteroidal anti-inflammatory drug used for the relief of pain, fever, swelling, and tenderness caused by arthritis. Celebrex is also used for acute pain, and menstrual cramps.</p>",,,none,,1,,,0,0,0,,,,1,,,114190,Anti-inflammatory,"healthplus, others, pfizer, prescription only",,https://eutawpharmacycare.com/wp-content/uploads/2026/04/Celebrex_20Celecoxib_20200mg_20Capsules_20x100_f2758fe1-ce9a-4cc1-8007-3fdca2674cdf.jpg,,,,,,,,,0,"HealthPlus Pharmacy","Celebrex Celecoxib 200mg Capsules x100","Celebrex Celecoxib 200mg Capsules x100",1,0
23044,simple,SKU-SKU-NG-85754,,"Orelox (Cefpodoxime) 200mg Tabs x10",1,0,visible,,"<p>Orelox tablets contain the active ingredient cefpodoxime, which is an antibiotic. Cefpodoxime is a type of antibiotic called a cephalosporin. Cefpodoxime is used to treat bacterial infections. Cefpodoxime is a broad-spectrum antibiotic that kills a wide variety of bacteria that cause a wide variety of commonly-occuring infections.</p>",,,none,,1,,,0,0,0,,,,1,,,11880,Infections,"antibiotics, healthplus, infections, orelox, prescription only, top brand",,https://eutawpharmacycare.com/wp-content/uploads/2026/04/Orelox_20_28Cefpodoxime_29_20200mg_20Tabs_20x10_366f2f74-59dd-49c6-95eb-89650699ab28.png,,,,,,,,,0,Sanofi,"Orelox (Cefpodoxime) 200mg Tabs x10","Orelox (Cefpodoxime) 200mg Tabs x10",1,0
23047,simple,SKU-SKU-NG-85244,,"Actifed Cold (2.5mg + 60mg) x12 Tablets",1,0,visible,,"<p>- Used to treat symptoms of allergy and cold<br>\n- Effective relief from sneezing, runny or stuffy nose<br>\n- Provides relief for itchy and watery eyes due to allergy<br>\nActifed Cold tablet is used to treat symptoms of allergy and cold. Provides effective relief from sneezing, runny or stuffy nose.</p>",,,none,,1,,,0,0,0,,,,1,,,19840,Cold,"cold, gsk, healthplus, top brand",,https://eutawpharmacycare.com/wp-content/uploads/2026/04/Actifed_20Cold_20_282.5mg_20_2B_2060mg_29_20x12_20Tablets_4c706d98-eef9-4851-9b44-d908e672042c.jpg,,,,,,,,,0,GSK,"Actifed Cold (2.5mg + 60mg) x12 Tablets","Actifed Cold (2.5mg + 60mg) x12 Tablets",1,0
23050,simple,SKU-SKU-NG-85772,,"Panadol Period Pain 500mg/65mg x14",1,0,visible,,"<p>Panadol Period Pain 500mg/65mg x14 is a fast-acting pain relief solution designed to ease menstrual discomfort. Combining paracetamol and caffeine, it effectively reduces pain and alleviates cramps, helping you feel more comfortable during your period.</p>",,,none,,1,,,0,0,0,,,,1,,,17460,"Pain Management - Others","body pain, fevers, headache & migraine, healthplus, panadol, top brand",,https://eutawpharmacycare.com/wp-content/uploads/2026/04/Panadol_20Period_20Pain_20500mg-65mg_20x14_1f40451a-c12c-4a04-9b9d-67ea0c00c7cd.jpg,,,,,,,,,0,GSK,"Panadol Period Pain 500mg/65mg x14","Panadol Period Pain 500mg/65mg x14",1,0
23054,simple,SKU-SKU-NG-91090,,"Vitabiotics Ultra Folic Acid + Vitamin B12 x60",1,0,visible,,"<p>Supports red blood cell formation and energy levels.</p>",,,none,,1,,,0,0,0,,,,1,,,10100,Vitamins,"healthplus, otc, supplements, vitabiotic, vitamin b",,https://eutawpharmacycare.com/wp-content/uploads/2026/04/Vitabiotics_20Ultra_20Folic_20Acid_20_2B_20Vitamin_20B12_20x60_ae9c3e23-b5c6-4add-8a6f-ff71f93cb42e.png,,,,,,,,,0,"HealthPlus Pharmacy","Vitabiotics Ultra Folic Acid + Vitamin B12 x60","Vitabiotics Ultra Folic Acid + Vitamin B12 x60",1,0
23057,simple,SKU-SKU-NG-92095,,"Vitabiotic Perfectil Biotherapy Body Oil 125ml",1,0,visible,,"<p>- Advanced skin and hair care formula with essential vitamins and minerals.</p>",,,none,,1,,,0,0,0,,,,1,,,32010,"Hair, Skin & Nails","facial skincare, hair, healthplus, otc, skin & nails, vitabiotics",,https://eutawpharmacycare.com/wp-content/uploads/2026/04/Vitabiotic_20Perfectil_20Biotherapy_20Body_20Oil_20125ml.png,,,,,,,,,0,"HealthPlus Pharmacy","Vitabiotic Perfectil Biotherapy Body Oil 125ml","Vitabiotic Perfectil Biotherapy Body Oil 125ml",1,0
23060,simple,SKU-SKU-NG-85773,,"Panda Cold Drops 15ml",1,0,visible,,"<p>- Eases symptoms of the common cold.<br>\n- Reduces nasal congestion and clears the sinuses..</p>",,,none,,1,,,0,0,0,,,,1,,,590,Cold,"antihistamine, cold, healthplus, otc, panda",,https://eutawpharmacycare.com/wp-content/uploads/2026/04/Panda_20Cold_20Drops_2015ml.jpg,,,,,,,,,0,"HealthPlus Pharmacy","Panda Cold Drops 15ml","Panda Cold Drops 15ml",1,0
23063,simple,SKU-SKU-NG-85775,,"Panda Paracetamol 100mg/1ml 15ml",1,0,visible,,"<p>-  Pain and fever relief suitable for children</p>",,,none,,1,,,0,0,0,,,,1,,,450,Uncategorized,"children's cough & cold, children's health, healthplus, otc, panda",,https://eutawpharmacycare.com/wp-content/uploads/2026/04/Panda_20Paracetamol_20100mg-1ml_2015ml_86eb0c5a-f631-4934-a4a2-5afdd0d94c70.png,,,,,,,,,0,"HealthPlus Pharmacy","Panda Paracetamol 100mg/1ml 15ml","Panda Paracetamol 100mg/1ml 15ml",1,0
23066,simple,SKU-SKU-NG-85563,,"HerbOut Flusher Bitters 500ml Liquid",1,0,visible,,"<p>HerbOut Flusher Bitters is a natural herbal tonic that supports digestion, gentle detox, and overall wellness. Easy to use daily for a healthier, balanced system.</p>",,,none,,1,,,0,0,0,,,,1,,,13420,"Digestive Care","detox, diet & nutrition, healthplus, herbout, otc",,https://eutawpharmacycare.com/wp-content/uploads/2026/04/HerbOut_20Flusher_20Bitters_20500ml_20Liquid_347a5b5b-3aa9-44af-8163-2116a0a287e4.png,,,,,,,,,0,"HealthPlus Pharmacy","HerbOut Flusher Bitters 500ml Liquid","HerbOut Flusher Bitters 500ml Liquid",1,0
23069,simple,SKU-SKU-NG-85562,,"HerbOut Flusher Bitters 5g x4 Powder Sachets",1,0,visible,,"<p>HerbOut Flusher Bitters powder sachets deliver a natural herbal boost to support digestion, gentle detox, and overall wellness, convenient single‑serve packets for use anytime, anywhere. Perfect for daily digestive balance on the go.</p>",,,none,,1,,,0,0,0,,,,1,,,13420,"Digestive Care","detox, diet & nutrition, healthplus, herbout, otc",,https://eutawpharmacycare.com/wp-content/uploads/2026/04/HerbOut_20Flusher_20Bitters_205g_20x4_20Powder_20Sachets.png,,,,,,,,,0,"HealthPlus Pharmacy","HerbOut Flusher Bitters 5g x4 Powder Sachets","HerbOut Flusher Bitters 5g x4 Powder Sachets",1,0
23072,simple,SKU-116771,,"Piriton Syrup 2mg/5ml 60ml",1,0,visible,,"<p>- Effective for all allergic symptoms:<br>\n- Hayfever<br>\n- Skin allergies<br>\n- Nasal allergies<br>\n- Cold and flu symptoms<br>\n- Dust, pet dander, or mold allergies<br>\n- Nettle rashes and hives<br>\n- Prickly heat and heat rash<br>\n- Food allergies<br>\n- Insect bites and stings<br>\nPiriton Syrup is used to treat the symptoms associated with hay fever and other allergies. The active ingredient in the syrup is chlorphenamine maleate, which is an antihistamine that will treat the symptoms caused by an allergy, which include itchiness, redness, swelling, and irritation.</p>",,,none,,1,,,0,0,0,,,,1,,,600,"Mother & Child","antihistamines, children's health, cough & cold, family health, healthplus, mother & child, piriton, top brand",,https://eutawpharmacycare.com/wp-content/uploads/2026/04/Piriton_20Syrup-2mg-5ml_2060ml.jpg,,,,,,,,,0,GSK,"Piriton Syrup 2mg/5ml 60ml","Piriton Syrup 2mg/5ml 60ml",1,0
23075,simple,SKU-SKU-NG-85393,,"Colgate 0-2yrs Strawberry Flavored Toothpaste 50ml",1,0,visible,,"<p>Colgate 0-2yrs Strawberry Flavored Toothpaste (65g) is specially designed for your baby's delicate teeth and gums. With a gentle, fluoride-free formula, it helps protect against cavities while offering a fun strawberry flavor that makes brushing enjoyable. Safe and effective for infants, it promotes healthy oral hygiene habits from an early age.</p>",,,none,,1,,,0,0,0,,,,1,,,2840,"Oral Care","colgate, healthplus, oral care, teeth whitening, toothpaste",,https://eutawpharmacycare.com/wp-content/uploads/2026/04/Colgate_200-2yrs_20Toothpaste.png,,,,,,,,,0,Colgate,"Colgate 0-2yrs Strawberry Flavored Toothpaste 50ml","Colgate 0-2yrs Strawberry Flavored Toothpaste 50ml",1,0
23078,simple,SKU-SKU-NG-85402,,"Colgate Triple Action Toothpaste 100ml",1,0,visible,,"<p>Colgate Triple Action Toothpaste (100ml) offers triple protection for your teeth, helping to fight cavities, freshen breath, and whiten teeth. Its advanced formula provides long-lasting freshness and removes plaque buildup for a healthier smile. Ideal for daily use, it ensures strong, clean, and protected teeth with every brush.</p>",,,none,,1,,,0,0,0,,,,1,,,3640,"Oral Care","colgate, healthplus, ibs, oral care, toothpaste",,https://eutawpharmacycare.com/wp-content/uploads/2026/04/Colgate_20Triple_20Action_20Toothpaste_20100ml.jpg,,,,,,,,,0,Colgate,"Colgate Triple Action Toothpaste 100ml","Colgate Triple Action Toothpaste 100ml",1,0
23081,simple,SKU-SKU-NG-85398,,"Colgate Charcoal Gentle Clean Toothpaste 120g",1,0,visible,,"<p>- Instantly relieves hypersensitivity in the teeth<br>\n-  Forms a calcium-rich layer on the tooth and in the dentine tubules<br>\nColgate Sensitive Instant Relief Toothpaste with Pro-Argin Technology provides instant and long lasting relief from the pain of sensitive teeth.</p>",,,none,,1,,,0,0,0,,,,1,,,3640,"Oral Care","colgate, healthplus, oral care, tooth sensitivity, toothpaste",,https://eutawpharmacycare.com/wp-content/uploads/2026/04/Colgate_20Charcoal_20Gentle_20Clean_20Toothpaste_20120g.jpg,,,,,,,,,0,Colgate,"Colgate Charcoal Gentle Clean Toothpaste 120g","Colgate Charcoal Gentle Clean Toothpaste 120g",1,0
23085,simple,SKU-SKU-NG-85573,,"Ibucap Cold And Flu x4",1,0,visible,,"<p>Ibucap Cold And Flu is intended to treat symptoms caused by the common cold, flu, allergies, or other respiratory disorders for a short period of time (such as sinusitis, bronchitis).</p>",,,none,,1,,,0,0,0,,,,1,,,360,Cold,"cold, healthplus, otc, shalina",,https://eutawpharmacycare.com/wp-content/uploads/2026/04/Ibucap_20Cold_20And_20Flu_20x4_d7a1b0cd-9510-4466-bc67-42781f13cc6a.png,,,,,,,,,0,Shalina,"Ibucap Cold And Flu x4","Ibucap Cold And Flu x4",1,0
23088,simple,SKU-SKU-NG-85359,,"Chlorpheniramine (Emzor) 4mg Tablet Blister x100",1,0,visible,,"<p>- Relieves sneezing and itchy eyes<br>\n- Helps ease symptoms of hay fever and other allergies</p>",,,none,,1,,,0,0,0,,,,1,,,770,Allergies,"allergies, antihistamines, emzor, healthplus",,https://eutawpharmacycare.com/wp-content/uploads/2026/04/bbbpdrwfbrkim672fibh_aedffa2a-fae1-4165-bf3c-4ae60a1ee372.jpg,,,,,,,,,0,Emzor,"Chlorpheniramine (Emzor) 4mg Tablet Blister x100","Chlorpheniramine (Emzor) 4mg Tablet Blister x100",1,0
23091,simple,SKU-SKU-NG-95407,,"Garden of Life Dr Formulated Probiotics Once Daily Men's Capsules X 30",1,0,visible,,"<p>- Digestive and immune health support<br>\n- Supports colon health<br>\n- Helps reduce occasional gas and helps relieve occasional discomfort</p>",,,none,,1,,,0,0,0,,,,1,,,115550,"Digestive Care","digestive care, garden of life, healthplus, probiotics, supplements",,https://eutawpharmacycare.com/wp-content/uploads/2026/04/Garden_20of_20Life_20Dr_20Formulated_20Probiotics_20Once_20Daily_20Men_27s_20Capsules_20x30_149a18a7-c339-4797-bc40-0cc17b63b025.jpg,,,,,,,,,0,"Garden of Life","Garden of Life Dr Formulated Probiotics Once Daily Men's Capsules X 30","Garden of Life Dr Formulated Probiotics Once Daily Men's Capsules X 30",1,0
23094,simple,SKU-152444,,"Chemiron Blood Capsules X120",1,0,visible,,"<p>Chemiron Blood Tonic effectively prevents and treats iron deficiency anemia through its formulation of essential iron and other nutrients. It also replenishes hemoglobin levels in the blood, improving oxygen transport across the body and reducing fatigue and weakness. <br>\n Furthermore, its folic acid and vitamins support a robust immune system.</p>",,,none,,1,,,0,0,0,,,,1,,,3000,Supplements,"chemiron, healthplus, immune support, otc, top brand",,https://eutawpharmacycare.com/wp-content/uploads/2026/04/online-pharmacy-product-image-placeholder_6f5d6280-06c7-4b6c-90ec-3630e5f33d6f.png,,,,,,,,,0,Chemiron,"Chemiron Blood Capsules X120","Chemiron Blood Capsules X120",1,0
23097,simple,SKU-SKU-NG-93524,,"Garden Of Life Dr. Formulated Probiotics Women's PH 50 Billion x30",1,0,visible,,"<p>Dr. Formulated Probiotics Women’s pH offers comprehensive support for women's health promoting vaginal pH balance</p>",,,none,,1,,,0,0,0,,,,1,,,115550,"Feminine Hygiene","featured product, garden of life, healthplus, otc, others, top brand",,https://eutawpharmacycare.com/wp-content/uploads/2026/04/Dr._20Form_20Probiotic_20Ph_20_20Women_2050Bill_20X30_9cb288c0-0f92-419d-8e00-00c168d1a4f9.jpg,,,,,,,,,0,"HealthPlus Pharmacy","Garden Of Life Dr. Formulated Probiotics Women's PH 50 Billion x30","Garden Of Life Dr. Formulated Probiotics Women's PH 50 Billion x30",1,0
23100,simple,SKU-SKU-NG-75124,,"Dr. Formulated Probiotic Once Daily Women 50 Billion x30",1,0,visible,,"<p>Dr. Form Probiotic Once Daily Women 50 Billion x30 is a premium probiotic supplement specially formulated to support women's digestive and immune health. Each capsule delivers 50 billion CFUs from 12 potent strains of probiotics, including those specifically beneficial for women's health.<br>\n This once-daily formula helps promote gut balance, improve digestion, and support vaginal health. With added prebiotics for enhanced effectiveness, Dr. Form Probiotic ensures optimal flora balance and overall wellness. Convenient and powerful, it's the perfect choice for women seeking daily digestive support and a healthier gut.</p>",,,none,,1,,,0,0,0,,,,1,,,83010,Supplements,"digestive care, dr. formulated, healthplus, otc",,https://eutawpharmacycare.com/wp-content/uploads/2026/04/Dr_20Form_20Probiotic_20OD_20Women_2050Billion_20x30_1017b37a-863b-43a6-95d5-75519df6b488.jpg,,,,,,,,,0,"HealthPlus Pharmacy","Dr. Formulated Probiotic Once Daily Women 50 Billion x30","Dr. Formulated Probiotic Once Daily Women 50 Billion x30",1,0
23103,simple,SKU-SKU-NG-85395,,"Colgate 2-5yrs Toothpaste 50ml",1,0,visible,,"<p>- Low abrasion formula which does not damage milk teeth<br>\n- Prevents tooth decay<br>\n- Mild &amp; safe for children<br>\nColgate Toothpaste with Bubble Fruit Flavor is a low abrasive toothpaste that removes plaque while being gentle on your baby's teeth. This toothpaste is developed with a fluoride-free formula that is best suited to young children. It contains readily available calcium, which is good for your child's teeth.</p>",,,none,,1,,,0,0,0,,,,1,,,2840,"Mother & Child","baby care, colgate, healthplus, mother & child, oral care",,https://eutawpharmacycare.com/wp-content/uploads/2026/04/Colgate_202-5yrs_20Toothpaste_2050ml_8e78640f-11b5-4b30-b8b0-1e6ebd6c4c1e.jpg,,,,,,,,,0,Colgate,"Colgate 2-5yrs Toothpaste 50ml","Colgate 2-5yrs Toothpaste 50ml",1,0
23106,simple,SKU-SKU-NG-85334,,"Calcough Children's Syrup 125ml",1,0,visible,,"<p>- Designed to treat children’s cough<br>\n- Relieves dry, tickly coughs and sore throats<br>\n- Suitable for children aged 1 year and over</p>",,,none,,1,,,0,0,0,,,,1,,,15840,"Mother & Child","calcough, children's health, cough & cold, healthplus, mother & child",,https://eutawpharmacycare.com/wp-content/uploads/2026/04/Calcough_20Children_27s_20Syrup_20125ml_65741766-de8c-40c4-9974-358f1658d4d9.jpg,,,,,,,,,0,"Johnson &amp; Johnson","Calcough Children's Syrup 125ml","Calcough Children's Syrup 125ml",1,0
23109,simple,SKU-234528,,"Ibucap Forte 400mg x10",1,0,visible,,"<p>Relieves pain, inflammation, and fever.</p>",,,none,,1,,,0,0,0,,,,1,,,750,"Pain Management - Others","body pain, healthplus, oral analgesics, otc, shalina",,https://eutawpharmacycare.com/wp-content/uploads/2026/04/Shalina_20Ibucap_20Forte_20400mg_20x10_aaa98c34-297b-452b-92c3-f26b4f5b8704.png,,,,,,,,,0,"HealthPlus Pharmacy","Ibucap Forte 400mg x10","Ibucap Forte 400mg x10",1,0
23112,simple,SKU-SKU-NG-91082,,"Piriton Children's Allergy Syrup 150ml",1,0,visible,,"<p>- Provides relief from hay fever, allergies, and skin rashes.</p>",,,none,,1,,,0,0,0,,,,1,,,22920,"Other Allergies","antihistamines, healthplus, otc, other allergies, piriton",,https://eutawpharmacycare.com/wp-content/uploads/2026/04/Piriton_20Allergy_20Syrup_20150ml.jpg,,,,,,,,,0,"HealthPlus Pharmacy","Piriton Children's Allergy Syrup 150ml","Piriton Children's Allergy Syrup 150ml",1,0
23115,simple,SKU-349110,,"Calpol Vapour Plug & Nightlight Refill Pads x5",1,0,visible,,"<p>- Soothing vapour plug refills for a comfortable night's sleep.</p>",,,none,,1,,,0,0,0,,,,1,,,3720,"Sleep Aid","calpol, healthplus, humidifiers & vaporisers, otc, sleep aid",,https://eutawpharmacycare.com/wp-content/uploads/2026/04/online-pharmacy-product-image-placeholder_1765f1fb-7ff2-4cec-b669-969ae77dfd84.png,,,,,,,,,0,"HealthPlus Pharmacy","Calpol Vapour Plug & Nightlight Refill Pads x5","Calpol Vapour Plug & Nightlight Refill Pads x5",1,0
23118,simple,SKU-114941,,"Cerumol Paradichlorbenzene Ear Drops 2gm/10ml",1,0,visible,,"<p>Cerumol Ear Drops helps to gently break down wax blockages in the ear by softening and loosening ear wax and clearing the ear canal.</p>",,,none,,1,,,0,0,0,,,,1,,,17500,Uncategorized,"cerumol, ear care, ear wax removal, healthplus",,https://eutawpharmacycare.com/wp-content/uploads/2026/04/Cerumol_20Ear_20Drops_2010ml_d2937488-2a48-49c9-b707-5ebc878ed417.jpg,,,,,,,,,0,Cerumol,"Cerumol Paradichlorbenzene Ear Drops 2gm/10ml","Cerumol Paradichlorbenzene Ear Drops 2gm/10ml",1,0
23121,simple,SKU-SKU-NG-91105,,"Cussons Baby Powder Soft & Smooth 200g",1,0,visible,,"<p>- Mild formulation<br>\n- Dermatologically tested<br>\n- Fruity fragrance<br>\nCussons Soft &amp; Smooth Baby Powder has been particularly created to absorb excess wetness and leave the skin feeling soft, smooth, and fragrant by combining the conditioning power of Almond Milk with the aromatic calming effect of Rose Oil.</p>",,,none,,1,,,0,0,0,,,,1,,,740,"Mother & Child","baby care, baby powder, healthplus, mother & child, pz cussons",,https://eutawpharmacycare.com/wp-content/uploads/2026/04/Cussons-Baby-Powder-Soft-Smooth-200g_680e3b43-7ef0-4699-9299-0873abfcdc26.jpg,,,,,,,,,0,"PZ Cussons","Cussons Baby Powder Soft & Smooth 200g","Cussons Baby Powder Soft & Smooth 200g",1,0
23124,simple,SKU-110508,,"Emzolyn Expectorant Cough - Adult 100ml",1,0,visible,,"<p>- It makes the cough more productive by loosening tenacious bronchial mucous.<br>\n- It combats the congestive symptoms that frequently accompany coughs and colds and reduces bronchial and nasal congestion<br>\nEmzolyn is a liquid syrup that contains an expectorant agent used in the treatment of cough and cold symptoms.</p>",,,none,,1,,,0,0,0,,,,1,,,910,Cough,"cough, emzolyn, healthplus",,https://eutawpharmacycare.com/wp-content/uploads/2026/04/Emzolyn_20Expectorant_20Cough_20-_20Adult_20100ml.jpg,,,,,,,,,0,Emzor,"Emzolyn Expectorant Cough - Adult 100ml","Emzolyn Expectorant Cough - Adult 100ml",1,0
23127,simple,SKU-125477,,"Dulcolax Twelve Plus 10mg Tabs x12",1,0,visible,,"<p>- Effective relief from occasional constipation.<br>\n- Specially formulated for individuals aged 12 and above.<br>\n- Gentle yet effective stimulant laxative for overnight relief.<br>\n- Supports natural bowel movement for improved digestive health.</p>",,,none,,1,,,0,0,0,,,,1,,,6090,"Digestive Care","digestive care, dulcolax, healthplus, laxative",,https://eutawpharmacycare.com/wp-content/uploads/2026/04/Dulcolax_20Twelve_20Plus_2010mg_20Tabs_20x12_e3236ed6-6a84-469a-93ca-73422141762d.jpg,,,,,,,,,0,"HealthPlus Pharmacy","Dulcolax Twelve Plus 10mg Tabs x12","Dulcolax Twelve Plus 10mg Tabs x12",1,0
23130,simple,SKU-109846,,"Glucovance (Metformin/Glibenclamide) 500/5mg Tablet x30",1,0,visible,,"<p>Glucovance is used to control blood glucose levels in adults with type II diabetes mellitus. It is used when diet, exercise and treatment with either metformin or a sulfonylurea medicine are not enough to control your blood glucose.</p>",,,none,,1,,,0,0,0,,,,1,,,18000,Diabetes,"diabetes, diabetes medication, healthplus, merck, prescription only",,https://eutawpharmacycare.com/wp-content/uploads/2026/04/Glucovance_20_20500-5mg_20Tablets_20x30_f7e537bd-cbb7-4ff8-9d47-789435552f76.jpg,,,,,,,,,0,Merck,"Glucovance (Metformin/Glibenclamide) 500/5mg Tablet x30","Glucovance (Metformin/Glibenclamide) 500/5mg Tablet x30",1,0
23131,"simple, virtual",,,Product,-1,0,visible,,,,,taxable,,1,,,0,0,,,,,1,,,,Uncategorized,,,,,,,,,,,,0,,,,,
23133,simple,SKU-SKU-NG-97564,,"Oaklife Immun-Activ Vitamin C With Zinc + Selenium 1000mg Tablets x100",1,0,visible,,"<p>Boost your body's natural defenses with Immune-Activ Vitamin C 1000mg. Packed with high-potency Vitamin C, this supplement supports immune health, promotes skin vitality, and helps fight free radicals for overall well-being. Perfect for maintaining energy levels and supporting a healthy immune system year-round.</p>",,,none,,1,,,0,0,0,,,,1,,,31550,Supplements,"casabella top sellers, healthplus, immune support, top brand, vitamin c",,https://eutawpharmacycare.com/wp-content/uploads/2026/04/Vitamin_20C_20Immune_20Activ_201000mg_20x100_12f3cfb1-3979-40ba-b4a1-0ccfe670b0e1.jpg,,,,,,,,,0,"Oaklife Vitamins","Oaklife Immun-Activ Vitamin C With Zinc + Selenium 1000mg Tablets x100","Oaklife Immun-Activ Vitamin C With Zinc + Selenium 1000mg Tablets x100",1,0
23134,"simple, virtual",,,Product,-1,0,visible,,,,,taxable,,1,,,0,0,,,,,1,,,,Uncategorized,,,,,,,,,,,,0,,,,,
23136,simple,SKU-SKU-NG-85587,,"Jobelyn Dietary Supplement (Sorghum Bicolor Leaf Extract) 250mg Capsule x100",1,0,visible,,"<p>- Aids in the stimulation of red blood cell synthesis<br>\n- Boosts immunity<br>\n- Promotes general wellness<br>\nJobelyn Capsules is a highly effective, all-natural anti-oxidant that aids in the stimulation of red blood cell synthesis and has been shown to be beneficial in a variety of medical situations. It includes anthocyannis, bioflavonoids, phenolics, and other biologically active substances that assist the body eliminate itself of harmful free radicals while also strengthening and enhancing the immune system's natural ability to fight diseases and infections. Increased energy levels and the clearance of harmful waste from the body are two of Jobelyn's instant impacts, assisting the body in maintaining good health and general wellness.</p>",,,none,,1,,,0,0,0,,,,1,,,13400,Supplements,"antioxidants, healthplus, jobelyn, supplements",,https://eutawpharmacycare.com/wp-content/uploads/2026/04/JOBELYN-2017-30-caps-resized.jpg,,,,,,,,,0,"Health Forever","Jobelyn Dietary Supplement (Sorghum Bicolor Leaf Extract) 250mg Capsule x100","Jobelyn Dietary Supplement (Sorghum Bicolor Leaf Extract) 250mg Capsule x100",1,0
23137,"simple, virtual",,,Product,-1,0,visible,,,,,taxable,,1,,,0,0,,,,,1,,,,Uncategorized,,,,,,,,,,,,0,,,,,
23139,simple,SKU-SKU-NG-85613,,"Lemsip Max Cold & Flu Blackcurrant (Paracetamol/Phenylephrine) 1000mg Powder x10",1,0,visible,,"<p>- Treats symptoms of cold and flu<br>\n- Helps with reducing fever and body aches<br>\n- Helps treat headaches, blocked nose and sore throat</p>",,,none,,1,,,0,0,0,,,,1,,,28840,Cold,"cold, healthplus, lemsip, nasal congestion",,https://eutawpharmacycare.com/wp-content/uploads/2026/04/Lemsip_20Max_20Cold_20-_20Flu_20Blackcurrant_20x10_330963af-3637-4664-b21d-bd2f9fab7fa2.jpg,,,,,,,,,0,"Reckitt Benckiser","Lemsip Max Cold & Flu Blackcurrant (Paracetamol/Phenylephrine) 1000mg Powder x10","Lemsip Max Cold & Flu Blackcurrant (Paracetamol/Phenylephrine) 1000mg Powder x10",1,0
23140,"simple, virtual",,,Product,-1,0,visible,,,,,taxable,,1,,,0,0,,,,,1,,,,Uncategorized,,,,,,,,,,,,0,,,,,
23142,simple,SKU-336224,,"Jobelyn Herbal Extract 100ml Suspension",1,0,visible,,"<p>- Aids in the stimulation of red blood cell synthesis<br>\n- Boosts immunity<br>\n- Promotes general wellness<br>\nJobelyn Capsules is a highly effective, all-natural anti-oxidant that aids in the stimulation of red blood cell synthesis and has been shown to be beneficial in a variety of medical situations. It includes anthocyannis, bioflavonoids, phenolics, and other biologically active substances that assist the body eliminate itself of harmful free radicals while also strengthening and enhancing the immune system's natural ability to fight diseases and infections. Increased energy levels and the clearance of harmful waste from the body are two of Jobelyn's instant impacts, assisting the body in maintaining good health and general wellness.</p>",,,none,,1,,,0,0,0,,,,1,,,3000,Supplements,"antioxidants, healthplus, jobelyn, supplements",,https://eutawpharmacycare.com/wp-content/uploads/2026/04/Jobelyn_20_28Herbal_20Extract_29_20100ml_20Suspension.jpg,,,,,,,,,0,"Health Forever","Jobelyn Herbal Extract 100ml Suspension","Jobelyn Herbal Extract 100ml Suspension",1,0
23143,"simple, virtual",,,Product,-1,0,visible,,,,,taxable,,1,,,0,0,,,,,1,,,,Uncategorized,,,,,,,,,,,,0,,,,,
23145,simple,SKU-SKU-NG-97667,,"Nature's Field Vitamin E 1000Iu x100 Capsules",1,0,visible,,"<p>- Antioxidant properties<br>\n- Strengthens immune system<br>\nNature's Field Vitamin E is a potent antioxidant that helps to strengthen the immune system, neurological system, circulatory system, and skin and hair health. Vitamin E is an essential nutrient for the normal functioning of many of your body's organs. It acts as an antioxidant, slowing down cell-damaging activities.</p>",,,none,,1,,,0,0,0,,,,1,,,30770,Vitamins,"antioxidants, healthplus, nature's field, supplements, vitamin e, vitamins",,https://eutawpharmacycare.com/wp-content/uploads/2026/04/Nature_27s-Field-Vitamin-E-1000IU-100-tablets.jpg,,,,,,,,,0,Sylken,"Nature's Field Vitamin E 1000Iu x100 Capsules","Nature's Field Vitamin E 1000Iu x100 Capsules",1,0
23146,"simple, virtual",,,Product,-1,0,visible,,,,,taxable,,1,,,0,0,,,,,1,,,,Uncategorized,,,,,,,,,,,,0,,,,,
23148,simple,SKU-365970,,"Accu-Chek Active Glucose Test Strip x50",1,0,visible,,"<p>- Blood sample required is very little (only a drop)<br>\n- Blood has to be applied in the middle of the strip. It will then spread above the testing spot.<br>\n- Blood application on the testing strip is of 2 types. You can apply the blood either by inserting the strip on the glucometer or when the test strip is outside of the glucometer.<br>\nAccu-Chek Active test strips are for use with the Accu-check Active blood glucose meter system which can done from the comfort of your  For optimal results using this strips, you need an Accu Chek sofclix lancet along with your monitor.</p>",,,none,,1,,,0,0,0,,,,1,,,21650,"Test & Diagnostics","accu-chek, healthplus, test & diagnostics, test strips, top brand",,https://eutawpharmacycare.com/wp-content/uploads/2026/04/ey2aobanyz3qsx49ahtx.jpg,,,,,,,,,0,Roche,"Accu-Chek Active Glucose Test Strip x50","Accu-Chek Active Glucose Test Strip x50",1,0
23149,"simple, virtual",,,Product,-1,0,visible,,,,,taxable,,1,,,0,0,,,,,1,,,,Uncategorized,,,,,,,,,,,,0,,,,,
23151,simple,SKU-SKU-NG-86005,,"Trojan ENZ Spermicidal Latex Lubricated Condoms x3",1,0,visible,,"<p>- Silky smooth lubricant for comfort and sensitivity<br>\n- Special reservoir end for extra safety<br>\n- Made of natural rubber latex</p>",,,none,,1,,,0,0,0,,,,1,,,6250,"Sexual Health","condoms, contraceptives, family planning, healthplus, trojan",,https://eutawpharmacycare.com/wp-content/uploads/2026/04/22782330-1_08daecbd-91c7-4fcc-a5a6-f35a0ea2f990.jpg,,,,,,,,,0,Trojan,"Trojan ENZ Spermicidal Latex Lubricated Condoms x3","Trojan ENZ Spermicidal Latex Lubricated Condoms x3",1,0
23152,"simple, virtual",,,Product,-1,0,visible,,,,,taxable,,1,,,0,0,,,,,1,,,,Uncategorized,,,,,,,,,,,,0,,,,,
23154,simple,SKU-SKU-NG-86004,,"Trojan Enz Latex Lubricated Condoms x3",1,0,visible,,"<p>- Designed with a special reservoir tip to offer extra protection<br>\n- Silky smooth lubricant ensures comfort and sensitivity<br>\n- Classic straight-walled shape for a secure, snug fit</p>",,,none,,1,,,0,0,0,,,,1,,,5200,"Sexual Health","condoms, contraceptives, family planning, healthplus, trojan",,https://eutawpharmacycare.com/wp-content/uploads/2026/04/22782329-1.jpg,,,,,,,,,0,Trojan,"Trojan Enz Latex Lubricated Condoms x3","Trojan Enz Latex Lubricated Condoms x3",1,0
23155,"simple, virtual",,,Product,-1,0,visible,,,,,taxable,,1,,,0,0,,,,,1,,,,Uncategorized,,,,,,,,,,,,0,,,,,
23157,simple,SKU-SKU-NG-85909,,"Shooot Condoms 3-in-1 X 3",1,0,visible,,"<p>- Contoured, textured &amp; ribbed condoms for comfort &amp; maximum excitement<br>\n- Natural rubber latex with a shaped teat<br>\n- Lubricated with non-spermicidal lubricant</p>",,,none,,1,,,0,0,0,,,,1,,,1020,"Sexual Health","condoms, contraceptives, family planning, healthplus, shooot",,https://eutawpharmacycare.com/wp-content/uploads/2026/04/cddd6bc36ea3b1a97074b89fbe45d768.jpg,,,,,,,,,0,Shooot,"Shooot Condoms 3-in-1 X 3","Shooot Condoms 3-in-1 X 3",1,0
23158,"simple, virtual",,,Product,-1,0,visible,,,,,taxable,,1,,,0,0,,,,,1,,,,Uncategorized,,,,,,,,,,,,0,,,,,
23160,simple,SKU-SKU-NG-85846,,"Reload Women 50+ Formula Multivitamins x30",1,0,visible,,"<p>- Once-daily multivitamin<br>\n- Provides Cranberry for urinary tract health and lutein eye health<br>\n- For women of ages 50 and beyond<br>\n- Maintains overall health. stamina, immunity and hormonal<br>\nReload Women's 50+ provides the same key nutrients, antioxidants and whole food ingredient found in Reload for women, but in amounts that address the increased needs of women over 50 to maintain overall health, stamina, immunity and hormonal balance. Based on proprietary whole food blend,It provides A-Z nutrition designed for optimal female health.</p>",,,none,,1,,,0,0,0,,,,1,,,15840,Vitamins,"featured product, healthplus, multivitamins, reload, supplements, vitamins",,https://eutawpharmacycare.com/wp-content/uploads/2026/04/Reload_20Women_2050_2B_20Formula_20x30_3084c2d4-011d-4a8e-a815-71335dcf2852.png,,,,,,,,,0,"Pharmacy Plus","Reload Women 50+ Formula Multivitamins x30","Reload Women 50+ Formula Multivitamins x30",1,0
23161,"simple, virtual",,,Product,-1,0,visible,,,,,taxable,,1,,,0,0,,,,,1,,,,Uncategorized,,,,,,,,,,,,0,,,,,
23163,simple,SKU-SKU-NG-93225,,"Reload Men 50+ Formula Multivitamins x30",1,0,visible,,"<p>Reload Men 50+ Formula Multivitamins x30 is a daily supplement designed to support the health and vitality of men aged 50+. It combines essential vitamins and minerals with antioxidants to support energy, immunity, eye health, and prostate health. Each pack contains 30 tablets for convenient once-daily nutritional support.</p>",,,none,,1,,,0,0,0,,,,1,,,15680,Vitamins,"healthplus, multivitamins, otc, reload, supplements, vitamins",,https://eutawpharmacycare.com/wp-content/uploads/2026/04/online-pharmacy-product-image-placeholder_3ba6ac33-f98a-48ab-93bf-2728758a0823.png,,,,,,,,,0,"HealthPlus Pharmacy","Reload Men 50+ Formula Multivitamins x30","Reload Men 50+ Formula Multivitamins x30",1,0
23164,"simple, virtual",,,Product,-1,0,visible,,,,,taxable,,1,,,0,0,,,,,1,,,,Uncategorized,,,,,,,,,,,,0,,,,,
23166,simple,SKU-SKU-NG-91348,,"Trojan BareSkin Lubricated Premium Latex Condoms x3",1,0,visible,,"<p>- 50% thinner than our standard latex condoms<br>\n- Silky smooth lubricant for comfort and sensitivity<br>\n- Special reservoir end for extra safety</p>",,,none,,1,,,0,0,0,,,,1,,,8320,"Sexual Health","condoms, contraceptives, family planning, healthplus, trojan",,https://eutawpharmacycare.com/wp-content/uploads/2026/04/22785172-1_139882cc-53c2-48e4-a755-f0b210b8b915.jpg,,,,,,,,,0,Trojan,"Trojan BareSkin Lubricated Premium Latex Condoms x3","Trojan BareSkin Lubricated Premium Latex Condoms x3",1,0
23167,"simple, virtual",,,Product,-1,0,visible,,,,,taxable,,1,,,0,0,,,,,1,,,,Uncategorized,,,,,,,,,,,,0,,,,,
23169,simple,SKU-114726,,"Em-Vit-C Vitamin C 100/5ml Syrup x1",1,0,visible,,"<p>Em-Vit-C Vitamin C offers antioxidant protection, supports immune function, and promotes healthy skin and collagen production. Ideal for maintaining overall health and enhancing iron absorption.</p>",,,none,,1,,,0,0,0,,,,1,,,1420,Supplements,"emzor, healthplus, otc, top brand, vitamin c, vitamins",,https://eutawpharmacycare.com/wp-content/uploads/2026/04/Em-Vit-C_20Vitamin_20C_20100-5ml_20Syrup_20x1_515e544c-0054-45bb-90cd-922b0059f532.png,,,,,,,,,0,"HealthPlus Pharmacy","Em-Vit-C Vitamin C 100/5ml Syrup x1","Em-Vit-C Vitamin C 100/5ml Syrup x1",1,0
23170,"simple, virtual",,,Product,-1,0,visible,,,,,taxable,,1,,,0,0,,,,,1,,,,Uncategorized,,,,,,,,,,,,0,,,,,
23172,simple,SKU-SKU-NG-85469,,"Em-Vit-C Vitamin C Chewable Tablets 100mg x 100",1,0,visible,,"<p>- To prevent or treat low levels of vitamin C in persons who do not get sufficient from food<br>\n- Helps maintain the health of skin, cartilage,teeth, bone, and blood vessels<br>\n- An antioxidant which serves to protect the body’s cells from damage <br>\n- It is used to treat vitamin C deficiency (scurvy) in adults and children</p>",,,none,,1,,,0,0,0,,,,1,,,1140,Vitamins,"em-vit-c, healthplus, immune support, otc, supplements, vitamin c, vitamins",,https://eutawpharmacycare.com/wp-content/uploads/2026/04/tus1jfnqzo4yu8bhfw5k.png,,,,,,,,,0,Emzor,"Em-Vit-C Vitamin C Chewable Tablets 100mg x 100","Em-Vit-C Vitamin C Chewable Tablets 100mg x 100",1,0
23173,"simple, virtual",,,Product,-1,0,visible,,,,,taxable,,1,,,0,0,,,,,1,,,,Uncategorized,,,,,,,,,,,,0,,,,,
23175,simple,SKU-SKU-NG-85542,,"Glucovance (Metformin/Glibenclamide) 1000/5mg Tablet x30",1,0,visible,,"<p>Glucovance 5/1000mg x30 is a medication available in a 5 mg/1000 mg is used in the management of diabetes mellitus.</p>",,,none,,1,,,0,0,0,,,,1,,,17700,Anti-Diabetes,"diabetes medication, healthplus, merck, others, prescription only",,https://eutawpharmacycare.com/wp-content/uploads/2026/04/Glucovance_205-1000mg_20x30_6ac2064d-9f9b-40cb-af95-1467d349601f.jpg,,,,,,,,,0,"HealthPlus Pharmacy","Glucovance (Metformin/Glibenclamide) 1000/5mg Tablet x30","Glucovance (Metformin/Glibenclamide) 1000/5mg Tablet x30",1,0
23176,"simple, virtual",,,Product,-1,0,visible,,,,,taxable,,1,,,0,0,,,,,1,,,,Uncategorized,,,,,,,,,,,,0,,,,,
23178,simple,SKU-SKU-NG-85912,,"Shooot Condoms Tutti-Fruti X3",1,0,visible,,"<p>Enjoy Safe sex with Shooot's tuttui fruti condoms which contains a variety of banana, coconut and strawberry flavored condoms for maximum fun and protection</p>",,,none,,1,,,0,0,0,,,,1,,,1050,"Sexual Health","condoms, contraceptives, family planning, healthplus, otc, shooot",,https://eutawpharmacycare.com/wp-content/uploads/2026/04/Shooot_20Condoms_20_20Tutti-Fruti_20X3_c1b0295f-0f4d-4750-a13b-e22676502eb5.jpg,,,,,,,,,0,Shooot,"Shooot Condoms Tutti-Fruti X3","Shooot Condoms Tutti-Fruti X3",1,0
23179,"simple, virtual",,,Product,-1,0,visible,,,,,taxable,,1,,,0,0,,,,,1,,,,Uncategorized,,,,,,,,,,,,0,,,,,
23181,simple,SKU-SKU-NG-85911,,"Shooot Condoms Dotted x3",1,0,visible,,"<p>- Lubricated with non-spermicidal lubricant, shaped for easy wear to provide a better fit and sensation</p>",,,none,,1,,,0,0,0,,,,1,,,780,"Sexual Health","condoms, contraceptives, family planning, healthplus, otc, shooot",,https://eutawpharmacycare.com/wp-content/uploads/2026/04/Shooot_20Condoms_20Dotted_20x3_febb29aa-4d34-4afa-b569-2197f58274e2.jpg,,,,,,,,,0,"HealthPlus Pharmacy","Shooot Condoms Dotted x3","Shooot Condoms Dotted x3",1,0
23182,"simple, virtual",,,Product,-1,0,visible,,,,,taxable,,1,,,0,0,,,,,1,,,,Uncategorized,,,,,,,,,,,,0,,,,,
23184,simple,SKU-SKU-NG-91558,,"Malarone Tablet 250Mg/100 X12",1,0,visible,,"<p>Malarone combines Atovaquone and Proguanil Hydrochloride is prescribed for preventing  uncomplicated malaria.</p>",,,none,,1,,,0,0,0,,,,1,,,108340,Malaria,"glaxosmithkline, healthplus, malaria prevention, malaria treatment, otc, others",,https://eutawpharmacycare.com/wp-content/uploads/2026/04/Malarone_20250_20mg-100_20mg_20film-coated_20tablets_20-_20_20Atovaquone_20Proguanil_fb538439-e96e-4e44-aa12-e0047e346021.jpg,,,,,,,,,0,"HealthPlus Pharmacy","Malarone Tablet 250Mg/100 X12","Malarone Tablet 250Mg/100 X12",1,0
23185,"simple, virtual",,,Product,-1,0,visible,,,,,taxable,,1,,,0,0,,,,,1,,,,Uncategorized,,,,,,,,,,,,0,,,,,
23187,simple,SKU-SKU-NG-85466,,"Em-Vit-C Vitamin C 15ml Drops",1,0,visible,,"<p>Em-Vit-C Vitamin C 100mg/ml Drops works for the Prevention and treatment of vitamin C deficiency. as well as enhancing immune defence system</p>",,,none,,1,,,0,0,0,,,,1,,,430,Vitamins,"children's health, em-vit-c, healthplus, otc, vitamin c",,https://eutawpharmacycare.com/wp-content/uploads/2026/04/Vitamin_20C_20100Mg_20Ml_20_28Em-Vit-C_29_20Drops_20X1_a535c9fd-cbba-41cd-8111-b64d900d51df.png,,,,,,,,,0,Emzor,"Em-Vit-C Vitamin C 15ml Drops","Em-Vit-C Vitamin C 15ml Drops",1,0
23188,"simple, virtual",,,Product,-1,0,visible,,,,,taxable,,1,,,0,0,,,,,1,,,,Uncategorized,,,,,,,,,,,,0,,,,,
23190,simple,SKU-270302,,"Nature's Field Omegol Plus 1000mg x100",1,0,visible,,"<p>- Helps to reduce chronic inflammation<br>\n- Provides the body with its energy needs<br>\n- Improve heart disease risk factors<br>\nAll three essential fatty acids (Omega-3, Omega-6, and Omega-9) present in Nature's Field Omegol Plus are created from natural sources of fish, flax, and borage oils and support cardiovascular health. The heart, brain, and metabolism all benefit from Omega 3 fatty acids. Omega-6 fatty acids provide your body with energy. Omega-9 fats are non-essential fats that are high in monounsaturated fats that help the body respond to inflammation in a healthy way. By supporting blood vessels, a diet rich in Omega-3 fatty acids promotes blood flow to and from the heart.</p>",,,none,,1,,,0,0,0,,,,1,,,23840,Supplements,"fish oils & omegas, healthplus, heart support, nature's field, supplements",,https://eutawpharmacycare.com/wp-content/uploads/2026/04/Nature_27s_20Field_20Omegol_20Plus_20x100_71246aa2-ac51-4e33-a656-1ae70e4e3636.jpg,,,,,,,,,0,Sylken,"Nature's Field Omegol Plus 1000mg x100","Nature's Field Omegol Plus 1000mg x100",1,0
23191,"simple, virtual",,,Product,-1,0,visible,,,,,taxable,,1,,,0,0,,,,,1,,,,Uncategorized,,,,,,,,,,,,0,,,,,
23193,simple,SKU-SKU-NG-93417,,"Zithromax Azithromycin 200mg/5ml Suspension",1,0,visible,,"<p>Azithromycin is an antibiotic used in treatment of bacterial infections</p>",,,none,,1,,,0,0,0,,,,1,,,8750,Infections,"antibiotics, healthplus, others, pfizer, prescription only",,https://eutawpharmacycare.com/wp-content/uploads/2026/04/Zithromax_20200mg-5ml_20X1_74130d25-5b65-4833-88d7-edf51eb0536b.jpg,,,,,,,,,0,"HealthPlus Pharmacy","Zithromax Azithromycin 200mg/5ml Suspension","Zithromax Azithromycin 200mg/5ml Suspension",1,0
23194,"simple, virtual",,,Product,-1,0,visible,,,,,taxable,,1,,,0,0,,,,,1,,,,Uncategorized,,,,,,,,,,,,0,,,,,
23196,simple,SKU-269720,,"Emzolyn Cough Syrup for Children 100ml",1,0,visible,,"<p>- Provides relief from cough and cold symptoms<br>\nEmzolyn Cough Syrup for children is used to treat dry cough and cold symptoms like runny nose, catarrh, and nasal congestion in children.</p>",,,none,,1,,,0,0,0,,,,1,,,780,"Allergies (Cough & Cold)","children's health, emzor, healthplus",,https://eutawpharmacycare.com/wp-content/uploads/2026/04/Emzolyn_20Cough_20Syrup_20for_20Children_207.55mg-5ml_75895586-bfd2-4f45-b372-9b316dfb6ebf.png,,,,,,,,,0,Emzor,"Emzolyn Cough Syrup for Children 100ml","Emzolyn Cough Syrup for Children 100ml",1,0
23197,"simple, virtual",,,Product,-1,0,visible,,,,,taxable,,1,,,0,0,,,,,1,,,,Uncategorized,,,,,,,,,,,,0,,,,,
23199,simple,SKU-345687,,"Gaviscon Advance Mint Chewable Tablet x24",1,0,visible,,"<p>- Dual-action relief from heartburn and indigestion. <br>\n - Neutralizes stomach acid and forms a protective barrier. <br>\n - Fast-acting formula for quick symptom relief. <br>\n - Suitable for long-term digestive support.</p>",,,none,,1,,,0,0,0,,,,1,,,23000,Antacids,"antacids, gaviscon, healthplus, otc",,https://eutawpharmacycare.com/wp-content/uploads/2026/04/Gaviscon_20Advance_20Mint_20Chewable_20Tablet_20x24_382e91e6-bd60-4013-a3b7-8e14193b69b5.png,,,,,,,,,0,"HealthPlus Pharmacy","Gaviscon Advance Mint Chewable Tablet x24","Gaviscon Advance Mint Chewable Tablet x24",1,0
23200,"simple, virtual",,,Product,-1,0,visible,,,,,taxable,,1,,,0,0,,,,,1,,,,Uncategorized,,,,,,,,,,,,0,,,,,
23202,simple,SKU-SKU-NG-85576,,"Imodium by Janssen 2mg Capsule x6",1,0,visible,,"<p>- Provides fast relief from acute diarrhea.</p>",,,none,,1,,,0,0,0,,,,1,,,12000,"Digestive Care","antidiarrheal, digestive care, healthplus, imodium, otc",,https://eutawpharmacycare.com/wp-content/uploads/2026/04/Imodium_20by_20Janssen_202mg_20Capsule_20x6_e307198d-666a-435e-a7d8-ec2857eaa911.png,,,,,,,,,0,"HealthPlus Pharmacy","Imodium by Janssen 2mg Capsule x6","Imodium by Janssen 2mg Capsule x6",1,0
